name,company,image,for_gender,rating,number_votes,main accords ,sillage,top notes,middle notes,base notes,longevity,,gender_vote,price value,,,,,,,,seasons,main accords old
Angels' Share,By Kilian,https://fimgs.net/mdimg/perfume/375x500.62615.jpg,for women and men,4.31,682,"woody , sweet , warm spicy , vanilla , cinnamon , amber , powdery , lactonic , aromatic ",moderate,['Cognac'],"['Cinnamon', 'Tonka Bean', 'Oak']","['Praline', 'Vanilla', 'Sandalwood']","{'very weak': 21, 'weak': 17, 'moderate': 107, 'long lasting': 184, 'eternal': 78}",,"{'female': 40, 'more female': 39, 'unisex': 226, 'more male': 51, 'male': 20}","{'way overpriced': 64, 'overpriced': 143, 'ok': 98, 'good value': 27, 'great value': 11}",,,,,,,,winter,"{'woody': 100.0, 'sweet': 92.6987, 'warm spicy': 89.4303, 'vanilla': 78.3058, 'cinnamon': 67.3313, 'amber': 52.084, 'powdery': 46.3568, 'lactonic': 44.7526, 'aromatic': 44.5877}"
My Way,Giorgio Armani,https://fimgs.net/mdimg/perfume/375x500.62036.jpg,for women,3.57,1471,"white floral , citrus , tuberose , animalic ",moderate,"['Orange Blossom', 'Bergamot']","['Tuberose', 'Indian Jasmine']","['White Musk', 'Madagascar Vanilla', 'Virginian Cedar']","{'very weak': 49, 'weak': 84, 'moderate': 200, 'long lasting': 216, 'eternal': 89}",,"{'female': 349, 'more female': 21, 'unisex': 4, 'more male': 0, 'male': 0}","{'way overpriced': 38, 'overpriced': 121, 'ok': 125, 'good value': 26, 'great value': 8}",,,,,,,,spring,"{'white floral': 100.0, 'citrus': 60.4322, 'tuberose': 59.0888, 'animalic': 46.7757}"
Libre Intense,Yves Saint Laurent,https://fimgs.net/mdimg/perfume/375x500.62318.jpg,for women,4.02,858,"vanilla , aromatic , sweet , white floral , lavender , amber , citrus , powdery , floral , fresh spicy ",strong,"['Lavender', 'Mandarin Orange', 'Bergamot']","['Lavender', 'Tunisian Orange Blossom', 'Jasmine Sambac', 'Orchid']","['Madagascar Vanilla', 'Tonka Bean', 'Ambergris', 'Vetiver']","{'very weak': 24, 'weak': 12, 'moderate': 103, 'long lasting': 212, 'eternal': 84}",,"{'female': 162, 'more female': 91, 'unisex': 70, 'more male': 8, 'male': 2}","{'way overpriced': 11, 'overpriced': 59, 'ok': 136, 'good value': 35, 'great value': 6}",,,,,,,,fall,"{'vanilla': 100.0, 'aromatic': 71.4216, 'sweet': 69.9134, 'white floral': 69.338, 'lavender': 69.1826, 'amber': 68.4051, 'citrus': 67.861, 'powdery': 48.7517, 'floral': 48.5651, 'fresh spicy': 47.8188}"
Dior Homme 2020,Christian Dior,https://fimgs.net/mdimg/perfume/375x500.58714.jpg,for men,3.42,1402,"woody , musky , amber , aromatic ",moderate,"['Bergamot', 'Pink Pepper', 'elemi']","['Cashmere Wood', 'Atlas Cedar', 'Patchouli']","['Iso E Super', 'Haitian Vetiver', 'White Musk']","{'very weak': 125, 'weak': 83, 'moderate': 174, 'long lasting': 288, 'eternal': 77}",,"{'female': 3, 'more female': 1, 'unisex': 17, 'more male': 56, 'male': 199}","{'way overpriced': 31, 'overpriced': 59, 'ok': 134, 'good value': 33, 'great value': 3}",,,,,,,,spring and fall,"{'woody': 100.0, 'musky': 72.7229, 'amber': 53.4101, 'aromatic': 51.5617}"
Acqua di Giò Profondo,Giorgio Armani,https://fimgs.net/mdimg/perfume/375x500.59532.jpg,for men,4.03,869,"aromatic , marine , citrus , fresh spicy , woody , fresh , mineral , musky , salty , patchouli ",moderate,"['Sea Notes', 'Aquozone', 'Bergamot', 'Green Mandarin']","['Rosemary', 'Cypress', 'Lavender', 'Mastic or Lentisque']","['Mineral notes', 'Musk', 'Patchouli', 'Amber']","{'very weak': 59, 'weak': 66, 'moderate': 188, 'long lasting': 221, 'eternal': 35}",,"{'female': 3, 'more female': 0, 'unisex': 5, 'more male': 71, 'male': 151}","{'way overpriced': 32, 'overpriced': 84, 'ok': 80, 'good value': 21, 'great value': 4}",,,,,,,,spring,"{'aromatic': 100.0, 'marine': 93.2493, 'citrus': 79.7199, 'fresh spicy': 68.3193, 'woody': 67.7451, 'fresh': 62.493, 'mineral': 58.0112, 'musky': 45.126, 'salty': 44.902, 'patchouli': 44.4258}"
Le Male Le Parfum,Jean Paul Gaultier,https://fimgs.net/mdimg/perfume/375x500.61856.jpg,for men,4.26,690,"warm spicy , vanilla , aromatic , lavender , amber , powdery , iris , woody ",moderate,['Cardamom'],"['Lavender', 'iris']","['Vanilla', 'Oriental notes', 'Woodsy Notes']","{'very weak': 18, 'weak': 31, 'moderate': 129, 'long lasting': 252, 'eternal': 77}",,"{'female': 3, 'more female': 2, 'unisex': 39, 'more male': 132, 'male': 154}","{'way overpriced': 13, 'overpriced': 46, 'ok': 154, 'good value': 70, 'great value': 7}",,,,,,,,winter,"{'warm spicy': 100.0, 'vanilla': 72.2173, 'aromatic': 60.6231, 'lavender': 58.2483, 'amber': 58.2173, 'powdery': 56.8204, 'iris': 53.592, 'woody': 53.3437}"
Beau De Jour Eau de Parfum,Tom Ford,https://fimgs.net/mdimg/perfume/375x500.59064.jpg,for men,4.25,729,"aromatic , fresh spicy , lavender , woody , patchouli , green , earthy , mossy , amber , herbal ",strong,"['Lavender Extract', 'Lavender']","['Rosemary', 'Oakmoss', 'Mint', 'Basil', 'Geranium']","['Patchouli', 'Amber']","{'very weak': 30, 'weak': 19, 'moderate': 88, 'long lasting': 203, 'eternal': 59}",,"{'female': 1, 'more female': 0, 'unisex': 15, 'more male': 25, 'male': 145}","{'way overpriced': 14, 'overpriced': 52, 'ok': 83, 'good value': 20, 'great value': 4}",,,,,,,,spring,"{'aromatic': 100.0, 'fresh spicy': 94.7562, 'lavender': 68.1606, 'woody': 62.7869, 'patchouli': 56.0894, 'green': 56.0375, 'earthy': 54.0645, 'mossy': 49.4697, 'amber': 49.0803, 'herbal': 48.1717}"
Angel Nova,Mugler,https://fimgs.net/mdimg/perfume/375x500.61519.jpg,for women,3.54,814,"fruity , rose , sweet , oud , woody , tropical , warm spicy , amber , fresh ",strong,"['Raspberry', 'Litchi']",['Damask Rose'],"['Akigalawood', 'Benzoin']","{'very weak': 29, 'weak': 36, 'moderate': 112, 'long lasting': 153, 'eternal': 74}",,"{'female': 184, 'more female': 26, 'unisex': 9, 'more male': 4, 'male': 1}","{'way overpriced': 10, 'overpriced': 41, 'ok': 107, 'good value': 20, 'great value': 14}",,,,,,,,spring,"{'fruity': 100.0, 'rose': 65.8115, 'sweet': 61.6736, 'oud': 57.181, 'woody': 54.1609, 'tropical': 51.216, 'warm spicy': 49.3889, 'amber': 44.6169, 'fresh': 44.144}"
L'Interdit Eau de Parfum Intense,Givenchy,https://fimgs.net/mdimg/perfume/375x500.62491.jpg,for women,4.08,596,"white floral , vanilla , tuberose , patchouli , woody , aromatic , warm spicy , fresh spicy , earthy , animalic ",moderate,['Black Pepper'],"['Tuberose', 'Sesame', 'Orange Blossom']","['Madagascar Vanilla', 'Patchouli', 'Vetiver']","{'very weak': 14, 'weak': 19, 'moderate': 65, 'long lasting': 134, 'eternal': 49}",,"{'female': 122, 'more female': 24, 'unisex': 21, 'more male': 2, 'male': 1}","{'way overpriced': 10, 'overpriced': 26, 'ok': 77, 'good value': 21, 'great value': 6}",,,,,,,,winter,"{'white floral': 100.0, 'vanilla': 83.8462, 'tuberose': 77.9933, 'patchouli': 60.6689, 'woody': 60.2007, 'aromatic': 57.0636, 'warm spicy': 54.9799, 'fresh spicy': 54.1137, 'earthy': 52.3813, 'animalic': 50.7191}"
L'Homme Idéal Extrême,Guerlain,https://fimgs.net/mdimg/perfume/375x500.60284.jpg,for men,4.38,434,"fruity , sweet , almond , tobacco , leather , nutty , warm spicy , cinnamon , woody , powdery ",moderate,"['Almond', 'Pink Pepper', 'Bergamot']","['Plum', 'Cinnamon', 'Heliotrope']","['Tobacco', 'Leather', 'Patchouli', 'Cedar']","{'very weak': 19, 'weak': 33, 'moderate': 87, 'long lasting': 127, 'eternal': 45}",,"{'female': 6, 'more female': 1, 'unisex': 16, 'more male': 77, 'male': 85}","{'way overpriced': 5, 'overpriced': 25, 'ok': 76, 'good value': 57, 'great value': 6}",,,,,,,,winter and fall,"{'fruity': 100.0, 'sweet': 92.2085, 'almond': 90.6687, 'tobacco': 69.4193, 'leather': 66.6476, 'nutty': 60.4884, 'warm spicy': 60.1804, 'cinnamon': 57.7167, 'woody': 52.3889, 'powdery': 49.1861}"
Bitter Peach,Tom Ford,https://fimgs.net/mdimg/perfume/375x500.62707.jpg,for women and men,3.54,429,"woody , warm spicy , fruity , amber , powdery , sweet , vanilla , balsamic , citrus , aromatic ",moderate,"['Peach', 'Blood Orange', 'Cardamom', 'Heliotrope']","['Rum', 'Cognac', 'Davana', 'Jasmine']","['Indonesian Patchouli Leaf', 'Sandalwood', 'Vanilla', 'Tonka Bean', 'Cashmeran', 'Benzoin', 'Labdanum', 'Styrax', 'Vetiver']","{'very weak': 18, 'weak': 33, 'moderate': 70, 'long lasting': 94, 'eternal': 46}",,"{'female': 68, 'more female': 51, 'unisex': 58, 'more male': 4, 'male': 3}","{'way overpriced': 115, 'overpriced': 52, 'ok': 20, 'good value': 9, 'great value': 5}",,,,,,,,fall,"{'woody': 100.0, 'warm spicy': 77.6476, 'fruity': 73.896, 'amber': 72.1213, 'powdery': 66.5725, 'sweet': 65.2696, 'vanilla': 63.8767, 'balsamic': 56.8453, 'citrus': 56.2837, 'aromatic': 56.1265}"
Narciso Eau de Parfum Ambrée,Narciso Rodriguez,https://fimgs.net/mdimg/perfume/375x500.60867.jpg,for women,3.84,750,"musky , powdery , woody , floral , amber , yellow floral , tropical , white floral , sweet , vanilla ",moderate,"['Frangipani', 'Ylang-Ylang', 'White Flowers']","['Musk', 'Amber']","['Cashmeran', 'Vanilla', 'Cedar']","{'very weak': 28, 'weak': 57, 'moderate': 122, 'long lasting': 62, 'eternal': 44}",,"{'female': 110, 'more female': 15, 'unisex': 3, 'more male': 0, 'male': 0}","{'way overpriced': 6, 'overpriced': 21, 'ok': 67, 'good value': 15, 'great value': 2}",,,,,,,,fall,"{'musky': 100.0, 'powdery': 87.407, 'woody': 86.9365, 'floral': 86.5426, 'amber': 74.5952, 'yellow floral': 72.4508, 'tropical': 71.8381, 'white floral': 63.2604, 'sweet': 60.4814, 'vanilla': 52.5383}"
La Nuit Tresor Nude,Lancome,https://fimgs.net/mdimg/perfume/375x500.58825.jpg,for women,4.05,583,"vanilla , coconut , sweet , citrus , rose , lactonic , powdery , tropical ",moderate,['Bergamot'],['Rose'],"['Coconut', 'Vanila']","{'very weak': 31, 'weak': 22, 'moderate': 112, 'long lasting': 81, 'eternal': 34}",,"{'female': 109, 'more female': 7, 'unisex': 1, 'more male': 0, 'male': 0}","{'way overpriced': 7, 'overpriced': 23, 'ok': 68, 'good value': 12, 'great value': 4}",,,,,,,,spring,"{'vanilla': 100.0, 'coconut': 85.9852, 'sweet': 63.035, 'citrus': 52.0233, 'rose': 51.5042, 'lactonic': 49.5948, 'powdery': 48.0561, 'tropical': 46.7956}"
The Only One Eau de Parfum Intense,Dolce&Gabbana,https://fimgs.net/mdimg/perfume/375x500.59312.jpg,for women,4.12,562,"white floral , vanilla , woody , citrus , coconut , sweet , fresh ",moderate,"['Neroli', 'Green Apple', 'Italian Mandarin']","['Jasmine', 'Coconut', 'Orange Blossom']","['Vanilla', 'Cashmere Wood', 'Cedar']","{'very weak': 20, 'weak': 24, 'moderate': 89, 'long lasting': 96, 'eternal': 39}",,"{'female': 106, 'more female': 27, 'unisex': 11, 'more male': 5, 'male': 2}","{'way overpriced': 5, 'overpriced': 17, 'ok': 74, 'good value': 19, 'great value': 6}",,,,,,,,fall,"{'white floral': 100.0, 'vanilla': 75.2123, 'woody': 65.9461, 'citrus': 64.2808, 'coconut': 59.2466, 'sweet': 57.7603, 'fresh': 45.8858}"
Black Orchid Parfum,Tom Ford,https://fimgs.net/mdimg/perfume/375x500.62199.jpg,for women and men,4.26,452,"earthy , sweet , woody , yellow floral , fruity , patchouli , rum , floral , warm spicy , animalic ",enormous,"['Truffle', 'Plum']","['Ylang-Ylang', 'Rum', 'Black Orchid']",['Patchouli'],"{'very weak': 17, 'weak': 10, 'moderate': 25, 'long lasting': 106, 'eternal': 115}",,"{'female': 17, 'more female': 40, 'unisex': 110, 'more male': 8, 'male': 6}","{'way overpriced': 17, 'overpriced': 42, 'ok': 52, 'good value': 14, 'great value': 12}",,,,,,,,winter,"{'earthy': 100.0, 'sweet': 98.1833, 'woody': 90.1842, 'yellow floral': 80.6907, 'fruity': 72.7794, 'patchouli': 72.4864, 'rum': 68.4429, 'floral': 64.1942, 'warm spicy': 60.8539, 'animalic': 47.6685}"
La Vie Est Belle Intensément,Lancome,https://fimgs.net/mdimg/perfume/375x500.59326.jpg,for women,4.04,693,"vanilla , powdery , sweet , fruity , woody , white floral , warm spicy , amber , iris , balsamic ",strong,"['Raspberry', 'Pink Pepper', 'Bergamot']","['Heliotrope', 'Jasmine Sambac', 'Orange Blossom']","['Vanilla', 'iris', 'Benzoin', 'Sandalwood', 'Patchouli']","{'very weak': 22, 'weak': 26, 'moderate': 84, 'long lasting': 124, 'eternal': 68}",,"{'female': 123, 'more female': 8, 'unisex': 2, 'more male': 0, 'male': 1}","{'way overpriced': 4, 'overpriced': 28, 'ok': 70, 'good value': 14, 'great value': 9}",,,,,,,,fall,"{'vanilla': 100.0, 'powdery': 87.6849, 'sweet': 77.2545, 'fruity': 74.5487, 'woody': 59.1565, 'white floral': 57.4146, 'warm spicy': 55.4584, 'amber': 54.9872, 'iris': 54.9872, 'balsamic': 48.5334}"
Miss Dior Rose N'Roses,Christian Dior,https://fimgs.net/mdimg/perfume/375x500.58562.jpg,for women,3.59,905,"rose , musky , fresh spicy , citrus , aromatic , powdery , floral ",moderate,"['Geranium', 'Bergamot', 'Italian Mandarin']","['Grasse Rose', 'Damask Rose']",['White Musk'],"{'very weak': 41, 'weak': 48, 'moderate': 120, 'long lasting': 49, 'eternal': 35}",,"{'female': 103, 'more female': 5, 'unisex': 6, 'more male': 0, 'male': 0}","{'way overpriced': 12, 'overpriced': 33, 'ok': 38, 'good value': 5, 'great value': 4}",,,,,,,,spring,"{'rose': 100.0, 'musky': 73.75, 'fresh spicy': 70.5, 'citrus': 64.1875, 'aromatic': 60.8, 'powdery': 53.475, 'floral': 48.525}"
1 Million Parfum,Paco Rabanne,https://fimgs.net/mdimg/perfume/375x500.60035.jpg,for men,3.9,561,"white floral , amber , tuberose , animalic , woody , salty , tropical , leather , musky , coconut ",strong,[],"['Tuberose', 'Monoi Oil', 'Salt', 'Ambergris', 'Solar notes', 'Leather', 'Cashmeran', 'Pine', 'Labdanum']",[],"{'very weak': 20, 'weak': 23, 'moderate': 61, 'long lasting': 183, 'eternal': 124}",,"{'female': 2, 'more female': 7, 'unisex': 70, 'more male': 58, 'male': 55}","{'way overpriced': 8, 'overpriced': 29, 'ok': 82, 'good value': 32, 'great value': 4}",,,,,,,,fall,"{'white floral': 100.0, 'amber': 93.1877, 'tuberose': 86.0741, 'animalic': 80.7216, 'woody': 71.7312, 'salty': 61.9762, 'tropical': 58.7322, 'leather': 56.6468, 'musky': 51.9431, 'coconut': 51.5492}"
Voce Viva,Valentino,https://fimgs.net/mdimg/perfume/375x500.62754.jpg,for women,3.38,666,"citrus , white floral , vanilla , sweet , powdery , warm spicy , musky , aromatic ",moderate,"['Mandarin Orange', 'Bergamot', 'Ginger']","['Orange Blossom', 'Gardenia']","['Vanilla', 'Tonka Bean', 'Musk', 'Sandalwood', 'Oakmoss']","{'very weak': 29, 'weak': 37, 'moderate': 129, 'long lasting': 54, 'eternal': 25}",,"{'female': 180, 'more female': 15, 'unisex': 8, 'more male': 1, 'male': 1}","{'way overpriced': 39, 'overpriced': 70, 'ok': 59, 'good value': 16, 'great value': 5}",,,,,,,,spring,"{'citrus': 100.0, 'white floral': 86.0863, 'vanilla': 83.8367, 'sweet': 61.7103, 'powdery': 55.47, 'warm spicy': 53.436, 'musky': 45.1002, 'aromatic': 44.3605}"
Le Lion de Chanel,Chanel,https://fimgs.net/mdimg/perfume/375x500.61036.jpg,for women and men,4.19,297,"amber , woody , musky , powdery , citrus , vanilla , balsamic , patchouli , warm spicy ",strong,"['Lemon', 'Bergamot']","['Labdanum', 'Amber']","['Madagascar Vanilla', 'Patchouli', 'Sandalwood', 'Musk']","{'very weak': 12, 'weak': 8, 'moderate': 27, 'long lasting': 104, 'eternal': 48}",,"{'female': 10, 'more female': 10, 'unisex': 102, 'more male': 32, 'male': 18}","{'way overpriced': 15, 'overpriced': 41, 'ok': 69, 'good value': 10, 'great value': 4}",,,,,,,,winter,"{'amber': 100.0, 'woody': 72.5709, 'musky': 63.5603, 'powdery': 61.016, 'citrus': 56.0638, 'vanilla': 51.5957, 'balsamic': 50.2181, 'patchouli': 48.8653, 'warm spicy': 46.8794}"
Irresistible Givenchy,Givenchy,https://fimgs.net/mdimg/perfume/375x500.60891.jpg,for women,3.59,651,"musky , fruity , rose , powdery , floral , sweet , iris , aquatic , woody , fresh ",moderate,"['Pear', 'Ambrette (Musk Mallow)']","['Rose', 'iris']","['Musk', 'Virginia Cedar']","{'very weak': 30, 'weak': 38, 'moderate': 90, 'long lasting': 70, 'eternal': 35}",,"{'female': 130, 'more female': 4, 'unisex': 3, 'more male': 0, 'male': 0}","{'way overpriced': 8, 'overpriced': 43, 'ok': 52, 'good value': 11, 'great value': 3}",,,,,,,,spring,"{'musky': 100.0, 'fruity': 79.7845, 'rose': 75.9549, 'powdery': 71.2666, 'floral': 68.5975, 'sweet': 67.2745, 'iris': 59.4761, 'aquatic': 56.5517, 'woody': 51.6777, 'fresh': 49.9138}"
Rose Prick,Tom Ford,https://fimgs.net/mdimg/perfume/375x500.58781.jpg,for women and men,3.56,518,"warm spicy , rose , patchouli , fresh spicy , earthy , woody , citrus , vanilla , floral , herbal ",moderate,"['Sichuan Pepper', 'Turmeric']","['May Rose', 'Bulgarian Rose', 'Turkish Rose']","['Patchouli', 'Tonka Bean']","{'very weak': 22, 'weak': 31, 'moderate': 69, 'long lasting': 65, 'eternal': 44}",,"{'female': 34, 'more female': 19, 'unisex': 35, 'more male': 3, 'male': 2}","{'way overpriced': 49, 'overpriced': 22, 'ok': 9, 'good value': 0, 'great value': 2}",,,,,,,,fall,"{'warm spicy': 100.0, 'rose': 91.6477, 'patchouli': 72.2585, 'fresh spicy': 68.4801, 'earthy': 59.6555, 'woody': 55.3551, 'citrus': 54.4602, 'vanilla': 52.2727, 'floral': 48.4943, 'herbal': 47.1023}"
So Scandal!,Jean Paul Gaultier,https://fimgs.net/mdimg/perfume/375x500.60942.jpg,for women,3.88,415,"white floral , fruity , sweet , tuberose , lactonic , animalic ",strong,[],"['Raspberry', 'Tuberose', 'Milk', 'Jasmine Sambac', 'Orange Blossom']",[],"{'very weak': 15, 'weak': 23, 'moderate': 59, 'long lasting': 88, 'eternal': 32}",,"{'female': 79, 'more female': 4, 'unisex': 2, 'more male': 0, 'male': 3}","{'way overpriced': 3, 'overpriced': 22, 'ok': 38, 'good value': 14, 'great value': 4}",,,,,,,,spring and fall,"{'white floral': 100.0, 'fruity': 69.8104, 'sweet': 66.2214, 'tuberose': 66.0405, 'lactonic': 50.629, 'animalic': 45.9016}"
Idôle L'Intense,Lancome,https://fimgs.net/mdimg/perfume/375x500.62333.jpg,for women,3.79,408,"woody , rose , musky , floral , white floral , citrus , powdery , patchouli , vanilla , balsamic ",strong,"['Bitter Orange', 'Mandarin Orange']","['Turkish Rose', 'Grasse Rose', 'Egyptian Jasmine', 'Jasmine Sambac', 'Jasmine', 'Musk']","['Acácia', 'Cashmere Wood', 'Patchouli', 'Madagascar Vanilla', 'Cedar', 'Sandalwood']","{'very weak': 10, 'weak': 13, 'moderate': 65, 'long lasting': 91, 'eternal': 33}",,"{'female': 129, 'more female': 10, 'unisex': 5, 'more male': 2, 'male': 0}","{'way overpriced': 11, 'overpriced': 29, 'ok': 68, 'good value': 9, 'great value': 2}",,,,,,,,fall,"{'woody': 100.0, 'rose': 87.0767, 'musky': 85.7795, 'floral': 85.066, 'white floral': 75.4019, 'citrus': 72.7427, 'powdery': 71.186, 'patchouli': 54.971, 'vanilla': 52.0523, 'balsamic': 51.7605}"
Pasha de Cartier Parfum,Cartier,https://fimgs.net/mdimg/perfume/375x500.59418.jpg,for men,4.44,339,"woody , amber , warm spicy , balsamic , aromatic , vanilla , alcohol , fresh spicy , patchouli ",strong,[],"['Sandalwood', 'Liquor', 'Balsam Fir', 'Tonka Bean', 'Benzoin', 'Ambrocenide', 'Indonesian Patchouli Leaf', 'Labdanum']",[],"{'very weak': 12, 'weak': 12, 'moderate': 33, 'long lasting': 128, 'eternal': 45}",,"{'female': 2, 'more female': 1, 'unisex': 11, 'more male': 43, 'male': 74}","{'way overpriced': 1, 'overpriced': 13, 'ok': 46, 'good value': 44, 'great value': 10}",,,,,,,,winter and fall,"{'woody': 100.0, 'amber': 89.0155, 'warm spicy': 60.688, 'balsamic': 52.5211, 'aromatic': 52.2736, 'vanilla': 49.5227, 'alcohol': 47.7237, 'fresh spicy': 46.2578, 'patchouli': 45.0394}"
Eros Eau De Parfum,Versace,https://fimgs.net/mdimg/perfume/375x500.62762.jpg,for men,4.18,266,"aromatic , citrus , green , woody , vanilla , fresh spicy , amber , fruity , powdery , leather ",strong,"['Mint', 'Candy Apple', 'Lemon', 'Mandarin Orange']","['Ambroxan', 'Geranium', 'Clary Sage']","['Vanilla', 'Leather', 'Sandalwood', 'Cedar', 'Bitter Orange', 'Patchouli']","{'very weak': 21, 'weak': 13, 'moderate': 36, 'long lasting': 111, 'eternal': 33}",,"{'female': 0, 'more female': 1, 'unisex': 8, 'more male': 32, 'male': 85}","{'way overpriced': 7, 'overpriced': 18, 'ok': 61, 'good value': 26, 'great value': 8}",,,,,,,,spring,"{'aromatic': 100.0, 'citrus': 93.2746, 'green': 79.2069, 'woody': 78.3314, 'vanilla': 74.1728, 'fresh spicy': 70.631, 'amber': 59.4485, 'fruity': 58.4536, 'powdery': 56.8618, 'leather': 52.6038}"
Nomade Absolu de Parfum,Chloé,https://fimgs.net/mdimg/perfume/375x500.58424.jpg,for women,4.01,466,"mossy , woody , fruity , aromatic , earthy , powdery , green , musky , sweet , balsamic ",moderate,['Mirabelle'],"['Oakmoss', 'Davana']","['Sandalwood', 'Musk']","{'very weak': 17, 'weak': 23, 'moderate': 62, 'long lasting': 62, 'eternal': 28}",,"{'female': 33, 'more female': 15, 'unisex': 16, 'more male': 3, 'male': 1}","{'way overpriced': 1, 'overpriced': 8, 'ok': 29, 'good value': 14, 'great value': 4}",,,,,,,,fall,"{'mossy': 100.0, 'woody': 95.625, 'fruity': 80.5312, 'aromatic': 80.1375, 'earthy': 79.0, 'powdery': 70.9063, 'green': 70.6, 'musky': 67.1875, 'sweet': 62.5938, 'balsamic': 59.225}"
Interlude Black Iris Man,Amouage,https://fimgs.net/mdimg/perfume/375x500.60929.jpg,for men,4.22,332,"amber , woody , iris , powdery , fresh spicy , warm spicy , leather , oud , aromatic , balsamic ",enormous,"['Violet Leaf', 'Rosemary', 'Bergamot']","['Orris', 'Olibanum', 'Myrhh', 'Vanilla', 'Labdanum', 'Amber']","['Leather', 'Agarwood (Oud)', 'Sandalwood', 'Patchouli', 'Cedar']","{'very weak': 13, 'weak': 10, 'moderate': 25, 'long lasting': 72, 'eternal': 104}",,"{'female': 3, 'more female': 0, 'unisex': 14, 'more male': 31, 'male': 58}","{'way overpriced': 20, 'overpriced': 24, 'ok': 31, 'good value': 9, 'great value': 8}",,,,,,,,winter,"{'amber': 100.0, 'woody': 73.5617, 'iris': 64.6343, 'powdery': 63.0854, 'fresh spicy': 59.7941, 'warm spicy': 56.5243, 'leather': 56.2446, 'oud': 52.3724, 'aromatic': 52.0713, 'balsamic': 51.4754}"
J'Adore Infinissime,Christian Dior,https://fimgs.net/mdimg/perfume/375x500.62638.jpg,for women,3.85,380,"white floral , tuberose , yellow floral , woody , sweet ",moderate,"['Blood Orange', 'Bergamot', 'Pink Pepper']","['Tuberose', 'Jasmine Sambac', 'Ylang-Ylang', 'Lily-of-the-Valley', 'Rose']",['Sandalwood'],"{'very weak': 23, 'weak': 22, 'moderate': 62, 'long lasting': 47, 'eternal': 17}",,"{'female': 99, 'more female': 7, 'unisex': 5, 'more male': 1, 'male': 2}","{'way overpriced': 16, 'overpriced': 45, 'ok': 24, 'good value': 8, 'great value': 0}",,,,,,,,summer,"{'white floral': 100.0, 'tuberose': 70.9471, 'yellow floral': 55.1532, 'woody': 54.1393, 'sweet': 44.273}"
Angel Eau Croisière 2020,Mugler,https://fimgs.net/mdimg/perfume/375x500.58960.jpg,for women,4.22,375,"sweet , fruity , woody , patchouli , floral , vanilla , lactonic , warm spicy ",moderate,[],"['Fig Nectar', 'Praline', 'Patchouli', 'Magnolia', 'Vanilla']",[],"{'very weak': 19, 'weak': 25, 'moderate': 81, 'long lasting': 33, 'eternal': 31}",,"{'female': 34, 'more female': 16, 'unisex': 10, 'more male': 0, 'male': 1}","{'way overpriced': 1, 'overpriced': 6, 'ok': 30, 'good value': 16, 'great value': 2}",,,,,,,,summer,"{'sweet': 100.0, 'fruity': 79.8637, 'woody': 65.1934, 'patchouli': 58.361, 'floral': 57.8453, 'vanilla': 55.7827, 'lactonic': 45.7687, 'warm spicy': 44.1805}"
R.E.M.,Ariana Grande,https://fimgs.net/mdimg/perfume/375x500.62578.jpg,for women,3.87,348,"sweet , powdery , fruity , caramel , lavender , salty , aromatic ",moderate,"['Zefir', 'Caramel', 'Fig', 'Salt', 'Quince']","['Lavender', 'Pear Blossom']","['Tonka Bean', 'Musk', 'Sandalwood']","{'very weak': 31, 'weak': 43, 'moderate': 101, 'long lasting': 27, 'eternal': 13}",,"{'female': 33, 'more female': 58, 'unisex': 47, 'more male': 7, 'male': 1}","{'way overpriced': 7, 'overpriced': 11, 'ok': 39, 'good value': 53, 'great value': 12}",,,,,,,,fall,"{'sweet': 100.0, 'powdery': 59.1033, 'fruity': 58.1298, 'caramel': 56.2948, 'lavender': 55.9591, 'salty': 44.769800000000004, 'aromatic': 44.132}"
Alahine,Teo Cabanel,https://fimgs.net/mdimg/perfume/375x500.4233.jpg,for women,4.04,526,"amber , woody , warm spicy , powdery , vanilla , yellow floral , sweet , white floral , fresh spicy , balsamic ",moderate,"['Ylang-Ylang', 'Bergamot']","['Pepper', 'Rose', 'Orange Blossom', 'Jasmine']","['Benzoin', 'French labdanum', 'Sandalwood', 'Vanilla', 'iris', 'Patchouli', 'Musk']","{'very weak': 8, 'weak': 14, 'moderate': 39, 'long lasting': 48, 'eternal': 19}",,"{'female': 2, 'more female': 8, 'unisex': 3, 'more male': 0, 'male': 0}","{'way overpriced': 0, 'overpriced': 1, 'ok': 9, 'good value': 1, 'great value': 0}",,,,,,,,fall,"{'amber': 100.0, 'woody': 90.7326, 'warm spicy': 75.7587, 'powdery': 65.563, 'vanilla': 64.4978, 'yellow floral': 61.8044, 'sweet': 58.5326, 'white floral': 56.9348, 'fresh spicy': 56.5544, 'balsamic': 56.5315}"
L’Homme Ideal Eau de Parfum,Guerlain,https://fimgs.net/mdimg/perfume/375x500.37735.jpg,for men,4.37,2956,"sweet , cherry , vanilla , almond , nutty , amber , fruity , warm spicy , leather , smoky ",moderate,"['Almond', 'Spices', 'Lavender', 'Bergamot', 'Rosemary', 'Thyme']","['Cherry', 'Vanilla', 'Incense', 'Bulgarian Rose']","['Tonka Bean', 'Leather', 'Sandalwood']","{'very weak': 74, 'weak': 108, 'moderate': 406, 'long lasting': 778, 'eternal': 198}",,"{'female': 2, 'more female': 9, 'unisex': 113, 'more male': 167, 'male': 115}","{'way overpriced': 4, 'overpriced': 28, 'ok': 190, 'good value': 110, 'great value': 25}",,,,,,,,winter,"{'sweet': 100.0, 'cherry': 92.8321, 'vanilla': 90.4173, 'almond': 90.1364, 'nutty': 76.135, 'amber': 68.2566, 'fruity': 67.9222, 'warm spicy': 65.7349, 'leather': 61.9966, 'smoky': 59.3635}"
Arabie,Serge Lutens,https://fimgs.net/mdimg/perfume/375x500.1005.jpg,for women and men,3.98,2859,"fresh spicy , sweet , fruity , warm spicy , amber , woody , aromatic , balsamic , powdery ",strong,[],"['Dried Fruits', 'Cloves', 'Dates', 'Nutmeg', 'Caraway', 'Bay Leaf', 'Resin', 'Siam Benzoin', 'Myrrh', 'Fig', 'Sandalwood', 'Mandarin Orange', 'Tonka Bean', 'Cedar']",[],"{'very weak': 33, 'weak': 48, 'moderate': 132, 'long lasting': 321, 'eternal': 146}",,"{'female': 2, 'more female': 7, 'unisex': 30, 'more male': 4, 'male': 0}","{'way overpriced': 1, 'overpriced': 7, 'ok': 24, 'good value': 3, 'great value': 2}",,,,,,,,winter,"{'fresh spicy': 100.0, 'sweet': 96.0072, 'fruity': 95.2813, 'warm spicy': 86.4919, 'amber': 79.3545, 'woody': 69.091, 'aromatic': 58.7941, 'balsamic': 48.4936, 'powdery': 44.1378}"
Poison,Christian Dior,https://fimgs.net/mdimg/perfume/375x500.218.jpg,for women,3.95,11866,"fruity , sweet , amber , white floral , woody , warm spicy , balsamic , tuberose , floral , honey ",enormous,"['Plum', 'Wild berries', 'Coriander', 'Anise', 'Brazilian Rosewood']","['Tuberose', 'Incense', 'white honey', 'Cinnamon', 'Opoponax', 'Carnation', 'Jasmine', 'African Orange flower', 'Rose']","['Vanille', 'Amber', 'Sandalwood', 'Musk', 'Heliotrope', 'Vetiver', 'Virginia Cedar']","{'very weak': 78, 'weak': 90, 'moderate': 307, 'long lasting': 800, 'eternal': 1565}",,"{'female': 149, 'more female': 33, 'unisex': 35, 'more male': 2, 'male': 2}","{'way overpriced': 9, 'overpriced': 37, 'ok': 113, 'good value': 32, 'great value': 12}",,,,,,,,winter,"{'fruity': 100.0, 'sweet': 96.4821, 'amber': 92.2035, 'white floral': 86.7026, 'woody': 85.1251, 'warm spicy': 78.9501, 'balsamic': 69.8069, 'tuberose': 69.5822, 'floral': 65.0911, 'honey': 63.3723}"
Levante Intense,Jo Milano Paris,https://fimgs.net/mdimg/perfume/375x500.54421.jpg,for women and men,4.43,7,"citrus , fresh spicy , mossy , white floral , earthy , aromatic , woody ",strong,['Grapefruit'],"['Jasmine', 'Bay Leaf']","['Oakmoss', 'Patchouli']","{'very weak': 0, 'weak': 0, 'moderate': 0, 'long lasting': 6, 'eternal': 1}",,"{'female': 0, 'more female': 0, 'unisex': 0, 'more male': 0, 'male': 1}","{'way overpriced': 0, 'overpriced': 0, 'ok': 1, 'good value': 0, 'great value': 0}",,,,,,,,spring,"{'citrus': 100.0, 'fresh spicy': 76.2, 'mossy': 72.0, 'white floral': 72.0, 'earthy': 65.0, 'aromatic': 55.2, 'woody': 51.0}"
Kate Spade New York,Kate Spade,https://fimgs.net/mdimg/perfume/375x500.64401.jpg,for women,3.88,40,"amber , citrus , fruity , woody , musky , floral , sweet , rose , powdery , fresh spicy ",moderate,"['Wild Strawberry', 'Bergamot', 'Citruses']","['Rose', 'Freesia']","['Ambroxan', 'Cashmeran']","{'very weak': 0, 'weak': 7, 'moderate': 9, 'long lasting': 5, 'eternal': 0}",,"{'female': 19, 'more female': 3, 'unisex': 0, 'more male': 0, 'male': 0}","{'way overpriced': 1, 'overpriced': 3, 'ok': 9, 'good value': 2, 'great value': 1}",,,,,,,,fall,"{'amber': 100.0, 'citrus': 94.717, 'fruity': 92.7359, 'woody': 92.7359, 'musky': 91.7453, 'floral': 76.5566, 'sweet': 73.9151, 'rose': 69.6226, 'powdery': 59.0566, 'fresh spicy': 52.4528}"
La Yuqawam Jasmine Wisp,Rasasi,https://fimgs.net/mdimg/perfume/375x500.44897.jpg,for women,4.2,177,"sweet , fruity , vanilla , tropical , white floral , amber , citrus , fresh , coconut , powdery ",enormous,"['Mandarin Orange', 'Lemon', 'Grapefruit']","['Passionfruit', 'White Flowers', 'Pear', 'Coconut', 'Peach']","['Vanilla', 'Amber', 'Tonka Bean']","{'very weak': 7, 'weak': 3, 'moderate': 18, 'long lasting': 38, 'eternal': 39}",,"{'female': 35, 'more female': 3, 'unisex': 4, 'more male': 0, 'male': 0}","{'way overpriced': 1, 'overpriced': 4, 'ok': 15, 'good value': 11, 'great value': 5}",,,,,,,,spring,"{'sweet': 100.0, 'fruity': 96.9791, 'vanilla': 84.8611, 'tropical': 67.7777, 'white floral': 67.5, 'amber': 61.5972, 'citrus': 58.4722, 'fresh': 57.1528, 'coconut': 57.0833, 'powdery': 47.4653}"
Burberry Her Intense,Burberry,https://fimgs.net/mdimg/perfume/375x500.56761.jpg,for women,3.85,607,"fruity , amber , sweet , warm spicy , fresh ",moderate,"['Red Fruits', 'Blackberry']",['Jasmine'],['Benzoin'],"{'very weak': 28, 'weak': 29, 'moderate': 64, 'long lasting': 120, 'eternal': 40}",,"{'female': 89, 'more female': 17, 'unisex': 9, 'more male': 0, 'male': 0}","{'way overpriced': 5, 'overpriced': 10, 'ok': 52, 'good value': 24, 'great value': 4}",,,,,,,,fall and winter,"{'fruity': 100.0, 'amber': 69.4451, 'sweet': 54.6782, 'warm spicy': 49.7225, 'fresh': 45.2174}"
Oriental Orchid,Rirana Parfume,https://fimgs.net/mdimg/perfume/375x500.60724.jpg,for women and men,4.23,13,"white floral , warm spicy , floral , sweet , chocolate , patchouli , woody , balsamic , powdery , amber ",moderate,[],"['Orchid', 'White Flowers', 'Chocolate', 'Patchouli', 'Incense']",[],"{'very weak': 0, 'weak': 0, 'moderate': 1, 'long lasting': 3, 'eternal': 7}",,"{'female': 0, 'more female': 0, 'unisex': 3, 'more male': 0, 'male': 0}","{'way overpriced': 0, 'overpriced': 0, 'ok': 3, 'good value': 0, 'great value': 0}",,,,,,,,winter and spring,"{'white floral': 100.0, 'warm spicy': 97.2, 'floral': 92.0666, 'sweet': 91.6, 'chocolate': 82.2667, 'patchouli': 76.6667, 'woody': 60.8, 'balsamic': 58.0, 'powdery': 56.6, 'amber': 55.2}"
1 Million Lucky,Paco Rabanne,https://fimgs.net/mdimg/perfume/375x500.48903.jpg,for men,4.22,1584,"woody , sweet , nutty , honey , fruity , ozonic , citrus , amber , floral ",moderate,"['Plum', 'Ozonic notes', 'Grapefruit', 'Bergamot']","['Hazelnut', 'Honey', 'Cedar', 'Cashmere Wood', 'Jasmine', 'Orange Blossom']","['Amberwood', 'Patchouli', 'Oakmoss', 'Vetiver']","{'very weak': 43, 'weak': 61, 'moderate': 241, 'long lasting': 434, 'eternal': 97}",,"{'female': 0, 'more female': 5, 'unisex': 58, 'more male': 93, 'male': 44}","{'way overpriced': 4, 'overpriced': 17, 'ok': 107, 'good value': 43, 'great value': 5}",,,,,,,,winter,"{'woody': 100.0, 'sweet': 83.926, 'nutty': 77.2509, 'honey': 75.4982, 'fruity': 70.6051, 'ozonic': 52.5665, 'citrus': 51.5076, 'amber': 46.5634, 'floral': 45.6724}"
Midnight Fantasy,Britney Spears,https://fimgs.net/mdimg/perfume/375x500.802.jpg,for women,3.97,7337,"sweet , fruity , cherry , vanilla , powdery , nutty , floral , almond ",strong,"['Plum', 'Sour Cherry', 'Raspberry']","['Orchid', 'iris', 'Freesia']","['Vanilla', 'Amber', 'Musk']","{'very weak': 109, 'weak': 181, 'moderate': 609, 'long lasting': 759, 'eternal': 385}",,"{'female': 158, 'more female': 11, 'unisex': 8, 'more male': 0, 'male': 2}","{'way overpriced': 4, 'overpriced': 8, 'ok': 29, 'good value': 59, 'great value': 82}",,,,,,,,winter,"{'sweet': 100.0, 'fruity': 97.0704, 'cherry': 71.5287, 'vanilla': 62.6033, 'powdery': 55.4413, 'nutty': 50.7643, 'floral': 48.8268, 'almond': 46.6115}"
Shock-In-Scent For Women,Police,https://fimgs.net/mdimg/perfume/375x500.53442.jpg,for women,3.95,77,"honey , sweet , almond , amber , white floral , floral , nutty , powdery , fruity , animalic ",enormous,"['Almond', 'Bergamot']","['White Flowers', 'Jasmine', 'Ylang-Ylang']","['Honey', 'Amber', 'Orris Root']","{'very weak': 2, 'weak': 4, 'moderate': 17, 'long lasting': 21, 'eternal': 16}",,"{'female': 23, 'more female': 0, 'unisex': 2, 'more male': 0, 'male': 0}","{'way overpriced': 0, 'overpriced': 0, 'ok': 1, 'good value': 6, 'great value': 19}",,,,,,,,winter,"{'honey': 100.0, 'sweet': 87.0145, 'almond': 72.6087, 'amber': 68.5507, 'white floral': 68.5507, 'floral': 67.8913, 'nutty': 55.5652, 'powdery': 51.3551, 'fruity': 51.3044, 'animalic': 49.8334}"
Fantasy The Nice Remix,Britney Spears,https://fimgs.net/mdimg/perfume/375x500.22960.jpg,for women,4.06,561,"sweet , white floral , fruity , musky , tropical , powdery , fresh ",moderate,[],"['Cupcake', 'Jasmine', 'Kiwi', 'Musk']",[],"{'very weak': 27, 'weak': 21, 'moderate': 67, 'long lasting': 61, 'eternal': 19}",,"{'female': 3, 'more female': 0, 'unisex': 0, 'more male': 0, 'male': 0}","{'way overpriced': 0, 'overpriced': 0, 'ok': 0, 'good value': 0, 'great value': 2}",,,,,,,,spring,"{'sweet': 100.0, 'white floral': 67.6176, 'fruity': 60.7355, 'musky': 59.47, 'tropical': 47.0753, 'powdery': 44.735, 'fresh': 44.0069}"
Cloud,Ariana Grande,https://fimgs.net/mdimg/perfume/375x500.50384.jpg,for women,4.05,2569,"sweet , lactonic , vanilla , coconut ",moderate,"['Lavender', 'Pear', 'Bergamot']","['Whipped cream', 'Praline', 'Coconut', 'Vanilla orchid']","['Musk', 'Woody Notes']","{'very weak': 140, 'weak': 150, 'moderate': 469, 'long lasting': 326, 'eternal': 170}",,"{'female': 284, 'more female': 168, 'unisex': 100, 'more male': 5, 'male': 2}","{'way overpriced': 12, 'overpriced': 28, 'ok': 116, 'good value': 260, 'great value': 117}",,,,,,,,winter,"{'sweet': 100.0, 'lactonic': 65.4038, 'vanilla': 61.4724, 'coconut': 52.6843}"
Lost Cherry,Tom Ford,https://fimgs.net/mdimg/perfume/375x500.51411.jpg,for women and men,4.18,2274,"sweet , almond , cherry , nutty , fruity , vanilla , amber , warm spicy , woody , alcohol ",moderate,"['Sour Cherry', 'Bitter Almond', 'Liquor']","['Sour Cherry', 'Plum', 'Turkish Rose', 'Jasmine Sambac']","['Tonka Bean', 'Vanilla', 'Peru Balsam', 'Benzoin', 'Cinnamon', 'Sandalwood', 'Cedar', 'Cloves', 'Vetiver', 'Patchouli']","{'very weak': 115, 'weak': 145, 'moderate': 342, 'long lasting': 263, 'eternal': 108}",,"{'female': 159, 'more female': 115, 'unisex': 134, 'more male': 4, 'male': 5}","{'way overpriced': 235, 'overpriced': 89, 'ok': 52, 'good value': 6, 'great value': 12}",,,,,,,,winter,"{'sweet': 100.0, 'almond': 93.2931, 'cherry': 86.6359, 'nutty': 82.7012, 'fruity': 76.8985, 'vanilla': 62.6277, 'amber': 61.1746, 'warm spicy': 57.9752, 'woody': 56.3258, 'alcohol': 54.1001}"
Ombré Leather (2018),Tom Ford,https://fimgs.net/mdimg/perfume/375x500.50239.jpg,for women and men,4.4,2853,"leather , animalic , white floral , warm spicy , amber , smoky , earthy , mossy , patchouli , woody ",moderate,['Cardamom'],"['Leather', 'Jasmine Sambac']","['Amber', 'Moss', 'Patchouli']","{'very weak': 64, 'weak': 79, 'moderate': 258, 'long lasting': 726, 'eternal': 280}",,"{'female': 4, 'more female': 8, 'unisex': 151, 'more male': 164, 'male': 187}","{'way overpriced': 37, 'overpriced': 114, 'ok': 218, 'good value': 70, 'great value': 20}",,,,,,,,winter,"{'leather': 100.0, 'animalic': 71.3973, 'white floral': 58.7613, 'warm spicy': 56.2764, 'amber': 54.7961, 'smoky': 51.0, 'earthy': 49.1178, 'mossy': 48.6103, 'patchouli': 45.2266, 'woody': 44.719}"
L'Interdit Eau de Parfum,Givenchy,https://fimgs.net/mdimg/perfume/375x500.51488.jpg,for women,3.91,4137,"white floral , tuberose , sweet , woody , fruity , patchouli , citrus , vanilla , animalic , amber ",strong,"['Pear', 'Bergamot']","['Tuberose', 'Orange Blossom', 'Jasmine Sambac']","['Patchouli', 'Vanilla', 'Ambroxan', 'Vetiver']","{'very weak': 94, 'weak': 103, 'moderate': 366, 'long lasting': 640, 'eternal': 386}",,"{'female': 308, 'more female': 32, 'unisex': 21, 'more male': 0, 'male': 0}","{'way overpriced': 6, 'overpriced': 68, 'ok': 188, 'good value': 40, 'great value': 12}",,,,,,,,fall,"{'white floral': 100.0, 'tuberose': 64.9232, 'sweet': 62.3878, 'woody': 51.0102, 'fruity': 50.3668, 'patchouli': 49.2398, 'citrus': 48.8048, 'vanilla': 47.9605, 'animalic': 45.9879, 'amber': 45.8626}"
Y Eau de Parfum,Yves Saint Laurent,https://fimgs.net/mdimg/perfume/375x500.50757.jpg,for men,4.18,2485,"aromatic , woody , fresh spicy , amber , warm spicy , fruity , fresh , herbal , citrus , green ",strong,"['Apple', 'Ginger', 'Bergamot']","['Sage', 'Juniper Berries', 'Geranium']","['Amberwood', 'Tonka Bean', 'Cedar', 'Vetiver', 'Olibanum']","{'very weak': 60, 'weak': 106, 'moderate': 346, 'long lasting': 924, 'eternal': 166}",,"{'female': 2, 'more female': 3, 'unisex': 25, 'more male': 167, 'male': 313}","{'way overpriced': 49, 'overpriced': 126, 'ok': 236, 'good value': 71, 'great value': 8}",,,,,,,,spring,"{'aromatic': 100.0, 'woody': 79.5738, 'fresh spicy': 73.4814, 'amber': 72.0841, 'warm spicy': 71.743, 'fruity': 66.1307, 'fresh': 61.2038, 'herbal': 58.4126, 'citrus': 57.4027, 'green': 53.8797}"
Burberry Her,Burberry,https://fimgs.net/mdimg/perfume/375x500.51694.jpg,for women,3.73,2419,"fruity , sweet , woody , powdery , musky ",moderate,"['Strawberry', 'Raspberry', 'Blackberry', 'Sour Cherry', 'Black Currant', 'Mandarin Orange', 'Lemon']","['Violet', 'Jasmine']","['Musk', 'Vanilla', 'Oakmoss', 'Cashmeran', 'Woody Notes', 'Amber', 'Patchouli']","{'very weak': 70, 'weak': 88, 'moderate': 274, 'long lasting': 336, 'eternal': 150}",,"{'female': 241, 'more female': 39, 'unisex': 22, 'more male': 1, 'male': 1}","{'way overpriced': 13, 'overpriced': 53, 'ok': 155, 'good value': 52, 'great value': 11}",,,,,,,,spring,"{'fruity': 100.0, 'sweet': 78.4423, 'woody': 49.2938, 'powdery': 47.7743, 'musky': 47.7378}"
Oud for Greatness,Initio Parfums Prives,https://fimgs.net/mdimg/perfume/375x500.53641.jpg,for women and men,4.45,1278,"warm spicy , fresh spicy , oud , patchouli , lavender , musky , leather , woody , earthy , tobacco ",enormous,"['Saffron', 'Nutmeg', 'Lavender']",['Agarwood (Oud)'],"['Patchouli', 'Musk']","{'very weak': 52, 'weak': 39, 'moderate': 61, 'long lasting': 167, 'eternal': 576}",,"{'female': 9, 'more female': 4, 'unisex': 96, 'more male': 145, 'male': 75}","{'way overpriced': 80, 'overpriced': 89, 'ok': 70, 'good value': 45, 'great value': 13}",,,,,,,,winter,"{'warm spicy': 100.0, 'fresh spicy': 90.1848, 'oud': 88.9977, 'patchouli': 62.7765, 'lavender': 61.3591, 'musky': 56.9299, 'leather': 55.229, 'woody': 49.6659, 'earthy': 49.4179, 'tobacco': 48.9218}"
Nomade,Chloé,https://fimgs.net/mdimg/perfume/375x500.48434.jpg,for women,3.87,3573,"woody , citrus , fruity , mossy , earthy , floral , sweet , powdery , warm spicy , amber ",moderate,"['Mirabelle', 'Bergamot', 'Lemon', 'Orange']","['Freesia', 'Peach', 'Rose', 'Jasmine']","['Oakmoss', 'Amberwood', 'Patchouli', 'White Musk', 'Sandalwood']","{'very weak': 76, 'weak': 111, 'moderate': 339, 'long lasting': 463, 'eternal': 228}",,"{'female': 113, 'more female': 76, 'unisex': 66, 'more male': 5, 'male': 2}","{'way overpriced': 9, 'overpriced': 24, 'ok': 125, 'good value': 46, 'great value': 10}",,,,,,,,spring and summer,"{'woody': 100.0, 'citrus': 90.1937, 'fruity': 89.1132, 'mossy': 86.3523, 'earthy': 78.4586, 'floral': 76.1273, 'sweet': 67.4583, 'powdery': 55.6962, 'warm spicy': 55.6476, 'amber': 54.7453}"
Sauvage Eau de Parfum,Christian Dior,https://fimgs.net/mdimg/perfume/375x500.48100.jpg,for men,4.03,2841,"fresh spicy , citrus , amber , musky , lavender , anis , soft spicy , vanilla , herbal , aromatic ",strong,['Bergamot'],"['Sichuan Pepper', 'Lavender', 'Star Anise', 'Nutmeg']","['Ambroxan', 'Vanilla']","{'very weak': 86, 'weak': 78, 'moderate': 213, 'long lasting': 927, 'eternal': 330}",,"{'female': 3, 'more female': 1, 'unisex': 14, 'more male': 58, 'male': 273}","{'way overpriced': 38, 'overpriced': 101, 'ok': 153, 'good value': 35, 'great value': 7}",,,,,,,,winter,"{'fresh spicy': 100.0, 'citrus': 80.6111, 'amber': 79.0337, 'musky': 59.4202, 'lavender': 54.4901, 'anis': 52.5651, 'soft spicy': 52.4421, 'vanilla': 51.3353, 'herbal': 50.9235, 'aromatic': 49.5814}"
Wanted by Night,Azzaro,https://fimgs.net/mdimg/perfume/375x500.49144.jpg,for men,4.21,1676,"warm spicy , cinnamon , woody , citrus , fruity , sweet , amber , aromatic , tobacco , fresh spicy ",strong,"['Cinnamon', 'Mandarin Orange', 'Lavender', 'Lemon']","['Fruity Notes', 'Incense', 'Red Cedar', 'Cumin']","['Tobacco', 'Vanilla', 'Cedar', 'Leather', 'Benzoin', 'Cypress', 'Iso E Super', 'Patchouli']","{'very weak': 59, 'weak': 59, 'moderate': 222, 'long lasting': 608, 'eternal': 91}",,"{'female': 3, 'more female': 2, 'unisex': 15, 'more male': 102, 'male': 177}","{'way overpriced': 6, 'overpriced': 20, 'ok': 107, 'good value': 103, 'great value': 49}",,,,,,,,fall and winter,"{'warm spicy': 100.0, 'cinnamon': 93.0397, 'woody': 89.6462, 'citrus': 86.2279, 'fruity': 85.8688, 'sweet': 79.7691, 'amber': 71.948, 'aromatic': 68.6412, 'tobacco': 68.2696, 'fresh spicy': 65.3097}"
Narciso Rouge,Narciso Rodriguez,https://fimgs.net/mdimg/perfume/375x500.49331.jpg,for women,4.05,2252,"powdery , vanilla , musky , woody , iris , rose , sweet , earthy , aromatic , violet ",moderate,"['iris', 'Bulgarian Rose']","['Musk', 'Tuberose', 'Orange Blossom']","['Tonka Bean', 'Vanilla', 'White Cedar Extract', 'Cedar', 'Sandalwood', 'Vetiver']","{'very weak': 68, 'weak': 93, 'moderate': 330, 'long lasting': 205, 'eternal': 96}",,"{'female': 171, 'more female': 23, 'unisex': 7, 'more male': 0, 'male': 1}","{'way overpriced': 11, 'overpriced': 22, 'ok': 121, 'good value': 24, 'great value': 9}",,,,,,,,fall,"{'powdery': 100.0, 'vanilla': 82.1002, 'musky': 80.289, 'woody': 77.5466, 'iris': 73.9949, 'rose': 70.5267, 'sweet': 57.8805, 'earthy': 54.8812, 'aromatic': 52.0424, 'violet': 51.9974}"
The Only One,Dolce&Gabbana,https://fimgs.net/mdimg/perfume/375x500.51249.jpg,for women,3.93,2105,"caramel , sweet , powdery , vanilla , violet , coffee , warm spicy , citrus , iris , fruity ",moderate,"['Violet', 'Bergamot', 'Orange']","['Coffee', 'Pear', 'iris', 'Orange Blossom', 'Rose']","['Caramel', 'Vanilla', 'Patchouli']","{'very weak': 54, 'weak': 95, 'moderate': 313, 'long lasting': 247, 'eternal': 75}",,"{'female': 163, 'more female': 21, 'unisex': 6, 'more male': 0, 'male': 0}","{'way overpriced': 6, 'overpriced': 27, 'ok': 101, 'good value': 28, 'great value': 7}",,,,,,,,fall,"{'caramel': 100.0, 'sweet': 94.3257, 'powdery': 91.5379, 'vanilla': 82.2614, 'violet': 80.9848, 'coffee': 79.3939, 'warm spicy': 69.106, 'citrus': 66.2348, 'iris': 65.4545, 'fruity': 57.2727}"
Bleu de Chanel Parfum,Chanel,https://fimgs.net/mdimg/perfume/375x500.49912.jpg,for men,4.15,1881,"woody , citrus , aromatic , amber , fresh spicy , warm spicy , powdery , green , lavender ",moderate,"['Lemon Zest', 'Bergamot', 'Mint', 'Artemisia']","['Lavender', 'Geranium', 'Pineapple', 'Green Notes']","['Sandalwood', 'Cedar', 'Amberwood', 'Iso E Super', 'Tonka Bean']","{'very weak': 86, 'weak': 75, 'moderate': 297, 'long lasting': 479, 'eternal': 148}",,"{'female': 1, 'more female': 1, 'unisex': 17, 'more male': 80, 'male': 192}","{'way overpriced': 69, 'overpriced': 107, 'ok': 88, 'good value': 21, 'great value': 10}",,,,,,,,summer,"{'woody': 100.0, 'citrus': 65.2876, 'aromatic': 64.2295, 'amber': 58.8671, 'fresh spicy': 56.4889, 'warm spicy': 48.5581, 'powdery': 48.4092, 'green': 46.0875, 'lavender': 45.9745}"
Coco Mademoiselle Intense,Chanel,https://fimgs.net/mdimg/perfume/375x500.48310.jpg,for women,4.3,2412,"citrus , vanilla , patchouli , sweet , woody , amber , warm spicy , balsamic , rose , fruity ",strong,"['Sicilian Orange', 'Calabrian bergamot', 'Lemon']","['Rose', 'Fruity Notes', 'Jasmine']","['Patchouli', 'Tonka Bean', 'Madagascar Vanilla', 'Labdanum', 'White Musk']","{'very weak': 62, 'weak': 70, 'moderate': 163, 'long lasting': 359, 'eternal': 279}",,"{'female': 120, 'more female': 25, 'unisex': 17, 'more male': 0, 'male': 0}","{'way overpriced': 19, 'overpriced': 48, 'ok': 62, 'good value': 16, 'great value': 8}",,,,,,,,fall,"{'citrus': 100.0, 'vanilla': 92.3802, 'patchouli': 82.2433, 'sweet': 76.5974, 'woody': 68.3632, 'amber': 65.0267, 'warm spicy': 63.5306, 'balsamic': 57.8967, 'rose': 56.2404, 'fruity': 53.272}"
La Nuit Trésor à la Folie,Lancome,https://fimgs.net/mdimg/perfume/375x500.48019.jpg,for women,4.21,1892,"vanilla , amber , sweet , fruity , soft spicy , fresh , rose , warm spicy , floral , powdery ",strong,"['Red Currant', 'Pear', 'Pink Pepper', 'Bergamot']","['Damask Rose', 'Violet', 'Peony', 'Jasmine']","['Bourbon Vanilla', 'Tonka Bean', 'Benzoin', 'Nutmeg', 'Ambroxan', 'Patchouli', 'Woody Notes']","{'very weak': 48, 'weak': 70, 'moderate': 189, 'long lasting': 244, 'eternal': 141}",,"{'female': 129, 'more female': 13, 'unisex': 1, 'more male': 0, 'male': 0}","{'way overpriced': 6, 'overpriced': 31, 'ok': 56, 'good value': 32, 'great value': 4}",,,,,,,,winter,"{'vanilla': 100.0, 'amber': 78.0656, 'sweet': 67.3995, 'fruity': 60.7908, 'soft spicy': 55.2649, 'fresh': 54.1597, 'rose': 53.7565, 'warm spicy': 52.0141, 'floral': 51.2026, 'powdery': 50.8243}"
Gentleman Eau de Parfum,Givenchy,https://fimgs.net/mdimg/perfume/375x500.48476.jpg,for men,4.21,1464,"warm spicy , powdery , amber , vanilla , iris , sweet , balsamic , fresh spicy , earthy , woody ",moderate,"['Black Pepper', 'Lavender', 'Bergamot']","['Orris', 'Cloves', 'Cinnamon']","['Black Vanilla Husk', 'Tolu Balsam', 'Patchouli', 'Tonka Bean', 'Benzoin']","{'very weak': 47, 'weak': 57, 'moderate': 146, 'long lasting': 425, 'eternal': 217}",,"{'female': 1, 'more female': 2, 'unisex': 25, 'more male': 73, 'male': 134}","{'way overpriced': 3, 'overpriced': 25, 'ok': 106, 'good value': 72, 'great value': 17}",,,,,,,,winter,"{'warm spicy': 100.0, 'powdery': 93.7552, 'amber': 90.823, 'vanilla': 86.2821, 'iris': 72.1601, 'sweet': 60.0113, 'balsamic': 58.7948, 'fresh spicy': 58.0856, 'earthy': 53.5526, 'woody': 48.6709}"
Delina Exclusif,Parfums de Marly,https://fimgs.net/mdimg/perfume/375x500.50370.jpg,for women,4.24,932,"rose , vanilla , fruity , amber , tropical , fresh , oud , sweet , floral , powdery ",enormous,"['Litchi', 'Pear', 'Bergamot']","['Turkish Rose', 'Agarwood (Oud)', 'Incense']","['Vanilla', 'Amber', 'Woody Notes']","{'very weak': 30, 'weak': 27, 'moderate': 53, 'long lasting': 118, 'eternal': 173}",,"{'female': 132, 'more female': 10, 'unisex': 4, 'more male': 1, 'male': 1}","{'way overpriced': 49, 'overpriced': 42, 'ok': 42, 'good value': 6, 'great value': 5}",,,,,,,,fall and spring,"{'rose': 100.0, 'vanilla': 87.5774, 'fruity': 86.9169, 'amber': 68.6873, 'tropical': 62.1802, 'fresh': 59.2028, 'oud': 58.9859, 'sweet': 54.431, 'floral': 52.8042, 'powdery': 51.6704}"
Pure XS For Her,Paco Rabanne,https://fimgs.net/mdimg/perfume/375x500.51424.jpg,for women,3.8,1748,"vanilla , sweet , woody , powdery , yellow floral , coconut , lactonic , musky , white floral , fruity ",moderate,[],"['Popocorn', 'Vanilla', 'Ylang-Ylang', 'Coconut', 'Peach', 'Orange Blossom', 'Ambrette (Musk Mallow)', 'White Musk', 'Sandalwood', 'Amberwood']",[],"{'very weak': 57, 'weak': 72, 'moderate': 206, 'long lasting': 275, 'eternal': 106}",,"{'female': 157, 'more female': 16, 'unisex': 8, 'more male': 0, 'male': 1}","{'way overpriced': 3, 'overpriced': 27, 'ok': 100, 'good value': 21, 'great value': 7}",,,,,,,,fall,"{'vanilla': 100.0, 'sweet': 90.7123, 'woody': 75.3591, 'powdery': 67.3763, 'yellow floral': 67.3763, 'coconut': 64.6375, 'lactonic': 60.2474, 'musky': 59.16, 'white floral': 51.6686, 'fruity': 49.1714}"
Eros Flame,Versace,https://fimgs.net/mdimg/perfume/375x500.52180.jpg,for men,3.79,1310,"citrus , aromatic , vanilla , fresh spicy , woody , warm spicy , sweet , powdery , rose ",strong,"['Mandarin Orange', 'Black Pepper', 'Chinotto', 'Lemon', 'Rosemary']","['Pepper', 'Geranium', 'Rose']","['Vanilla', 'Tonka Bean', 'Texas Cedar', 'Sandalwood', 'Patchouli', 'Oakmoss']","{'very weak': 48, 'weak': 47, 'moderate': 153, 'long lasting': 393, 'eternal': 115}",,"{'female': 3, 'more female': 3, 'unisex': 28, 'more male': 91, 'male': 130}","{'way overpriced': 4, 'overpriced': 21, 'ok': 90, 'good value': 106, 'great value': 15}",,,,,,,,fall and winter,"{'citrus': 100.0, 'aromatic': 78.8842, 'vanilla': 77.0038, 'fresh spicy': 76.6695, 'woody': 65.2361, 'warm spicy': 55.169200000000004, 'sweet': 49.532, 'powdery': 46.4062, 'rose': 45.5871}"
Moustache Eau de Parfum,Rochas,https://fimgs.net/mdimg/perfume/375x500.52350.jpg,for men,4.44,865,"vanilla , amber , woody , warm spicy , rose , soft spicy , citrus , balsamic , patchouli , sweet ",moderate,"['Pink Pepper', 'Mandarin Orange']","['Atlas Cedar', 'Bulgarian Rose']","['Benzoin', 'Vanilla', 'Patchouli']","{'very weak': 38, 'weak': 40, 'moderate': 167, 'long lasting': 237, 'eternal': 80}",,"{'female': 0, 'more female': 1, 'unisex': 28, 'more male': 99, 'male': 88}","{'way overpriced': 3, 'overpriced': 4, 'ok': 34, 'good value': 78, 'great value': 78}",,,,,,,,fall,"{'vanilla': 100.0, 'amber': 88.2881, 'woody': 85.79, 'warm spicy': 72.4489, 'rose': 67.1089, 'soft spicy': 66.6383, 'citrus': 61.4973, 'balsamic': 57.0804, 'patchouli': 56.6098, 'sweet': 54.2203}"
Scandal By Night,Jean Paul Gaultier,https://fimgs.net/mdimg/perfume/375x500.50715.jpg,for women,4.19,1163,"sweet , honey , vanilla , white floral , woody , tuberose , cherry , amber , warm spicy , citrus ",strong,"['Honey', 'Bitter Orange', 'Citruses']","['Tuberose', 'Cherry', 'Orange Blossom', 'Pear', 'Nard Himalayan (Jatamansi)']","['Tonka Bean', 'Vanilla', 'Patchouli', 'Sandalwood', 'Amberwood', 'White Musk']","{'very weak': 35, 'weak': 37, 'moderate': 80, 'long lasting': 201, 'eternal': 229}",,"{'female': 114, 'more female': 5, 'unisex': 2, 'more male': 0, 'male': 0}","{'way overpriced': 7, 'overpriced': 25, 'ok': 65, 'good value': 15, 'great value': 6}",,,,,,,,winter,"{'sweet': 100.0, 'honey': 87.2564, 'vanilla': 77.2321, 'white floral': 64.5872, 'woody': 59.9654, 'tuberose': 59.4359, 'cherry': 59.0769, 'amber': 56.0705, 'warm spicy': 53.7103, 'citrus': 51.8526}"
Boss The Scent Private Accord for Her ,Hugo Boss,https://fimgs.net/mdimg/perfume/375x500.50875.jpg,for women,4.1,1055,"cacao , warm spicy , citrus , sweet , coffee , fruity , vanilla , floral , amber ",moderate,['Mandarin Orange'],"['Coffee', 'Osmanthus']","['Cacao', 'Tonka Bean']","{'very weak': 61, 'weak': 96, 'moderate': 177, 'long lasting': 77, 'eternal': 35}",,"{'female': 87, 'more female': 14, 'unisex': 8, 'more male': 0, 'male': 0}","{'way overpriced': 3, 'overpriced': 26, 'ok': 43, 'good value': 30, 'great value': 5}",,,,,,,,fall,"{'cacao': 100.0, 'warm spicy': 95.858, 'citrus': 68.5207, 'sweet': 60.7752, 'coffee': 58.9941, 'fruity': 53.858, 'vanilla': 52.6154, 'floral': 48.1731, 'amber': 46.1538}"
Luna Rossa Black,Prada,https://fimgs.net/mdimg/perfume/375x500.48682.jpg,for men,4.27,1201,"amber , musky , woody , powdery , vanilla , aromatic , balsamic , sweet , warm spicy , patchouli ",moderate,['Bergamot'],"['Angelica', 'Patchouli']","['Coumarin', 'Amber', 'Musk']","{'very weak': 63, 'weak': 53, 'moderate': 175, 'long lasting': 306, 'eternal': 61}",,"{'female': 4, 'more female': 1, 'unisex': 21, 'more male': 72, 'male': 63}","{'way overpriced': 4, 'overpriced': 13, 'ok': 71, 'good value': 45, 'great value': 12}",,,,,,,,fall and winter,"{'amber': 100.0, 'musky': 82.1448, 'woody': 69.819, 'powdery': 66.9772, 'vanilla': 63.874, 'aromatic': 62.2118, 'balsamic': 60.2681, 'sweet': 57.1072, 'warm spicy': 57.0577, 'patchouli': 50.2413}"
Dolce Garden,Dolce&Gabbana,https://fimgs.net/mdimg/perfume/375x500.48151.jpg,for women,3.97,1510,"floral , vanilla , coconut , sweet , tropical , almond , lactonic , citrus , nutty , fruity ",moderate,"['Magnolia', 'Mandarin Orange', 'Neroli']","['Coconut', 'Frangipani', 'Ylang-Ylang']","['Vanilla Absolute', 'Almond Milk', 'Sandalwood']","{'very weak': 31, 'weak': 42, 'moderate': 209, 'long lasting': 148, 'eternal': 81}",,"{'female': 115, 'more female': 8, 'unisex': 4, 'more male': 0, 'male': 1}","{'way overpriced': 5, 'overpriced': 20, 'ok': 57, 'good value': 25, 'great value': 5}",,,,,,,,summer,"{'floral': 100.0, 'vanilla': 95.3291, 'coconut': 93.1245, 'sweet': 91.0349, 'tropical': 77.7399, 'almond': 72.268, 'lactonic': 72.1816, 'citrus': 70.9913, 'nutty': 67.9857, 'fruity': 58.8224}"
I Don't Need A Prince By My Side To Be A Princess,By Kilian,https://fimgs.net/mdimg/perfume/375x500.50497.jpg,for women and men,4,1057,"sweet , vanilla , powdery , warm spicy , amber , fresh , green , citrus , balsamic ",moderate,['Lemon'],"['Green Tea', 'Ginger', 'Peach', 'Hedione', 'Jasmine', 'Apple']","['Marshmallow', 'Vanilla', 'Benzoin']","{'very weak': 42, 'weak': 62, 'moderate': 115, 'long lasting': 111, 'eternal': 40}",,"{'female': 95, 'more female': 26, 'unisex': 13, 'more male': 1, 'male': 0}","{'way overpriced': 6, 'overpriced': 37, 'ok': 51, 'good value': 16, 'great value': 2}",,,,,,,,fall,"{'sweet': 100.0, 'vanilla': 95.4766, 'powdery': 83.5911, 'warm spicy': 65.2189, 'amber': 58.6526, 'fresh': 57.9363, 'green': 55.3098, 'citrus': 44.5916, 'balsamic': 44.0477}"
Vibrant Leather Eau de Parfum,Zara,https://fimgs.net/mdimg/perfume/375x500.50122.jpg,for men,4.33,1170,"citrus , leather , woody , fresh spicy , aromatic , animalic ",moderate,['Bergamot'],['Bamboo'],['Leather'],"{'very weak': 99, 'weak': 212, 'moderate': 379, 'long lasting': 132, 'eternal': 41}",,"{'female': 2, 'more female': 0, 'unisex': 16, 'more male': 48, 'male': 94}","{'way overpriced': 4, 'overpriced': 2, 'ok': 17, 'good value': 58, 'great value': 74}",,,,,,,,summer,"{'citrus': 100.0, 'leather': 69.375, 'woody': 65.3614, 'fresh spicy': 65.0, 'aromatic': 51.0, 'animalic': 49.6875}"
Joy by Dior,Christian Dior,https://fimgs.net/mdimg/perfume/375x500.51285.jpg,for women,3.29,3011,"citrus , woody , powdery , white floral , musky , rose , warm spicy , floral , fruity , aromatic ",moderate,"['Bergamot', 'Mandarin Orange']","['Jasmine', 'Grasse Rose', 'Peach', 'Cassis']","['White Musk', 'Sandalwood', 'Cedar', 'Patchouli', 'Benzoin']","{'very weak': 135, 'weak': 124, 'moderate': 324, 'long lasting': 189, 'eternal': 96}",,"{'female': 95, 'more female': 7, 'unisex': 2, 'more male': 0, 'male': 0}","{'way overpriced': 26, 'overpriced': 32, 'ok': 29, 'good value': 5, 'great value': 1}",,,,,,,,spring,"{'citrus': 100.0, 'woody': 93.0265, 'powdery': 78.0076, 'white floral': 75.2486, 'musky': 74.5716, 'rose': 58.9998, 'warm spicy': 55.4397, 'floral': 53.1829, 'fruity': 52.1984, 'aromatic': 52.0065}"
Uomo Salvatore Ferragamo Signature ,Salvatore Ferragamo,https://fimgs.net/mdimg/perfume/375x500.50797.jpg,for men,4.36,722,"warm spicy , leather , coffee , aromatic , vanilla , cinnamon , citrus , sweet , amber , woody ",strong,"['Italian Mandarin', 'Pink Pepper', 'Grapefruit']","['Cinnamon', 'Cardamom', 'Cypress']","['Tonka Bean', 'Leather', 'Roasted Coffee Beans', 'Patchouli']","{'very weak': 37, 'weak': 26, 'moderate': 95, 'long lasting': 265, 'eternal': 55}",,"{'female': 2, 'more female': 1, 'unisex': 11, 'more male': 34, 'male': 100}","{'way overpriced': 3, 'overpriced': 10, 'ok': 29, 'good value': 47, 'great value': 52}",,,,,,,,fall and winter,"{'warm spicy': 100.0, 'leather': 63.3782, 'coffee': 62.7052, 'aromatic': 60.9152, 'vanilla': 58.1696, 'cinnamon': 52.8802, 'citrus': 51.6689, 'sweet': 50.7941, 'amber': 50.1211, 'woody': 47.8466}"
Rehab,Initio Parfums Prives,https://fimgs.net/mdimg/perfume/375x500.50351.jpg,for women and men,4.32,767,"woody , aromatic , lavender , powdery , citrus , fresh spicy , warm spicy ",moderate,"['Lavender', 'Bergamot']","['Cedar', 'Vetiver', 'Patchouli']","['Sandalwood', 'Guaiac Wood', 'Musk']","{'very weak': 51, 'weak': 34, 'moderate': 77, 'long lasting': 140, 'eternal': 77}",,"{'female': 8, 'more female': 13, 'unisex': 54, 'more male': 32, 'male': 9}","{'way overpriced': 21, 'overpriced': 47, 'ok': 19, 'good value': 2, 'great value': 3}",,,,,,,,winter,"{'woody': 100.0, 'aromatic': 59.2555, 'lavender': 57.676, 'powdery': 54.6654, 'citrus': 48.6307, 'fresh spicy': 47.6181, 'warm spicy': 45.6875}"
Rogue Man,Rihanna,https://fimgs.net/mdimg/perfume/375x500.26866.jpg,for men,4.14,249,"amber , woody , fresh spicy , aromatic , sweet , floral , powdery , citrus , warm spicy , musky ",moderate,"['Black Pepper', 'Rosemary', 'Bergamot', 'Clementine']","['Vanilla orchid', 'Labdanum', 'Jasmine', 'Cedar']","['Tonka Bean', 'Amber', 'Sandalwood', 'Musk', 'Patchouli']","{'very weak': 5, 'weak': 21, 'moderate': 67, 'long lasting': 45, 'eternal': 16}",,"{'female': 0, 'more female': 0, 'unisex': 2, 'more male': 7, 'male': 3}","{'way overpriced': 0, 'overpriced': 1, 'ok': 1, 'good value': 5, 'great value': 4}",,,,,,,,fall,"{'amber': 100.0, 'woody': 93.5978, 'fresh spicy': 90.5895, 'aromatic': 75.6254, 'sweet': 74.3526, 'floral': 71.8264, 'powdery': 70.033, 'citrus': 67.4105, 'warm spicy': 66.0221, 'musky': 58.6171}"
Euphoria Amber Gold,Calvin Klein,https://fimgs.net/mdimg/perfume/375x500.49559.jpg,for women,3.89,148,"amber , sweet , powdery , woody , honey , citrus , vanilla , fruity , white floral , floral ",strong,"['Plum', 'Mandarin Orange', 'Rose']","['Honey', 'Orange Blossom', 'Orris']","['Amber', 'Sandalwood', 'Vanilla', 'Labdanum']","{'very weak': 6, 'weak': 4, 'moderate': 22, 'long lasting': 19, 'eternal': 13}",,"{'female': 7, 'more female': 2, 'unisex': 4, 'more male': 0, 'male': 0}","{'way overpriced': 0, 'overpriced': 0, 'ok': 1, 'good value': 4, 'great value': 6}",,,,,,,,fall,"{'amber': 100.0, 'sweet': 79.8485, 'powdery': 74.5985, 'woody': 74.1742, 'honey': 71.8939, 'citrus': 63.7008, 'vanilla': 61.2879, 'fruity': 56.5151, 'white floral': 53.3333, 'floral': 49.0379}"
Beach Hut Man,Amouage,https://fimgs.net/mdimg/perfume/375x500.46336.jpg,for men,4.21,926,"green , aromatic , woody , earthy , fresh spicy , mossy , fresh ",strong,"['Mint', 'Galbanum', 'Orange Blossom']","['Ivy', 'Vetiver', 'Moss']","['Myrrh', 'Woody Notes', 'Patchouli']","{'very weak': 38, 'weak': 26, 'moderate': 45, 'long lasting': 243, 'eternal': 225}",,"{'female': 0, 'more female': 0, 'unisex': 13, 'more male': 26, 'male': 41}","{'way overpriced': 7, 'overpriced': 15, 'ok': 37, 'good value': 8, 'great value': 2}",,,,,,,,spring and summer,"{'green': 100.0, 'aromatic': 74.0156, 'woody': 69.0363, 'earthy': 54.6578, 'fresh spicy': 46.1263, 'mossy': 45.5919, 'fresh': 45.3153}"
Oud Touch,Franck Olivier,https://fimgs.net/mdimg/perfume/375x500.34208.jpg,for men,4.13,456,"amber , rose , sweet , patchouli , woody , warm spicy , caramel , powdery , fresh spicy , vanilla ",strong,"['Caramel', 'Raspberry', 'Orange']","['Rose', 'Olibanum', 'Patchouli', 'Violet', 'Jasmine']","['Amber', 'Vanilla', 'Musk']","{'very weak': 15, 'weak': 14, 'moderate': 52, 'long lasting': 116, 'eternal': 175}",,"{'female': 1, 'more female': 0, 'unisex': 30, 'more male': 37, 'male': 24}","{'way overpriced': 4, 'overpriced': 2, 'ok': 1, 'good value': 25, 'great value': 60}",,,,,,,,fall and winter,"{'amber': 100.0, 'rose': 76.9296, 'sweet': 63.4226, 'patchouli': 56.3732, 'woody': 56.0159, 'warm spicy': 55.9789, 'caramel': 55.6338, 'powdery': 55.2518, 'fresh spicy': 52.9965, 'vanilla': 51.6162}"
Wonder Bouquet,Mugler,https://fimgs.net/mdimg/perfume/375x500.46518.jpg,for women and men,4.08,212,"white floral , sweet , nutty , citrus , woody , animalic , beeswax , green , vanilla , tuberose ",strong,"['Shiso', 'Lily-of-the-Valley', 'Orange', 'Tangerine', 'Petitgrain']","['Brioche', 'Jasmine Sambac', 'Orange Blossom', 'Tuberose', 'Rose']","['Hazelnut', 'Beeswax', 'Vanilla', 'Cashmeran']","{'very weak': 11, 'weak': 7, 'moderate': 14, 'long lasting': 28, 'eternal': 19}",,"{'female': 6, 'more female': 2, 'unisex': 3, 'more male': 0, 'male': 1}","{'way overpriced': 5, 'overpriced': 2, 'ok': 2, 'good value': 1, 'great value': 1}",,,,,,,,fall,"{'white floral': 100.0, 'sweet': 58.6486, 'nutty': 58.3784, 'citrus': 57.2135, 'woody': 57.1757, 'animalic': 49.6081, 'beeswax': 48.5946, 'green': 47.973, 'vanilla': 47.9459, 'tuberose': 45.9459}"
Chergui,Serge Lutens,https://fimgs.net/mdimg/perfume/375x500.2762.jpg,for women and men,4.27,8275,"amber , sweet , tobacco , honey , powdery , woody , green , smoky , warm spicy , floral ",moderate,[],"['Tobacco Leaf', 'Honey', 'Amber', 'Hay', 'Incense', 'Sandalwood', 'iris', 'Musk', 'Rose']",[],"{'very weak': 146, 'weak': 152, 'moderate': 586, 'long lasting': 1075, 'eternal': 389}",,"{'female': 13, 'more female': 24, 'unisex': 161, 'more male': 47, 'male': 13}","{'way overpriced': 10, 'overpriced': 37, 'ok': 123, 'good value': 35, 'great value': 6}",,,,,,,,fall,"{'amber': 100.0, 'sweet': 91.5536, 'tobacco': 87.4155, 'honey': 86.3784, 'powdery': 70.7187, 'woody': 64.2315, 'green': 60.5041, 'smoky': 56.4344, 'warm spicy': 53.9784, 'floral': 51.9872}"
Fan Your Flames,Nishane,https://fimgs.net/mdimg/perfume/375x500.37603.jpg,for women and men,4.19,592,"sweet , tobacco , coconut , woody , rum , vanilla , mossy , lactonic , warm spicy , tropical ",strong,"['Coconut', 'Rum']","['Tobacco', 'Tonka Bean']","['Chinese Cedar', 'Oakmoss']","{'very weak': 22, 'weak': 15, 'moderate': 31, 'long lasting': 90, 'eternal': 157}",,"{'female': 0, 'more female': 2, 'unisex': 33, 'more male': 36, 'male': 16}","{'way overpriced': 12, 'overpriced': 25, 'ok': 31, 'good value': 9, 'great value': 1}",,,,,,,,winter,"{'sweet': 100.0, 'tobacco': 87.3284, 'coconut': 87.1429, 'woody': 83.859, 'rum': 73.9332, 'vanilla': 69.8701, 'mossy': 51.3358, 'lactonic': 50.0, 'warm spicy': 47.4768, 'tropical': 47.1428}"
Flower by Kenzo Eau de Lumière,Kenzo,https://fimgs.net/mdimg/perfume/375x500.43247.jpg,for women,4.02,381,"powdery , violet , floral , musky , white floral , citrus , rose , vanilla , woody , yellow floral ",moderate,"['Calabrian bergamot', 'Cassis']","['Jasmine', 'Bulgarian Rose', 'Ylang-Ylang', 'Peach']","['Violet', 'White Musk', 'Heliotrope']","{'very weak': 9, 'weak': 22, 'moderate': 62, 'long lasting': 24, 'eternal': 10}",,"{'female': 6, 'more female': 2, 'unisex': 0, 'more male': 0, 'male': 0}","{'way overpriced': 0, 'overpriced': 1, 'ok': 5, 'good value': 1, 'great value': 0}",,,,,,,,spring,"{'powdery': 100.0, 'violet': 66.6666, 'floral': 66.4524, 'musky': 61.9047, 'white floral': 57.619, 'citrus': 53.9286, 'rose': 50.9524, 'vanilla': 50.3333, 'woody': 47.3571, 'yellow floral': 47.1429}"
Boucheron,Boucheron,https://fimgs.net/mdimg/perfume/375x500.133.jpg,for women,4.1,2183,"white floral , citrus , amber , sweet , aromatic , woody , yellow floral , powdery , fresh spicy , animalic ",strong,"['Tagetes', 'Orange', 'Tangerine', 'Apricot', 'Bitter Orange', 'Asafoetida', 'Cassia', 'Basil', 'Lemon', 'Bergamot']","['Tuberose', 'Madagascar Ylang-Ylang', 'Jasmine', 'Orange Blossom', 'Narcissus', 'Geranium', 'Orris Root', 'Cedar', 'Lydia Broom', 'Lily-of-the-Valley']","['Amber', 'Civet', 'Sandalwood', 'Benzoin', 'Indian Vanilla', 'Oakmoss', 'Tonka Bean', 'Musk']","{'very weak': 18, 'weak': 34, 'moderate': 113, 'long lasting': 241, 'eternal': 108}",,"{'female': 39, 'more female': 7, 'unisex': 8, 'more male': 0, 'male': 0}","{'way overpriced': 1, 'overpriced': 1, 'ok': 8, 'good value': 16, 'great value': 19}",,,,,,,,spring and summer,"{'white floral': 100.0, 'citrus': 90.4715, 'amber': 84.0003, 'sweet': 81.2953, 'aromatic': 80.6011, 'woody': 77.4964, 'yellow floral': 75.0369, 'powdery': 74.7187, 'fresh spicy': 72.0214, 'animalic': 70.4244}"
Ani,Nishane,https://fimgs.net/mdimg/perfume/375x500.54785.jpg,for women and men,4.4,933,"warm spicy , vanilla , woody , citrus , powdery , aromatic , amber , soft spicy , fruity , balsamic ",strong,"['Ginger', 'Bergamot', 'Pink Pepper', 'Green Notes']","['Black Currant', 'Cardamom', 'Turkish Rose']","['Vanilla', 'Sandalwood', 'Benzoin', 'Cedar', 'Patchouli', 'Ambergris', 'Musk']","{'very weak': 42, 'weak': 48, 'moderate': 70, 'long lasting': 189, 'eternal': 231}",,"{'female': 9, 'more female': 23, 'unisex': 177, 'more male': 47, 'male': 10}","{'way overpriced': 22, 'overpriced': 79, 'ok': 109, 'good value': 21, 'great value': 9}",,,,,,,,fall and winter,"{'warm spicy': 100.0, 'vanilla': 83.3599, 'woody': 73.0815, 'citrus': 62.3807, 'powdery': 61.8191, 'aromatic': 54.6223, 'amber': 54.3539, 'soft spicy': 52.4851, 'fruity': 52.0676, 'balsamic': 49.0755}"
Bad Boy Le Parfum,Carolina Herrera,https://fimgs.net/mdimg/perfume/375x500.65718.jpg,for men,3.05,21,"aromatic , fresh spicy , leather , woody , herbal , cannabis , citrus , earthy , smoky , animalic ",moderate,"['Grapefruit', 'cannabis']","['Geranium', 'Black Pepper']","['Leather', 'Vetiver']","{'very weak': 0, 'weak': 0, 'moderate': 3, 'long lasting': 6, 'eternal': 0}",,"{'female': 0, 'more female': 0, 'unisex': 0, 'more male': 6, 'male': 2}","{'way overpriced': 1, 'overpriced': 0, 'ok': 5, 'good value': 0, 'great value': 0}",,,,,,,,spring and summer,"{'aromatic': 100.0, 'fresh spicy': 89.1444, 'leather': 63.6899, 'woody': 53.5829, 'herbal': 53.2086, 'cannabis': 52.4599, 'citrus': 52.4599, 'earthy': 50.2139, 'smoky': 49.0909, 'animalic': 46.8449}"
Karagoz,Nishane,https://fimgs.net/mdimg/perfume/375x500.44176.jpg,for women and men,3.79,195,"fruity , sweet , woody , earthy , green , aromatic , oud , amber , white floral , patchouli ",enormous,"['Grapes', 'Pineapple', 'Herbal Notes']","['Patchouli', 'Neroli', 'Jasmine']","['Vetiver', 'Agarwood (Oud)', 'Amber']","{'very weak': 7, 'weak': 9, 'moderate': 9, 'long lasting': 33, 'eternal': 78}",,"{'female': 0, 'more female': 0, 'unisex': 10, 'more male': 17, 'male': 11}","{'way overpriced': 8, 'overpriced': 7, 'ok': 15, 'good value': 3, 'great value': 0}",,,,,,,,fall,"{'fruity': 100.0, 'sweet': 77.9377, 'woody': 68.9105, 'earthy': 60.8171, 'green': 60.1946, 'aromatic': 59.0272, 'oud': 55.2918, 'amber': 53.3463, 'white floral': 52.9572, 'patchouli': 49.8443}"
By the Fireplace,Maison Martin Margiela,https://fimgs.net/mdimg/perfume/375x500.31623.jpg,for women and men,4.35,3464,"woody , vanilla , balsamic , amber , warm spicy , powdery , nutty , musky ",moderate,"['Cloves', 'Pink Pepper', 'Orange Blossom']","['Chestnut', 'Guaiac Wood', 'Juniper']","['Vanilla', 'Peru Balsam', 'Cashmeran']","{'very weak': 71, 'weak': 80, 'moderate': 335, 'long lasting': 572, 'eternal': 177}",,"{'female': 12, 'more female': 47, 'unisex': 286, 'more male': 77, 'male': 25}","{'way overpriced': 16, 'overpriced': 86, 'ok': 215, 'good value': 50, 'great value': 13}",,,,,,,,winter,"{'woody': 100.0, 'vanilla': 76.8611, 'balsamic': 76.0794, 'amber': 62.9031, 'warm spicy': 62.6432, 'powdery': 57.6745, 'nutty': 54.0916, 'musky': 44.8059}"
Hacivat,Nishane,https://fimgs.net/mdimg/perfume/375x500.44174.jpg,for women and men,4.44,1344,"woody , citrus , mossy , fruity , sweet , earthy , fresh spicy , tropical , aromatic , patchouli ",enormous,"['Pineapple', 'Grapefruit', 'Bergamot']","['Cedar', 'Patchouli', 'Jasmine']","['Oakmoss', 'Woody Notes']","{'very weak': 56, 'weak': 43, 'moderate': 72, 'long lasting': 229, 'eternal': 585}",,"{'female': 3, 'more female': 2, 'unisex': 66, 'more male': 115, 'male': 99}","{'way overpriced': 39, 'overpriced': 99, 'ok': 99, 'good value': 38, 'great value': 9}",,,,,,,,summer,"{'woody': 100.0, 'citrus': 93.7663, 'mossy': 74.9663, 'fruity': 73.2402, 'sweet': 68.4357, 'earthy': 68.3807, 'fresh spicy': 54.8029, 'tropical': 54.0223, 'aromatic': 47.3928, 'patchouli': 47.2609}"
Herod,Parfums de Marly,https://fimgs.net/mdimg/perfume/375x500.16939.jpg,for men,4.49,3544,"tobacco , vanilla , warm spicy , cinnamon , sweet , amber , woody , powdery , musky , fruity ",moderate,"['Cinnamon', 'Pepper']","['Tobacco Leaf', 'Incense', 'Osmanthus', 'Labdanum']","['Vanilla', 'Iso E Super', 'Musk', 'Cedar', 'Cypriol Oil or Nagarmotha', 'Vetiver']","{'very weak': 102, 'weak': 126, 'moderate': 335, 'long lasting': 787, 'eternal': 416}",,"{'female': 7, 'more female': 6, 'unisex': 105, 'more male': 141, 'male': 113}","{'way overpriced': 37, 'overpriced': 131, 'ok': 120, 'good value': 32, 'great value': 16}",,,,,,,,winter,"{'tobacco': 100.0, 'vanilla': 95.0157, 'warm spicy': 89.0454, 'cinnamon': 82.7465, 'sweet': 80.5282, 'amber': 75.8013, 'woody': 70.8224, 'powdery': 58.2629, 'musky': 57.0798, 'fruity': 55.7543}"
Mon Guerlain,Guerlain,https://fimgs.net/mdimg/perfume/375x500.43297.jpg,for women,4.02,8239,"vanilla , woody , lavender , aromatic , powdery , balsamic , sweet , warm spicy , fresh spicy , iris ",moderate,"['Lavender', 'Bergamot']","['iris', 'Jasmine Sambac', 'Rose']","['Tahitian Vanilla', 'Coumarin', 'Australian Sandalwood', 'Benzoin', 'Licorice', 'Patchouli']","{'very weak': 210, 'weak': 279, 'moderate': 960, 'long lasting': 859, 'eternal': 391}",,"{'female': 402, 'more female': 81, 'unisex': 33, 'more male': 1, 'male': 1}","{'way overpriced': 19, 'overpriced': 88, 'ok': 271, 'good value': 65, 'great value': 6}",,,,,,,,fall,"{'vanilla': 100.0, 'woody': 69.2405, 'lavender': 68.872, 'aromatic': 67.9797, 'powdery': 63.301, 'balsamic': 59.0353, 'sweet': 59.0209, 'warm spicy': 52.655, 'fresh spicy': 47.8729, 'iris': 46.8772}"
Delina,Parfums de Marly,https://fimgs.net/mdimg/perfume/375x500.43871.jpg,for women,4.13,2325,"rose , floral , fresh , fruity , musky , green , aromatic , tropical , powdery , woody ",strong,"['Litchi', 'Rhubarb', 'Bergamot', 'Nutmeg']","['Turkish Rose', 'Peony', 'Musk', 'Petalia', 'Vanilla']","['Cashmeran', 'Cedar', 'Haitian Vetiver', 'Incense']","{'very weak': 56, 'weak': 81, 'moderate': 190, 'long lasting': 318, 'eternal': 310}",,"{'female': 267, 'more female': 20, 'unisex': 4, 'more male': 2, 'male': 3}","{'way overpriced': 112, 'overpriced': 103, 'ok': 56, 'good value': 11, 'great value': 6}",,,,,,,,spring and summer,"{'rose': 100.0, 'floral': 94.1626, 'fresh': 84.2662, 'fruity': 83.0169, 'musky': 57.9651, 'green': 56.8467, 'aromatic': 56.0829, 'tropical': 54.2881, 'powdery': 53.8898, 'woody': 53.5843}"
Red Tobacco,Mancera,https://fimgs.net/mdimg/perfume/375x500.46663.jpg,for women and men,4.13,1836,"warm spicy , tobacco , woody , sweet , vanilla , amber , cinnamon , oud , powdery , fruity ",strong,"['Cinnamon', 'Agarwood (Oud)', 'Saffron', 'Incense', 'Nutmeg', 'Green Apple', 'White Pear']","['Patchouli', 'Jasmine']","['Tobacco', 'Madagascar Vanilla', 'Amber', 'Sandalwood', 'Guaiac Wood', 'White Musk', 'Haitian Vetiver']","{'very weak': 54, 'weak': 47, 'moderate': 85, 'long lasting': 350, 'eternal': 699}",,"{'female': 10, 'more female': 11, 'unisex': 151, 'more male': 168, 'male': 169}","{'way overpriced': 14, 'overpriced': 36, 'ok': 203, 'good value': 137, 'great value': 70}",,,,,,,,fall and winter,"{'warm spicy': 100.0, 'tobacco': 97.255, 'woody': 78.933, 'sweet': 75.4138, 'vanilla': 67.6653, 'amber': 65.6783, 'cinnamon': 64.6329, 'oud': 60.9622, 'powdery': 59.1028, 'fruity': 57.822}"
Baccarat Rouge 540 Extrait de Parfum,Maison Francis Kurkdjian,https://fimgs.net/mdimg/perfume/375x500.46066.jpg,for women and men,4.28,2370,"amber , almond , woody , warm spicy , animalic , nutty , fruity , musky , white floral , sweet ",strong,"['Bitter Almond', 'Saffron']","['Egyptian Jasmine', 'Cedar']","['Ambergris', 'Musk', 'Woody Notes']","{'very weak': 63, 'weak': 52, 'moderate': 116, 'long lasting': 257, 'eternal': 594}",,"{'female': 81, 'more female': 84, 'unisex': 192, 'more male': 15, 'male': 8}","{'way overpriced': 181, 'overpriced': 93, 'ok': 60, 'good value': 20, 'great value': 16}",,,,,,,,fall and winter,"{'amber': 100.0, 'almond': 97.7462, 'woody': 86.6099, 'warm spicy': 80.0341, 'animalic': 78.3172, 'nutty': 70.6477, 'fruity': 63.8731, 'musky': 61.8182, 'white floral': 60.8902, 'sweet': 56.893}"
Aura Mugler,Mugler,https://fimgs.net/mdimg/perfume/375x500.45639.jpg,for women,3.63,5716,"green , woody , vanilla , sweet , fruity , aromatic , white floral , citrus , powdery ",strong,"['Rhubarb Leaf', 'Bergamot']","['Green Notes', 'Orange Blossom', 'Ylang-Ylang', 'Pear']","['Bourbon Vanilla', 'Woody Notes', 'Amberwood', 'Sandalwood', 'Coumarin']","{'very weak': 90, 'weak': 122, 'moderate': 446, 'long lasting': 742, 'eternal': 385}",,"{'female': 162, 'more female': 102, 'unisex': 88, 'more male': 7, 'male': 1}","{'way overpriced': 7, 'overpriced': 44, 'ok': 175, 'good value': 58, 'great value': 10}",,,,,,,,spring and summer,"{'green': 100.0, 'woody': 83.7937, 'vanilla': 79.2484, 'sweet': 73.8537, 'fruity': 63.2581, 'aromatic': 59.9731, 'white floral': 58.7402, 'citrus': 52.5367, 'powdery': 48.7833}"
Black Phantom,By Kilian,https://fimgs.net/mdimg/perfume/375x500.43632.jpg,for women and men,4.27,2146,"sweet , warm spicy , caramel , coffee , chocolate , rum , woody , almond , powdery , vanilla ",enormous,[],"['Dark Chocolate', 'Rum', 'Caramel', 'Coffee', 'Sugar Cane', 'Almond', 'Sandalwood', 'Heliotrope']",[],"{'very weak': 68, 'weak': 70, 'moderate': 191, 'long lasting': 316, 'eternal': 422}",,"{'female': 14, 'more female': 21, 'unisex': 167, 'more male': 95, 'male': 38}","{'way overpriced': 69, 'overpriced': 93, 'ok': 75, 'good value': 46, 'great value': 6}",,,,,,,,winter,"{'sweet': 100.0, 'warm spicy': 92.2229, 'caramel': 71.3151, 'coffee': 68.8129, 'chocolate': 66.5435, 'rum': 64.309, 'woody': 61.6613, 'almond': 59.4734, 'powdery': 46.9857, 'vanilla': 46.5319}"
Girl of Now,Elie Saab,https://fimgs.net/mdimg/perfume/375x500.45686.jpg,for women,4.01,2624,"almond , sweet , nutty , fruity , woody , citrus , amber , vanilla , floral , white floral ",moderate,"['Pistachio', 'Pear', 'Mandarin Orange']","['Almond', 'Orange Blossom', 'Magnolia']","['Almond Milk', 'Tonka Bean', 'Cashmeran', 'Patchouli']","{'very weak': 58, 'weak': 95, 'moderate': 273, 'long lasting': 441, 'eternal': 156}",,"{'female': 216, 'more female': 16, 'unisex': 6, 'more male': 1, 'male': 0}","{'way overpriced': 6, 'overpriced': 34, 'ok': 96, 'good value': 80, 'great value': 12}",,,,,,,,fall and winter,"{'almond': 100.0, 'sweet': 91.6913, 'nutty': 90.7965, 'fruity': 85.8935, 'woody': 79.3774, 'citrus': 63.1252, 'amber': 60.453, 'vanilla': 58.7609, 'floral': 56.0522, 'white floral': 55.8087}"
Light Blue Eau Intense Pour Homme,Dolce&Gabbana,https://fimgs.net/mdimg/perfume/375x500.44035.jpg,for men,4.17,2083,"aromatic , citrus , marine , fresh spicy , woody , salty , amber , musky , aquatic ",moderate,"['Grapefruit', 'Mandarin Orange']","['Sea water', 'Juniper']","['Amberwood', 'Musk']","{'very weak': 76, 'weak': 92, 'moderate': 316, 'long lasting': 676, 'eternal': 107}",,"{'female': 2, 'more female': 1, 'unisex': 18, 'more male': 90, 'male': 147}","{'way overpriced': 6, 'overpriced': 37, 'ok': 120, 'good value': 65, 'great value': 12}",,,,,,,,summer,"{'aromatic': 100.0, 'citrus': 97.2181, 'marine': 86.803, 'fresh spicy': 64.6437, 'woody': 60.5188, 'salty': 52.7212, 'amber': 47.5411, 'musky': 47.3355, 'aquatic': 47.0409}"
Scandal,Jean Paul Gaultier,https://fimgs.net/mdimg/perfume/375x500.45651.jpg,for women,3.78,3088,"honey , sweet , white floral , citrus , patchouli , caramel , animalic , beeswax , floral , woody ",strong,"['Blood Orange', 'Mandarin Orange']","['Honey', 'Gardenia', 'Orange Blossom', 'Jasmine', 'Peach']","['Beeswax', 'Patchouli', 'Caramel', 'Licorice']","{'very weak': 39, 'weak': 79, 'moderate': 228, 'long lasting': 459, 'eternal': 356}",,"{'female': 217, 'more female': 24, 'unisex': 3, 'more male': 2, 'male': 0}","{'way overpriced': 10, 'overpriced': 35, 'ok': 121, 'good value': 38, 'great value': 3}",,,,,,,,fall and winter,"{'honey': 100.0, 'sweet': 78.1837, 'white floral': 68.5579, 'citrus': 60.0998, 'patchouli': 53.7305, 'caramel': 52.2581, 'animalic': 52.1091, 'beeswax': 50.8747, 'floral': 48.2688, 'woody': 46.8477}"
Fucking Fabulous,Tom Ford,https://fimgs.net/mdimg/perfume/375x500.46513.jpg,for women and men,3.74,2372,"aromatic , vanilla , leather , almond , amber , sweet , woody , lavender , powdery , nutty ",moderate,"['Clary Sage', 'Lavender']","['Bitter Almond', 'Leather', 'Vanilla', 'Orris']","['Leather', 'Tonka Bean', 'Cashmeran', 'White Woods', 'Amber']","{'very weak': 143, 'weak': 94, 'moderate': 244, 'long lasting': 351, 'eternal': 145}",,"{'female': 6, 'more female': 13, 'unisex': 161, 'more male': 74, 'male': 23}","{'way overpriced': 122, 'overpriced': 77, 'ok': 29, 'good value': 13, 'great value': 6}",,,,,,,,spring,"{'aromatic': 100.0, 'vanilla': 91.4561, 'leather': 91.1555, 'almond': 87.84, 'amber': 79.0319, 'sweet': 78.1028, 'woody': 72.8107, 'lavender': 70.8979, 'powdery': 70.6884, 'nutty': 64.704}"
Gucci Guilty Absolute,Gucci,https://fimgs.net/mdimg/perfume/375x500.43040.jpg,for men,4.01,2893,"woody , leather , aromatic , animalic , earthy , patchouli , smoky ",moderate,['Leather'],"['Cypress', 'Patchouli']","['Woody Notes', 'Vetiver']","{'very weak': 83, 'weak': 86, 'moderate': 351, 'long lasting': 597, 'eternal': 332}",,"{'female': 1, 'more female': 0, 'unisex': 47, 'more male': 38, 'male': 289}","{'way overpriced': 13, 'overpriced': 19, 'ok': 126, 'good value': 109, 'great value': 85}",,,,,,,,fall and winter,"{'woody': 100.0, 'leather': 79.299, 'aromatic': 58.6796, 'animalic': 54.6495, 'earthy': 49.2421, 'patchouli': 47.2678, 'smoky': 44.7897}"
Gucci Bloom,Gucci,https://fimgs.net/mdimg/perfume/375x500.44894.jpg,for women,3.77,3783,"white floral , tuberose ",moderate,['Jasmine'],['Tuberose'],['Rangoon creeper'],"{'very weak': 98, 'weak': 103, 'moderate': 418, 'long lasting': 378, 'eternal': 140}",,"{'female': 161, 'more female': 23, 'unisex': 14, 'more male': 0, 'male': 1}","{'way overpriced': 18, 'overpriced': 31, 'ok': 96, 'good value': 14, 'great value': 9}",,,,,,,,spring and summer,"{'white floral': 100.0, 'tuberose': 62.2714}"
Luna Rossa Carbon,Prada,https://fimgs.net/mdimg/perfume/375x500.43402.jpg,for men,4.27,1929,"fresh spicy , amber , lavender , aromatic , mineral , metallic , citrus , musky , woody , earthy ",moderate,"['Bergamot', 'Pepper']","['Lavender', 'Metallic notes', 'Coal', 'Watery Notes', 'Soil tincture']","['Ambroxan', 'Patchouli']","{'very weak': 64, 'weak': 81, 'moderate': 327, 'long lasting': 521, 'eternal': 98}",,"{'female': 1, 'more female': 0, 'unisex': 11, 'more male': 41, 'male': 182}","{'way overpriced': 5, 'overpriced': 11, 'ok': 91, 'good value': 106, 'great value': 8}",,,,,,,,fall and winter,"{'fresh spicy': 100.0, 'amber': 96.799, 'lavender': 90.686, 'aromatic': 82.4611, 'mineral': 78.4154, 'metallic': 75.6812, 'citrus': 74.014, 'musky': 70.0794, 'woody': 59.0759, 'earthy': 56.4529}"
Light Blue Eau Intense,Dolce&Gabbana,https://fimgs.net/mdimg/perfume/375x500.44034.jpg,for women,4.17,1932,"citrus , musky , fresh , fruity , aromatic , amber , powdery , woody , green , white floral ",moderate,"['Lemon', 'Granny Smith apple']","['Marigold', 'Jasmine']","['Musk', 'Amberwood']","{'very weak': 58, 'weak': 78, 'moderate': 303, 'long lasting': 293, 'eternal': 78}",,"{'female': 57, 'more female': 36, 'unisex': 74, 'more male': 7, 'male': 1}","{'way overpriced': 6, 'overpriced': 17, 'ok': 77, 'good value': 35, 'great value': 9}",,,,,,,,summer,"{'citrus': 100.0, 'musky': 76.0369, 'fresh': 70.0909, 'fruity': 68.6591, 'aromatic': 65.1988, 'amber': 54.8579, 'powdery': 53.0185, 'woody': 49.8864, 'green': 49.3295, 'white floral': 49.2898}"
Emporio Armani Stronger With You,Giorgio Armani,https://fimgs.net/mdimg/perfume/375x500.45258.jpg,for men,4.01,2359,"warm spicy , vanilla , aromatic , sweet , woody , soft spicy , fruity , amber , ozonic , balsamic ",strong,"['Cardamom', 'Pink Pepper', 'Mint', 'Violet Leaf']","['Pineapple', 'Sage', 'Melon', 'Cinnamon', 'Lavender']","['Vanilla', 'Chestnut', 'Cedar', 'Amberwood', 'Guaiac Wood']","{'very weak': 64, 'weak': 65, 'moderate': 210, 'long lasting': 671, 'eternal': 167}",,"{'female': 3, 'more female': 4, 'unisex': 36, 'more male': 114, 'male': 90}","{'way overpriced': 4, 'overpriced': 30, 'ok': 111, 'good value': 64, 'great value': 11}",,,,,,,,fall and winter,"{'warm spicy': 100.0, 'vanilla': 89.2723, 'aromatic': 78.4256, 'sweet': 69.8005, 'woody': 69.3085, 'soft spicy': 61.0525, 'fruity': 57.0415, 'amber': 56.5971, 'ozonic': 54.9427, 'balsamic': 53.0821}"
Artisan Pure,John Varvatos,https://fimgs.net/mdimg/perfume/375x500.46623.jpg,for men,4.28,1562,"citrus , aromatic , fresh spicy , herbal ",moderate,"['Clementine', 'Mandarin Orange', 'Lemon', 'Bergamot', 'Thyme', 'Marjoram']","['Petitgrain', 'Ginger']","['Woody Notes', 'Musk', 'Orris Root', 'Amber']","{'very weak': 76, 'weak': 153, 'moderate': 417, 'long lasting': 158, 'eternal': 39}",,"{'female': 1, 'more female': 1, 'unisex': 41, 'more male': 92, 'male': 55}","{'way overpriced': 0, 'overpriced': 11, 'ok': 49, 'good value': 92, 'great value': 20}",,,,,,,,summer,"{'citrus': 100.0, 'aromatic': 59.4755, 'fresh spicy': 51.7128, 'herbal': 47.0864}"
Prada L'Homme Intense,Prada,https://fimgs.net/mdimg/perfume/375x500.45396.jpg,for men,4.44,1449,"iris , amber , powdery , woody , leather , earthy , violet , vanilla , warm spicy , animalic ",moderate,['iris'],"['Amber', 'Patchouli']","['Tonka Bean', 'Leather', 'Sandalwood']","{'very weak': 39, 'weak': 50, 'moderate': 160, 'long lasting': 419, 'eternal': 168}",,"{'female': 3, 'more female': 0, 'unisex': 36, 'more male': 75, 'male': 84}","{'way overpriced': 7, 'overpriced': 24, 'ok': 92, 'good value': 42, 'great value': 5}",,,,,,,,spring and summer,"{'iris': 100.0, 'amber': 87.0031, 'powdery': 86.5069, 'woody': 79.2913, 'leather': 72.7119, 'earthy': 68.8721, 'violet': 65.0, 'vanilla': 62.9939, 'warm spicy': 60.6102, 'animalic': 58.0431}"
Black Perfecto by La Petite Robe Noire,Guerlain,https://fimgs.net/mdimg/perfume/375x500.45017.jpg,for women,3.95,2271,"sweet , cherry , almond , nutty , leather , rose , fruity , soft spicy , animalic , patchouli ",moderate,"['Sour Cherry', 'Almond', 'Black Tea']","['Rose', 'Licorice']","['Leather', 'Tonka Bean', 'Patchouli', 'Black Musk']","{'very weak': 50, 'weak': 87, 'moderate': 267, 'long lasting': 294, 'eternal': 104}",,"{'female': 85, 'more female': 61, 'unisex': 38, 'more male': 0, 'male': 0}","{'way overpriced': 2, 'overpriced': 11, 'ok': 73, 'good value': 56, 'great value': 13}",,,,,,,,fall,"{'sweet': 100.0, 'cherry': 84.4442, 'almond': 81.6638, 'nutty': 75.1538, 'leather': 68.8472, 'rose': 61.5815, 'fruity': 61.2763, 'soft spicy': 57.6386, 'animalic': 51.3999, 'patchouli': 46.807900000000004}"
Sì Passione,Giorgio Armani,https://fimgs.net/mdimg/perfume/375x500.48002.jpg,for women,3.75,2306,"fruity , sweet , woody , rose , vanilla , soft spicy , floral , fresh , powdery , citrus ",moderate,"['Pear', 'Black Currant', 'Pink Pepper', 'Grapefruit']","['Rose', 'Pineapple', 'Heliotrope', 'Jasmine']","['Vanilla', 'Cedar', 'Patchouli', 'Amberwood']","{'very weak': 101, 'weak': 145, 'moderate': 307, 'long lasting': 133, 'eternal': 53}",,"{'female': 137, 'more female': 13, 'unisex': 4, 'more male': 0, 'male': 0}","{'way overpriced': 17, 'overpriced': 31, 'ok': 77, 'good value': 9, 'great value': 2}",,,,,,,,spring,"{'fruity': 100.0, 'sweet': 71.7321, 'woody': 55.9421, 'rose': 54.7169, 'vanilla': 54.016, 'soft spicy': 53.5046, 'floral': 48.6246, 'fresh': 47.2359, 'powdery': 45.4552, 'citrus': 44.8192}"
Twilly d’Hermès,Hermès,https://fimgs.net/mdimg/perfume/375x500.46145.jpg,for women,3.67,3445,"white floral , warm spicy , citrus , tuberose , woody , fresh , powdery , animalic , vanilla ",moderate,"['Ginger', 'Bitter Orange', 'Bergamot']","['Tuberose', 'Orange Blossom', 'Jasmine']","['Sandalwood', 'Vanilla']","{'very weak': 64, 'weak': 89, 'moderate': 333, 'long lasting': 335, 'eternal': 147}",,"{'female': 84, 'more female': 37, 'unisex': 33, 'more male': 1, 'male': 1}","{'way overpriced': 3, 'overpriced': 23, 'ok': 68, 'good value': 20, 'great value': 5}",,,,,,,,summer,"{'white floral': 100.0, 'warm spicy': 90.0373, 'citrus': 80.7654, 'tuberose': 77.7796, 'woody': 64.4761, 'fresh': 53.0225, 'powdery': 51.6409, 'animalic': 48.5707, 'vanilla': 44.3531}"
Fleur Musc for Her,Narciso Rodriguez,https://fimgs.net/mdimg/perfume/375x500.42580.jpg,for women,3.99,2712,"rose , floral , musky , fresh , powdery , soft spicy , patchouli ",moderate,['Pink Pepper'],"['Rose', 'Musk', 'Peony']","['Patchouli', 'Violet', 'Amber']","{'very weak': 82, 'weak': 101, 'moderate': 309, 'long lasting': 275, 'eternal': 115}",,"{'female': 124, 'more female': 19, 'unisex': 6, 'more male': 1, 'male': 0}","{'way overpriced': 3, 'overpriced': 23, 'ok': 70, 'good value': 31, 'great value': 5}",,,,,,,,spring and summer,"{'rose': 100.0, 'floral': 91.2429, 'musky': 80.3218, 'fresh': 67.3538, 'powdery': 62.8662, 'soft spicy': 45.8225, 'patchouli': 44.7364}"
Gabrielle,Chanel,https://fimgs.net/mdimg/perfume/375x500.43718.jpg,for women,3.58,4859,"white floral , citrus , woody , sweet , fruity , yellow floral , musky , powdery , tuberose , animalic ",moderate,"['Grapefruit', 'Mandarin Orange', 'Black Currant']","['Orange Blossom', 'Jasmine', 'Ylang-Ylang', 'Tuberose', 'Lily-of-the-Valley', 'Pear', 'Pink Pepper']","['Musk', 'Sandalwood', 'Cashmeran', 'Orris']","{'very weak': 216, 'weak': 246, 'moderate': 515, 'long lasting': 337, 'eternal': 168}",,"{'female': 120, 'more female': 26, 'unisex': 8, 'more male': 0, 'male': 0}","{'way overpriced': 30, 'overpriced': 42, 'ok': 52, 'good value': 9, 'great value': 0}",,,,,,,,summer,"{'white floral': 100.0, 'citrus': 96.3728, 'woody': 59.5493, 'sweet': 55.9998, 'fruity': 53.6549, 'yellow floral': 51.4107, 'musky': 49.832, 'powdery': 48.568, 'tuberose': 47.5929, 'animalic': 45.9084}"
Elysium Pour Homme Parfum Cologne,Roja Dove,https://fimgs.net/mdimg/perfume/375x500.46296.jpg,for men,4.33,1048,"citrus , aromatic , woody , fresh spicy , amber , green , fruity , earthy , animalic ",moderate,"['Grapefruit', 'Lemon', 'Bergamot', 'Lime', 'Thyme', 'Artemisia', 'Galbanum']","['Vetiver', 'Juniper Berries', 'Black Currant', 'Apple', 'Cedar', 'Pink Pepper', 'Rose', 'Jasmine', 'Cypriol Oil or Nagarmotha', 'Lily-of-the-Valley']","['Ambergris', 'Vanilla', 'Benzoin', 'Leather', 'Labdanum']","{'very weak': 62, 'weak': 100, 'moderate': 238, 'long lasting': 166, 'eternal': 70}",,"{'female': 1, 'more female': 1, 'unisex': 17, 'more male': 67, 'male': 77}","{'way overpriced': 89, 'overpriced': 46, 'ok': 25, 'good value': 3, 'great value': 7}",,,,,,,,summer,"{'citrus': 100.0, 'aromatic': 94.1484, 'woody': 76.7285, 'fresh spicy': 65.3083, 'amber': 56.9006, 'green': 52.6469, 'fruity': 52.3265, 'earthy': 49.1831, 'animalic': 45.4552}"
Versace Pour Femme Dylan Blue,Versace,https://fimgs.net/mdimg/perfume/375x500.47459.jpg,for women,3.6,1951,"fruity , floral , green , rose , fresh , woody , sweet ",moderate,"['Granny Smith apple', 'Black Currant', 'Clover', 'Forget me not', 'Shiso']","['Peach', 'Rose Hip', 'Petalia', 'Rose', 'Jasmine']","['Musk', 'White Woods', 'Styrax', 'Patchouli']","{'very weak': 54, 'weak': 115, 'moderate': 245, 'long lasting': 121, 'eternal': 81}",,"{'female': 97, 'more female': 29, 'unisex': 17, 'more male': 2, 'male': 0}","{'way overpriced': 7, 'overpriced': 38, 'ok': 57, 'good value': 21, 'great value': 1}",,,,,,,,summer,"{'fruity': 100.0, 'floral': 85.8998, 'green': 70.2284, 'rose': 66.363, 'fresh': 63.9922, 'woody': 46.9081, 'sweet': 46.7259}"
Miss Dior Eau de Parfum (2017),Christian Dior,https://fimgs.net/mdimg/perfume/375x500.45202.jpg,for women,3.9,1902,"citrus , rose , woody , patchouli , sweet , warm spicy , soft spicy , floral , balsamic ",moderate,"['Pink Pepper', 'Blood Orange', 'Sweet Orange', 'Mandarin Orange', 'Calabrian bergamot', 'Lemon']","['Grasse Rose', 'Damask Rose', 'Jasmine Leaf']","['Patchouli', 'Palisander Rosewood']","{'very weak': 49, 'weak': 54, 'moderate': 180, 'long lasting': 258, 'eternal': 108}",,"{'female': 118, 'more female': 8, 'unisex': 8, 'more male': 0, 'male': 1}","{'way overpriced': 11, 'overpriced': 34, 'ok': 62, 'good value': 6, 'great value': 5}",,,,,,,,spring,"{'citrus': 100.0, 'rose': 67.3695, 'woody': 66.5972, 'patchouli': 56.4446, 'sweet': 51.7007, 'warm spicy': 48.1984, 'soft spicy': 44.8842, 'floral': 44.2952, 'balsamic': 44.1535}"
Psychedelic Love,Initio Parfums Prives,https://fimgs.net/mdimg/perfume/375x500.45977.jpg,for women and men,4.47,774,"powdery , woody , floral , amber , vanilla , yellow floral , warm spicy , sweet , almond , balsamic ",enormous,"['Ylang-Ylang', 'Bergamot']","['Heliotrope', 'Hedione', 'Bulgarian Rose']","['Myrrh', 'Sandalwood']","{'very weak': 27, 'weak': 27, 'moderate': 38, 'long lasting': 98, 'eternal': 270}",,"{'female': 34, 'more female': 26, 'unisex': 51, 'more male': 5, 'male': 3}","{'way overpriced': 13, 'overpriced': 27, 'ok': 23, 'good value': 25, 'great value': 7}",,,,,,,,spring and winter,"{'powdery': 100.0, 'woody': 89.3211, 'floral': 82.5358, 'amber': 74.8344, 'vanilla': 71.8855, 'yellow floral': 70.3681, 'warm spicy': 66.7607, 'sweet': 65.1288, 'almond': 59.9182, 'balsamic': 55.8527}"
Vanille Fatale,Tom Ford,https://fimgs.net/mdimg/perfume/375x500.48029.jpg,for women and men,4.19,1196,"vanilla , warm spicy , sweet , amber , woody , powdery , aromatic , leather , balsamic , tobacco ",moderate,"['Myrrh', 'Rum', 'Olibanum', 'Coriander', 'Saffron', 'Orange', 'Lime']","['Barley', 'Coffee', 'Frangipani', 'Plum', 'Narcissus', 'Rose', 'Artemisia']","['Madagascar Vanilla', 'Suede', 'Mahogany', 'Tobacco', 'Patchouli', 'Oakmoss', 'Violet']","{'very weak': 37, 'weak': 31, 'moderate': 74, 'long lasting': 156, 'eternal': 94}",,"{'female': 11, 'more female': 29, 'unisex': 53, 'more male': 8, 'male': 0}","{'way overpriced': 14, 'overpriced': 40, 'ok': 21, 'good value': 5, 'great value': 1}",,,,,,,,fall and winter,"{'vanilla': 100.0, 'warm spicy': 83.0174, 'sweet': 74.5483, 'amber': 72.8899, 'woody': 70.377, 'powdery': 64.1044, 'aromatic': 61.4839, 'leather': 59.3951, 'balsamic': 58.1114, 'tobacco': 55.8643}"
Insolence Eau de Parfum,Guerlain,https://fimgs.net/mdimg/perfume/375x500.58910.jpg,for women,4.17,466,"powdery , violet , iris ",strong,[],"['Violet', 'Powdery Notes', 'iris', 'Red Berries']",[],"{'very weak': 8, 'weak': 18, 'moderate': 45, 'long lasting': 96, 'eternal': 64}",,"{'female': 93, 'more female': 11, 'unisex': 3, 'more male': 1, 'male': 0}","{'way overpriced': 4, 'overpriced': 13, 'ok': 43, 'good value': 28, 'great value': 9}",,,,,,,,spring,"{'powdery': 100.0, 'violet': 79.4594, 'iris': 57.4579}"
La Vie est Belle L'Éclat,Lancome,https://fimgs.net/mdimg/perfume/375x500.45892.jpg,for women,3.88,1627,"white floral , citrus , vanilla , powdery , woody , sweet , floral , iris ",moderate,"['Bergamot', 'Mandarin Orange', 'Freesia']","['Orange Blossom', 'White Flowers', 'iris', 'Jasmine Sambac']","['Vanilla', 'Sandalwood', 'Patchouli']","{'very weak': 31, 'weak': 34, 'moderate': 130, 'long lasting': 248, 'eternal': 113}",,"{'female': 100, 'more female': 4, 'unisex': 0, 'more male': 0, 'male': 0}","{'way overpriced': 5, 'overpriced': 18, 'ok': 54, 'good value': 15, 'great value': 4}",,,,,,,,spring,"{'white floral': 100.0, 'citrus': 69.7324, 'vanilla': 60.169, 'powdery': 57.2047, 'woody': 55.3906, 'sweet': 46.938, 'floral': 45.331, 'iris': 44.723}"
Bad Boy,Carolina Herrera,https://fimgs.net/mdimg/perfume/375x500.55449.jpg,for men,3.27,742,"amber , warm spicy , woody , cacao , aromatic , fresh spicy , vanilla , sweet , citrus , herbal ",moderate,"['White Pepper', 'Black Pepper', 'Bergamot']","['Sage', 'Cedar']","['Tonka Bean', 'Cacao', 'Amberwood']","{'very weak': 46, 'weak': 52, 'moderate': 157, 'long lasting': 101, 'eternal': 45}",,"{'female': 5, 'more female': 2, 'unisex': 24, 'more male': 42, 'male': 71}","{'way overpriced': 20, 'overpriced': 42, 'ok': 49, 'good value': 16, 'great value': 3}",,,,,,,,fall and winter,"{'amber': 100.0, 'warm spicy': 98.8312, 'woody': 83.7403, 'cacao': 81.6883, 'aromatic': 80.8052, 'fresh spicy': 78.4416, 'vanilla': 73.4546, 'sweet': 65.1688, 'citrus': 58.3117, 'herbal': 47.4156}"
L'Heure Bleue Eau de Parfum,Guerlain,https://fimgs.net/mdimg/perfume/375x500.208.jpg,for women,4.3,4502,"powdery , floral , vanilla , warm spicy , woody , violet , aromatic , iris , soft spicy , sweet ",strong,"['Anise', 'Neroli', 'Coriander', 'Bergamot', 'Lemon']","['Heliotrope', 'Carnation', 'Violet', 'Cloves', 'Neroli', 'Ylang-Ylang', 'Bulgarian Rose', 'Jasmine', 'Orchid', 'Tuberose']","['iris', 'Vanilla', 'Benzoin', 'Sandalwood', 'Tonka Bean', 'Musk', 'Vetiver']","{'very weak': 58, 'weak': 51, 'moderate': 190, 'long lasting': 439, 'eternal': 244}",,"{'female': 43, 'more female': 27, 'unisex': 19, 'more male': 0, 'male': 3}","{'way overpriced': 1, 'overpriced': 7, 'ok': 28, 'good value': 41, 'great value': 7}",,,,,,,,winter,"{'powdery': 100.0, 'floral': 81.2238, 'vanilla': 78.4673, 'warm spicy': 74.7813, 'woody': 62.502, 'violet': 62.4452, 'aromatic': 60.4178, 'iris': 57.4692, 'soft spicy': 53.3882, 'sweet': 52.6866}"
Zahrat Hawai,Al-Rehab,https://fimgs.net/mdimg/perfume/375x500.27973.jpg,for women and men,3.81,212,"fruity , sweet , coconut , tropical , citrus , fresh ",moderate,[],"['Pineapple', 'Piña Colada', 'Citruses', 'Big Strawberry', 'Coconut', 'Exotic floral notes', 'Caramel', 'Woody Notes']",[],"{'very weak': 7, 'weak': 11, 'moderate': 42, 'long lasting': 28, 'eternal': 12}",,"{'female': 8, 'more female': 1, 'unisex': 4, 'more male': 0, 'male': 1}","{'way overpriced': 1, 'overpriced': 1, 'ok': 0, 'good value': 4, 'great value': 6}",,,,,,,,summer,"{'fruity': 100.0, 'sweet': 96.7939, 'coconut': 69.6814, 'tropical': 52.1872, 'citrus': 51.8387, 'fresh': 51.3043}"
Glow,Jennifer Lopez,https://fimgs.net/mdimg/perfume/375x500.869.jpg,for women,3.62,4066,"white floral , citrus , musky , powdery , rose , floral , animalic ",moderate,"['Neroli', 'Orange Blossom', 'Grapefruit']","['Jasmine', 'Rose', 'Tuberose']","['Musk', 'Sandalwood', 'Orris Root', 'Vanilla', 'Amber']","{'very weak': 54, 'weak': 81, 'moderate': 279, 'long lasting': 330, 'eternal': 131}",,"{'female': 64, 'more female': 9, 'unisex': 2, 'more male': 0, 'male': 0}","{'way overpriced': 1, 'overpriced': 3, 'ok': 11, 'good value': 20, 'great value': 34}",,,,,,,,spring and summer,"{'white floral': 100.0, 'citrus': 69.5168, 'musky': 61.468, 'powdery': 60.242, 'rose': 53.439, 'floral': 48.2111, 'animalic': 45.0535}"
Whispers in the Library,Maison Martin Margiela,https://fimgs.net/mdimg/perfume/375x500.53537.jpg,for women and men,4.2,764,"woody , vanilla , fresh spicy , powdery ",moderate,[],"['Vanilla', 'Woody Notes', 'Pepper', 'Cedar']",[],"{'very weak': 23, 'weak': 44, 'moderate': 153, 'long lasting': 53, 'eternal': 19}",,"{'female': 6, 'more female': 20, 'unisex': 97, 'more male': 11, 'male': 2}","{'way overpriced': 4, 'overpriced': 40, 'ok': 56, 'good value': 3, 'great value': 0}",,,,,,,,fall and winter,"{'woody': 100.0, 'vanilla': 80.9415, 'fresh spicy': 61.1705, 'powdery': 50.2341}"
Coco Mademoiselle,Chanel,https://fimgs.net/mdimg/perfume/375x500.611.jpg,for women,4.15,21114,"citrus , woody , patchouli , sweet , white floral , rose , earthy , vanilla , yellow floral , warm spicy ",moderate,"['Orange', 'Mandarin Orange', 'Bergamot', 'Orange Blossom']","['Turkish Rose', 'Jasmine', 'Mimosa', 'Ylang-Ylang']","['Patchouli', 'White Musk', 'Vanilla', 'Vetiver', 'Tonka Bean', 'Opoponax']","{'very weak': 196, 'weak': 266, 'moderate': 948, 'long lasting': 2028, 'eternal': 2271}",,"{'female': 479, 'more female': 77, 'unisex': 31, 'more male': 2, 'male': 3}","{'way overpriced': 74, 'overpriced': 196, 'ok': 215, 'good value': 46, 'great value': 13}",,,,,,,,winter,"{'citrus': 100.0, 'woody': 63.1113, 'patchouli': 62.3942, 'sweet': 62.1819, 'white floral': 58.7302, 'rose': 53.6634, 'earthy': 49.1042, 'vanilla': 48.9538, 'yellow floral': 48.2293, 'warm spicy': 48.1444}"
Boss Soul,Hugo Boss,https://fimgs.net/mdimg/perfume/375x500.384.jpg,for men,3.91,717,"warm spicy , aromatic , fresh spicy , vanilla , citrus , amber , cinnamon , soft spicy , sweet , powdery ",moderate,"['Cardamom', 'Pepper', 'Anise', 'Mandarin Orange', 'Bergamot']","['Cinnamon', 'Nutmeg', 'Lavender', 'Coriander']","['Vanilla', 'Tonka Bean', 'Amber', 'Vetiver', 'Musk']","{'very weak': 18, 'weak': 35, 'moderate': 116, 'long lasting': 43, 'eternal': 15}",,"{'female': 0, 'more female': 0, 'unisex': 1, 'more male': 4, 'male': 8}","{'way overpriced': 2, 'overpriced': 0, 'ok': 5, 'good value': 2, 'great value': 4}",,,,,,,,fall,"{'warm spicy': 100.0, 'aromatic': 89.2407, 'fresh spicy': 89.1893, 'vanilla': 65.8987, 'citrus': 58.2465, 'amber': 57.2194, 'cinnamon': 56.9626, 'soft spicy': 54.9211, 'sweet': 51.6985, 'powdery': 49.2975}"
Light Blue pour Homme,Dolce&Gabbana,https://fimgs.net/mdimg/perfume/375x500.1068.jpg,for men,3.9,3457,"citrus , fresh spicy , aromatic , woody , warm spicy ",moderate,"['Grapefruit', 'Bergamot', 'Sicilian Mandarin', 'Juniper']","['Pepper', 'Rosemary', 'Brazilian Rosewood']","['Incense', 'Musk', 'Oakmoss']","{'very weak': 95, 'weak': 147, 'moderate': 670, 'long lasting': 232, 'eternal': 46}",,"{'female': 0, 'more female': 1, 'unisex': 16, 'more male': 38, 'male': 73}","{'way overpriced': 4, 'overpriced': 19, 'ok': 58, 'good value': 26, 'great value': 8}",,,,,,,,summer,"{'citrus': 100.0, 'fresh spicy': 95.7757, 'aromatic': 74.1402, 'woody': 60.9439, 'warm spicy': 44.6869}"
Libre,Yves Saint Laurent,https://fimgs.net/mdimg/perfume/375x500.56077.jpg,for women,3.77,3595,"white floral , citrus , lavender , vanilla , aromatic , sweet , animalic , woody , fruity , powdery ",moderate,"['Lavender', 'Mandarin Orange', 'Black Currant', 'Petitgrain']","['Lavender', 'Orange Blossom', 'Jasmine']","['Madagascar Vanilla', 'Ambergris', 'Musk', 'Cedar']","{'very weak': 118, 'weak': 118, 'moderate': 386, 'long lasting': 569, 'eternal': 249}",,"{'female': 311, 'more female': 151, 'unisex': 107, 'more male': 12, 'male': 5}","{'way overpriced': 25, 'overpriced': 112, 'ok': 263, 'good value': 55, 'great value': 14}",,,,,,,,spring and summer,"{'white floral': 100.0, 'citrus': 84.5584, 'lavender': 73.6233, 'vanilla': 67.3469, 'aromatic': 58.8756, 'sweet': 56.133, 'animalic': 54.1449, 'woody': 52.8506, 'fruity': 52.5017, 'powdery': 52.0495}"
Soleil Blanc,Tom Ford,https://fimgs.net/mdimg/perfume/375x500.34893.jpg,for women and men,4.17,1965,"coconut , white floral , sweet , amber , tuberose , yellow floral , vanilla , woody , warm spicy , nutty ",moderate,"['Pistachio', 'Bergamot', 'Cardamom', 'Pink Pepper']","['Tuberose', 'Ylang-Ylang', 'Jasmine']","['Coconut', 'Amber', 'Tonka Bean', 'Benzoin']","{'very weak': 66, 'weak': 78, 'moderate': 192, 'long lasting': 166, 'eternal': 113}",,"{'female': 53, 'more female': 40, 'unisex': 42, 'more male': 3, 'male': 0}","{'way overpriced': 32, 'overpriced': 53, 'ok': 24, 'good value': 6, 'great value': 3}",,,,,,,,summer,"{'coconut': 100.0, 'white floral': 96.7936, 'sweet': 92.3339, 'amber': 81.9355, 'tuberose': 80.4677, 'yellow floral': 79.4516, 'vanilla': 71.1532, 'woody': 69.2113, 'warm spicy': 65.6549, 'nutty': 57.6387}"
Secret de Rochas Rose Intense,Rochas,https://fimgs.net/mdimg/perfume/375x500.32282.jpg,for women,4.01,151,"fruity , rose , sweet , floral , tropical , patchouli , earthy , musky , woody , powdery ",moderate,"['May Rose', 'Passionfruit', 'Peach']","['Red Rose', 'Green Leaves', 'Osmanthus']","['Patchouli', 'Musk', 'Moss', 'Amber']","{'very weak': 9, 'weak': 6, 'moderate': 29, 'long lasting': 11, 'eternal': 5}",,"{'female': 0, 'more female': 0, 'unisex': 1, 'more male': 0, 'male': 0}","{'way overpriced': 0, 'overpriced': 0, 'ok': 0, 'good value': 0, 'great value': 1}",,,,,,,,spring,"{'fruity': 100.0, 'rose': 89.4594, 'sweet': 68.1621, 'floral': 64.8648, 'tropical': 64.4324, 'patchouli': 59.7297, 'earthy': 57.027, 'musky': 57.027, 'woody': 54.3243, 'powdery': 53.8378}"
Jasmin et Cigarette,Etat Libre d'Orange,https://fimgs.net/mdimg/perfume/375x500.4518.jpg,for women,3.78,1467,"white floral , tobacco , sweet , green , fruity , fresh spicy , powdery , musky , herbal ",moderate,[],"['Jasmine', 'Tobacco', 'Apricot', 'Hay', 'Musk', 'Cedar', 'Cumin', 'Tonka Bean', 'Amber']",[],"{'very weak': 28, 'weak': 48, 'moderate': 137, 'long lasting': 74, 'eternal': 34}",,"{'female': 9, 'more female': 16, 'unisex': 32, 'more male': 2, 'male': 1}","{'way overpriced': 1, 'overpriced': 4, 'ok': 26, 'good value': 7, 'great value': 1}",,,,,,,,spring,"{'white floral': 100.0, 'tobacco': 87.1696, 'sweet': 72.7943, 'green': 53.8803, 'fruity': 51.9514, 'fresh spicy': 51.9252, 'powdery': 50.7644, 'musky': 48.8529, 'herbal': 44.5935}"
En Passant,Frederic Malle,https://fimgs.net/mdimg/perfume/375x500.2793.jpg,for women,4.23,1880,"floral , fresh , aquatic , green , ozonic ",moderate,[],"['Lilac', 'Watery Notes', 'Cucumber', 'Wheat', 'Petitgrain']",[],"{'very weak': 53, 'weak': 76, 'moderate': 182, 'long lasting': 87, 'eternal': 32}",,"{'female': 39, 'more female': 25, 'unisex': 10, 'more male': 1, 'male': 0}","{'way overpriced': 16, 'overpriced': 27, 'ok': 21, 'good value': 1, 'great value': 0}",,,,,,,,spring,"{'floral': 100.0, 'fresh': 79.3291, 'aquatic': 78.9521, 'green': 65.0957, 'ozonic': 52.8308}"
Club de Nuit Intense Man,Armaf,https://fimgs.net/mdimg/perfume/375x500.34696.jpg,for men,4.26,5084,"citrus , fruity , leather , smoky , woody , sweet , fresh , aromatic , musky , tropical ",strong,"['Lemon', 'Pineapple', 'Black Currant', 'Bergamot', 'Apple']","['Birch', 'Jasmine', 'Rose']","['Musk', 'Ambergris', 'Patchouli', 'Vanilla']","{'very weak': 148, 'weak': 191, 'moderate': 802, 'long lasting': 1815, 'eternal': 558}",,"{'female': 3, 'more female': 2, 'unisex': 21, 'more male': 95, 'male': 607}","{'way overpriced': 15, 'overpriced': 20, 'ok': 72, 'good value': 214, 'great value': 398}",,,,,,,,spring and summer,"{'citrus': 100.0, 'fruity': 79.7397, 'leather': 72.0658, 'smoky': 63.6527, 'woody': 58.556, 'sweet': 55.2917, 'fresh': 54.5524, 'aromatic': 54.2654, 'musky': 45.3652, 'tropical': 44.1621}"
Explorer,Montblanc,https://fimgs.net/mdimg/perfume/375x500.52002.jpg,for men,4.19,2442,"woody , citrus , amber , aromatic , musky , fresh spicy , oud , soft spicy , warm spicy , earthy ",moderate,"['Bergamot', 'Pink Pepper', 'Clary Sage']","['Haitian Vetiver', 'Leather']","['Ambroxan', 'Akigalawood', 'Indonesian Patchouli Leaf', 'Cacao Pod']","{'very weak': 119, 'weak': 183, 'moderate': 587, 'long lasting': 604, 'eternal': 106}",,"{'female': 3, 'more female': 1, 'unisex': 14, 'more male': 98, 'male': 429}","{'way overpriced': 10, 'overpriced': 23, 'ok': 139, 'good value': 286, 'great value': 88}",,,,,,,,spring,"{'woody': 100.0, 'citrus': 97.4282, 'amber': 88.7308, 'aromatic': 86.346, 'musky': 73.2064, 'fresh spicy': 63.7141, 'oud': 63.499, 'soft spicy': 59.141, 'warm spicy': 58.9632, 'earthy': 56.1857}"
Toy Boy,Moschino,https://fimgs.net/mdimg/perfume/375x500.55858.jpg,for men,4.1,1551,"rose , floral , musky , woody , soft spicy , fresh spicy , aromatic , amber , citrus , sweet ",strong,"['Pink Pepper', 'Pear', 'Indonesian Nutmeg', 'elemi', 'Bergamot']","['Rose', 'Magnolia', 'Clove', 'Flax']","['Haitian Vetiver', 'Cashmeran', 'Sylkolide', 'Amber', 'Sandalwood']","{'very weak': 52, 'weak': 57, 'moderate': 196, 'long lasting': 542, 'eternal': 185}",,"{'female': 17, 'more female': 36, 'unisex': 314, 'more male': 162, 'male': 69}","{'way overpriced': 15, 'overpriced': 33, 'ok': 165, 'good value': 237, 'great value': 71}",,,,,,,,winter,"{'rose': 100.0, 'floral': 85.9767, 'musky': 74.7313, 'woody': 71.0993, 'soft spicy': 70.1073, 'fresh spicy': 64.5341, 'aromatic': 63.4299, 'amber': 63.2746, 'citrus': 59.5347, 'sweet': 56.4851}"
Idôle,Lancome,https://fimgs.net/mdimg/perfume/375x500.55795.jpg,for women,3.58,3137,"rose , musky , fruity , sweet , white floral , powdery , floral , citrus , aquatic , fresh ",moderate,"['Pear', 'Bergamot']","['Turkish Rose', 'Rose de Mai', 'Indian Jasmine']","['White Musk', 'Vanilla']","{'very weak': 123, 'weak': 181, 'moderate': 437, 'long lasting': 274, 'eternal': 157}",,"{'female': 324, 'more female': 21, 'unisex': 9, 'more male': 0, 'male': 2}","{'way overpriced': 33, 'overpriced': 129, 'ok': 114, 'good value': 21, 'great value': 8}",,,,,,,,spring,"{'rose': 100.0, 'musky': 87.1053, 'fruity': 80.4737, 'sweet': 73.3509, 'white floral': 70.9561, 'powdery': 67.0693, 'floral': 62.986, 'citrus': 58.7982, 'aquatic': 56.9193, 'fresh': 54.2851}"
Pure Musc For Her,Narciso Rodriguez,https://fimgs.net/mdimg/perfume/375x500.53441.jpg,for women,4.08,2500,"musky , floral , powdery , woody ",moderate,['Musk'],['Flowers'],['Cashmeran'],"{'very weak': 82, 'weak': 100, 'moderate': 354, 'long lasting': 290, 'eternal': 164}",,"{'female': 209, 'more female': 59, 'unisex': 51, 'more male': 1, 'male': 1}","{'way overpriced': 17, 'overpriced': 39, 'ok': 167, 'good value': 49, 'great value': 9}",,,,,,,,winter,"{'musky': 100.0, 'floral': 82.3365, 'powdery': 72.6869, 'woody': 54.5981}"
La Belle,Jean Paul Gaultier,https://fimgs.net/mdimg/perfume/375x500.55786.jpg,for women,4.14,1544,"vanilla , fruity , sweet , aquatic , aromatic , woody , fresh , powdery , earthy ",strong,['Pear'],['Vetiver'],['Vanilla'],"{'very weak': 42, 'weak': 58, 'moderate': 183, 'long lasting': 286, 'eternal': 147}",,"{'female': 243, 'more female': 26, 'unisex': 8, 'more male': 1, 'male': 1}","{'way overpriced': 18, 'overpriced': 49, 'ok': 124, 'good value': 40, 'great value': 13}",,,,,,,,winter,"{'vanilla': 100.0, 'fruity': 84.4937, 'sweet': 80.3291, 'aquatic': 59.0633, 'aromatic': 53.481, 'woody': 53.481, 'fresh': 51.7975, 'powdery': 51.0, 'earthy': 50.1266}"
Mémoire d’une Odeur,Gucci,https://fimgs.net/mdimg/perfume/375x500.56096.jpg,for women and men,3.6,2551,"herbal , woody , musky , floral , powdery , aromatic , white floral , almond , fresh spicy , sweet ",intimate,"['Chamomile', 'Bitter Almond']","['Musk', 'Indian Jasmine', 'Jasmine']","['Sandalwood', 'Cedar', 'Vanilla']","{'very weak': 127, 'weak': 177, 'moderate': 302, 'long lasting': 161, 'eternal': 71}",,"{'female': 42, 'more female': 56, 'unisex': 200, 'more male': 6, 'male': 0}","{'way overpriced': 25, 'overpriced': 42, 'ok': 121, 'good value': 55, 'great value': 9}",,,,,,,,spring and summer,"{'herbal': 100.0, 'woody': 81.4752, 'musky': 77.0608, 'floral': 76.5721, 'powdery': 76.312, 'aromatic': 61.3975, 'white floral': 61.2162, 'almond': 56.6442, 'fresh spicy': 47.5, 'sweet': 46.6329}"
Armani Code Absolu,Giorgio Armani,https://fimgs.net/mdimg/perfume/375x500.53106.jpg,for men,4.32,1360,"vanilla , sweet , powdery , amber , citrus , fresh spicy , leather , musky , woody ",strong,"['Green Mandarin', 'Apple']","['Nutmeg', 'Orange Blossom', 'Carrot Seeds']","['Vanilla', 'Tonka Bean', 'Suede', 'Woody Notes']","{'very weak': 53, 'weak': 41, 'moderate': 136, 'long lasting': 540, 'eternal': 107}",,"{'female': 1, 'more female': 4, 'unisex': 35, 'more male': 106, 'male': 130}","{'way overpriced': 8, 'overpriced': 44, 'ok': 134, 'good value': 56, 'great value': 7}",,,,,,,,spring,"{'vanilla': 100.0, 'sweet': 59.7095, 'powdery': 58.9316, 'amber': 50.478, 'citrus': 49.2127, 'fresh spicy': 49.0956, 'leather': 47.91, 'musky': 46.3543, 'woody': 44.5267}"
Instant Crush,Mancera,https://fimgs.net/mdimg/perfume/375x500.54885.jpg,for women and men,4.13,814,"warm spicy , woody , amber , vanilla , powdery , citrus , musky , rose , leather , earthy ",strong,"['Saffron', 'Ginger', 'Sicilian Mandarin', 'Sicilian Bergamot']","['Amberwood', 'Moroccan Rose', 'Egyptian Jasmine', 'Indonesian Patchouli Leaf']","['Madagascar Vanilla', 'Sandalwood', 'White Musk', 'Oakmoss']","{'very weak': 42, 'weak': 44, 'moderate': 76, 'long lasting': 185, 'eternal': 265}",,"{'female': 33, 'more female': 43, 'unisex': 170, 'more male': 19, 'male': 7}","{'way overpriced': 7, 'overpriced': 29, 'ok': 101, 'good value': 79, 'great value': 18}",,,,,,,,spring and fall,"{'warm spicy': 100.0, 'woody': 88.8951, 'amber': 65.8642, 'vanilla': 63.4156, 'powdery': 60.0597, 'citrus': 53.8807, 'musky': 48.1482, 'rose': 46.1317, 'leather': 45.786, 'earthy': 44.9506}"
Mon Guerlain Eau de Parfum Intense,Guerlain,https://fimgs.net/mdimg/perfume/375x500.55997.jpg,for women,4.26,1097,"vanilla , woody , lavender , aromatic , balsamic , sweet , powdery , warm spicy , patchouli , soft spicy ",strong,"['Lavender', 'Mandarin Orange', 'Bergamot']","['Tahitian Vanilla', 'Madagascar Vanilla', 'iris', 'Jasmine Sambac', 'Rose']","['Coumarin', 'Patchouli', 'Licorice', 'Benzoin', 'Australian Sandalwood', 'White Musk']","{'very weak': 38, 'weak': 37, 'moderate': 115, 'long lasting': 199, 'eternal': 81}",,"{'female': 114, 'more female': 22, 'unisex': 14, 'more male': 0, 'male': 1}","{'way overpriced': 7, 'overpriced': 16, 'ok': 77, 'good value': 25, 'great value': 7}",,,,,,,,fall and winter,"{'vanilla': 100.0, 'woody': 76.8716, 'lavender': 69.5954, 'aromatic': 68.8314, 'balsamic': 67.6855, 'sweet': 66.3206, 'powdery': 66.2694, 'warm spicy': 63.9309, 'patchouli': 50.4964, 'soft spicy': 50.2076}"
Sì Fiori,Giorgio Armani,https://fimgs.net/mdimg/perfume/375x500.53243.jpg,for women,4.12,1302,"vanilla , fruity , citrus , powdery , rose , musky , woody , floral , soft spicy , white floral ",moderate,"['Black Currant', 'Green Mandarin']","['Neroli', 'Rose', 'Patchouli', 'Oakmoss']","['Vanilla', 'White Musk']","{'very weak': 40, 'weak': 54, 'moderate': 169, 'long lasting': 156, 'eternal': 65}",,"{'female': 126, 'more female': 7, 'unisex': 1, 'more male': 0, 'male': 0}","{'way overpriced': 6, 'overpriced': 27, 'ok': 75, 'good value': 13, 'great value': 1}",,,,,,,,spring,"{'vanilla': 100.0, 'fruity': 88.8703, 'citrus': 84.8284, 'powdery': 69.3055, 'rose': 67.7824, 'musky': 66.6109, 'woody': 64.423, 'floral': 64.0481, 'soft spicy': 55.5544, 'white floral': 53.6506}"
Gabrielle Essence,Chanel,https://fimgs.net/mdimg/perfume/375x500.56076.jpg,for women,4.02,1109,"white floral , citrus , fruity , sweet , woody , tuberose , yellow floral , animalic , powdery , fresh ",moderate,"['Citruses', 'Peach', 'Red Fruits', 'Petitgrain', 'Black Currant']","['White Flowers', 'Tuberose', 'Ylang-Ylang', 'Jasmine', 'Orange Blossom', 'Coconut']","['Musk', 'Sandalwood', 'Vanilla']","{'very weak': 39, 'weak': 56, 'moderate': 155, 'long lasting': 137, 'eternal': 46}",,"{'female': 95, 'more female': 17, 'unisex': 6, 'more male': 0, 'male': 0}","{'way overpriced': 26, 'overpriced': 40, 'ok': 30, 'good value': 10, 'great value': 2}",,,,,,,,summer,"{'white floral': 100.0, 'citrus': 62.4675, 'fruity': 56.7208, 'sweet': 55.6534, 'woody': 51.0674, 'tuberose': 50.7792, 'yellow floral': 49.3182, 'animalic': 47.6583, 'powdery': 47.2809, 'fresh': 46.4205}"
Emporio Armani Stronger With You Intensely ,Giorgio Armani,https://fimgs.net/mdimg/perfume/375x500.52802.jpg,for men,4.12,984,"vanilla , sweet , amber , cinnamon , warm spicy , aromatic , powdery , caramel , soft spicy , musky ",strong,"['Pink Pepper', 'Juniper', 'Violet']","['Toffee', 'Cinnamon', 'Lavender', 'Sage']","['Vanilla', 'Tonka Bean', 'Amber', 'Suede']","{'very weak': 30, 'weak': 35, 'moderate': 110, 'long lasting': 368, 'eternal': 157}",,"{'female': 1, 'more female': 2, 'unisex': 77, 'more male': 89, 'male': 70}","{'way overpriced': 1, 'overpriced': 32, 'ok': 126, 'good value': 31, 'great value': 16}",,,,,,,,fall and winter,"{'vanilla': 100.0, 'sweet': 97.2501, 'amber': 68.8395, 'cinnamon': 64.9852, 'warm spicy': 64.0957, 'aromatic': 62.9987, 'powdery': 59.641, 'caramel': 50.7539, 'soft spicy': 49.9979, 'musky': 44.7056}"
Bentley for Men Intense,Bentley,https://fimgs.net/mdimg/perfume/375x500.17666.jpg,for men,4.21,3588,"woody , warm spicy , amber , rum , smoky , fresh spicy , leather , balsamic , aromatic , cinnamon ",strong,"['Black Pepper', 'Bay Leaf', 'Bergamot']","['Rum', 'Woody Notes', 'Cinnamon', 'Clary Sage', 'African Geranium']","['Incense', 'Leather', 'Benzoin', 'Patchouli', 'Cedar']","{'very weak': 90, 'weak': 119, 'moderate': 352, 'long lasting': 1248, 'eternal': 463}",,"{'female': 3, 'more female': 3, 'unisex': 23, 'more male': 60, 'male': 451}","{'way overpriced': 4, 'overpriced': 14, 'ok': 36, 'good value': 144, 'great value': 313}",,,,,,,,fall,"{'woody': 100.0, 'warm spicy': 95.4454, 'amber': 84.9208, 'rum': 68.7459, 'smoky': 65.8381, 'fresh spicy': 65.2578, 'leather': 59.757, 'balsamic': 56.0436, 'aromatic': 49.3637, 'cinnamon': 48.5519}"
Si,Giorgio Armani,https://fimgs.net/mdimg/perfume/375x500.18453.jpg,for women,3.77,11219,"woody , vanilla , aromatic , soft spicy , fruity , green , patchouli , floral , rose , earthy ",moderate,['Cassis'],"['May Rose', 'Freesia']","['Vanilla', 'Patchouli', 'Ambroxan', 'Woody Notes']","{'very weak': 148, 'weak': 228, 'moderate': 917, 'long lasting': 1370, 'eternal': 559}",,"{'female': 312, 'more female': 32, 'unisex': 11, 'more male': 2, 'male': 0}","{'way overpriced': 14, 'overpriced': 66, 'ok': 177, 'good value': 51, 'great value': 8}",,,,,,,,fall and winter,"{'woody': 100.0, 'vanilla': 98.1549, 'aromatic': 85.8365, 'soft spicy': 84.4019, 'fruity': 78.3917, 'green': 77.6168, 'patchouli': 71.2328, 'floral': 70.1631, 'rose': 66.6381, 'earthy': 65.1053}"
Intense Cafe,Montale,https://fimgs.net/mdimg/perfume/375x500.18021.jpg,for women and men,4.05,4055,"rose , vanilla , coffee , floral , powdery , warm spicy , musky , amber , sweet ",strong,['Floral Notes'],"['Rose', 'Coffee']","['Vanila', 'White Musk', 'Amber']","{'very weak': 85, 'weak': 71, 'moderate': 221, 'long lasting': 531, 'eternal': 726}",,"{'female': 114, 'more female': 95, 'unisex': 122, 'more male': 6, 'male': 2}","{'way overpriced': 16, 'overpriced': 31, 'ok': 137, 'good value': 83, 'great value': 27}",,,,,,,,spring,"{'rose': 100.0, 'vanilla': 90.916, 'coffee': 81.0148, 'floral': 75.643, 'powdery': 66.2746, 'warm spicy': 60.6089, 'musky': 59.4836, 'amber': 51.7198, 'sweet': 45.1316}"
Jazz Club,Maison Martin Margiela,https://fimgs.net/mdimg/perfume/375x500.20541.jpg,for men,4.22,2539,"tobacco , rum , sweet , vanilla , woody , soft spicy , aromatic , amber , warm spicy , powdery ",moderate,"['Pink Pepper', 'Neroli', 'Lemon']","['Rum', 'Clary Sage', 'Java vetiver oil']","['Tobacco Leaf', 'vanilla bean', 'Styrax']","{'very weak': 68, 'weak': 74, 'moderate': 303, 'long lasting': 402, 'eternal': 84}",,"{'female': 1, 'more female': 6, 'unisex': 129, 'more male': 109, 'male': 67}","{'way overpriced': 19, 'overpriced': 73, 'ok': 135, 'good value': 34, 'great value': 3}",,,,,,,,fall,"{'tobacco': 100.0, 'rum': 89.9225, 'sweet': 89.2444, 'vanilla': 85.082, 'woody': 69.0811, 'soft spicy': 61.7139, 'aromatic': 60.4203, 'amber': 53.9941, 'warm spicy': 47.38, 'powdery': 46.5246}"
Invictus,Paco Rabanne,https://fimgs.net/mdimg/perfume/375x500.18471.jpg,for men,3.58,5354,"citrus , marine , aromatic , fresh spicy , woody , salty , amber , white floral , camphor , aquatic ",strong,"['Sea Notes', 'Grapefruit', 'Mandarin Orange']","['Bay Leaf', 'Jasmine']","['Ambergris', 'Guaiac Wood', 'Oakmoss', 'Patchouli']","{'very weak': 87, 'weak': 151, 'moderate': 580, 'long lasting': 997, 'eternal': 386}",,"{'female': 4, 'more female': 2, 'unisex': 24, 'more male': 85, 'male': 188}","{'way overpriced': 13, 'overpriced': 41, 'ok': 132, 'good value': 61, 'great value': 10}",,,,,,,,summer,"{'citrus': 100.0, 'marine': 86.3225, 'aromatic': 85.3749, 'fresh spicy': 73.8753, 'woody': 60.5896, 'salty': 54.4578, 'amber': 54.1105, 'white floral': 49.3976, 'camphor': 47.3636, 'aquatic': 46.5351}"
Encre Noire Sport,Lalique,https://fimgs.net/mdimg/perfume/375x500.21369.jpg,for men,4.25,2622,"woody , aromatic , citrus , fresh spicy , earthy , aquatic , musky ",moderate,"['Grapefruit', 'Bergamot', 'Nutmeg']","['Cypress', 'Watery Notes', 'Lavender']","['Bourbon Vetiver', 'Haitian Vetiver', 'Cashmere Wood', 'Musk']","{'very weak': 71, 'weak': 90, 'moderate': 503, 'long lasting': 634, 'eternal': 138}",,"{'female': 2, 'more female': 0, 'unisex': 18, 'more male': 50, 'male': 176}","{'way overpriced': 2, 'overpriced': 4, 'ok': 23, 'good value': 71, 'great value': 142}",,,,,,,,winter,"{'woody': 100.0, 'aromatic': 95.5987, 'citrus': 72.3696, 'fresh spicy': 71.2632, 'earthy': 53.8344, 'aquatic': 51.4453, 'musky': 45.5529}"
Dior Homme Cologne 2013,Christian Dior,https://fimgs.net/mdimg/perfume/375x500.17256.jpg,for men,4.42,4184,"citrus , white floral , fresh spicy , musky , powdery , aromatic ",moderate,['Calabrian bergamot'],['Grapefruit blossom'],['Musk'],"{'very weak': 182, 'weak': 254, 'moderate': 871, 'long lasting': 431, 'eternal': 109}",,"{'female': 1, 'more female': 2, 'unisex': 93, 'more male': 41, 'male': 41}","{'way overpriced': 10, 'overpriced': 63, 'ok': 61, 'good value': 19, 'great value': 3}",,,,,,,,summer,"{'citrus': 100.0, 'white floral': 56.1832, 'fresh spicy': 55.6489, 'musky': 52.9609, 'powdery': 46.6102, 'aromatic': 45.3893}"
Oajan,Parfums de Marly,https://fimgs.net/mdimg/perfume/375x500.21548.jpg,for women and men,4.44,1607,"amber , warm spicy , vanilla , cinnamon , honey , sweet , floral , balsamic , musky , powdery ",enormous,"['Cinnamon', 'Honey', 'Osmanthus']","['Benzoin', 'Ambergris', 'Labdanum', 'Artemisia']","['Tonka Bean', 'Vanila', 'Patchouli', 'Musk']","{'very weak': 43, 'weak': 43, 'moderate': 109, 'long lasting': 226, 'eternal': 423}",,"{'female': 4, 'more female': 4, 'unisex': 77, 'more male': 43, 'male': 13}","{'way overpriced': 14, 'overpriced': 38, 'ok': 61, 'good value': 12, 'great value': 2}",,,,,,,,winter,"{'amber': 100.0, 'warm spicy': 91.9151, 'vanilla': 89.3651, 'cinnamon': 75.6655, 'honey': 73.7653, 'sweet': 72.5946, 'floral': 58.4107, 'balsamic': 53.6786, 'musky': 46.7338, 'powdery': 46.3415}"
Tobacco Oud,Tom Ford,https://fimgs.net/mdimg/perfume/375x500.21402.jpg,for women and men,4.18,2073,"warm spicy , tobacco , woody , whiskey , oud , sweet , amber , balsamic , patchouli ",moderate,['Whiskey'],"['Spicy Notes', 'Cinnamon', 'Coriander']","['Tobacco', 'Agarwood (Oud)', 'Sandalwood', 'Patchouli', 'Incense', 'Benzoin', 'Vanilla', 'Cedar']","{'very weak': 36, 'weak': 44, 'moderate': 154, 'long lasting': 388, 'eternal': 183}",,"{'female': 0, 'more female': 1, 'unisex': 19, 'more male': 37, 'male': 115}","{'way overpriced': 20, 'overpriced': 50, 'ok': 62, 'good value': 10, 'great value': 4}",,,,,,,,winter,"{'warm spicy': 100.0, 'tobacco': 97.6626, 'woody': 91.4653, 'whiskey': 88.9741, 'oud': 72.4429, 'sweet': 65.9919, 'amber': 53.9741, 'balsamic': 49.9181, 'patchouli': 46.6081}"
Peony & Blush Suede,Jo Malone London,https://fimgs.net/mdimg/perfume/375x500.18767.jpg,for women,3.99,2185,"floral , rose , fresh , leather , fruity , musky ",moderate,['Red Apple'],"['Peony', 'Rose', 'Jasmine', 'Carnation']",['Suede'],"{'very weak': 47, 'weak': 106, 'moderate': 227, 'long lasting': 125, 'eternal': 55}",,"{'female': 59, 'more female': 18, 'unisex': 8, 'more male': 0, 'male': 1}","{'way overpriced': 19, 'overpriced': 26, 'ok': 22, 'good value': 5, 'great value': 2}",,,,,,,,spring,"{'floral': 100.0, 'rose': 79.3518, 'fresh': 79.1874, 'leather': 55.0409, 'fruity': 52.8314, 'musky': 47.8863}"
La Fille de Berlin,Serge Lutens,https://fimgs.net/mdimg/perfume/375x500.17162.jpg,for women and men,4.03,3042,"rose , fresh spicy , floral , aromatic ",moderate,"['Rose', 'Geranium']",['Palmarosa'],"['Honey', 'Moss', 'Patchouli']","{'very weak': 32, 'weak': 88, 'moderate': 267, 'long lasting': 285, 'eternal': 107}",,"{'female': 49, 'more female': 36, 'unisex': 23, 'more male': 0, 'male': 1}","{'way overpriced': 6, 'overpriced': 21, 'ok': 57, 'good value': 7, 'great value': 0}",,,,,,,,fall,"{'rose': 100.0, 'fresh spicy': 57.6704, 'floral': 51.6839, 'aromatic': 44.0596}"
Versace Pour Homme Oud Noir,Versace,https://fimgs.net/mdimg/perfume/375x500.17338.jpg,for men,4.22,1438,"oud , warm spicy , woody , leather , fresh spicy , animalic ",moderate,"['Black Pepper', 'Bitter Orange', 'Neroli']","['Saffron', 'Cardamom', 'Olibanum']","['Agarwood (Oud)', 'Patchouli', 'Leatherwood']","{'very weak': 69, 'weak': 95, 'moderate': 328, 'long lasting': 250, 'eternal': 88}",,"{'female': 0, 'more female': 0, 'unisex': 8, 'more male': 43, 'male': 87}","{'way overpriced': 3, 'overpriced': 11, 'ok': 58, 'good value': 51, 'great value': 5}",,,,,,,,fall and winter,"{'oud': 100.0, 'warm spicy': 97.309, 'woody': 73.6591, 'leather': 65.5745, 'fresh spicy': 65.1407, 'animalic': 44.7152}"
Plum Japonais,Tom Ford,https://fimgs.net/mdimg/perfume/375x500.18490.jpg,for women,4.36,2234,"warm spicy , fruity , amber , sweet , oud , cinnamon , fresh spicy , vanilla , floral , woody ",moderate,"['Cinnamon', 'Saffron']","['Japanese Plum', 'Plum Blossom', 'Immortelle', 'Camellia', 'Liquor', 'Cypress']","['Agarwood (Oud)', 'Amber', 'Benzoin', 'Fir', 'Vanilla']","{'very weak': 50, 'weak': 44, 'moderate': 148, 'long lasting': 273, 'eternal': 133}",,"{'female': 0, 'more female': 7, 'unisex': 68, 'more male': 19, 'male': 1}","{'way overpriced': 11, 'overpriced': 36, 'ok': 21, 'good value': 10, 'great value': 0}",,,,,,,,fall,"{'warm spicy': 100.0, 'fruity': 95.3139, 'amber': 81.9712, 'sweet': 75.8387, 'oud': 72.2459, 'cinnamon': 64.0074, 'fresh spicy': 57.1501, 'vanilla': 55.583, 'floral': 55.583, 'woody': 53.7866}"
Jour d'Hermes,Hermès,https://fimgs.net/mdimg/perfume/375x500.17076.jpg,for women,3.98,4366,"citrus , white floral , green , floral , aromatic , aquatic , fresh ",moderate,"['Grapefruit', 'Lemon', 'Watery Notes']","['White Flowers', 'Gardenia', 'Green Notes', 'Sweet Pea']","['Musk', 'Woody Notes']","{'very weak': 97, 'weak': 146, 'moderate': 507, 'long lasting': 321, 'eternal': 146}",,"{'female': 49, 'more female': 13, 'unisex': 10, 'more male': 0, 'male': 1}","{'way overpriced': 2, 'overpriced': 20, 'ok': 27, 'good value': 7, 'great value': 1}",,,,,,,,spring,"{'citrus': 100.0, 'white floral': 88.2078, 'green': 57.4268, 'floral': 47.364, 'aromatic': 47.1839, 'aquatic': 45.985, 'fresh': 44.3603}"
Bright Crystal Absolu,Versace,https://fimgs.net/mdimg/perfume/375x500.21547.jpg,for women,3.89,2189,"floral , fruity , sweet , woody , citrus , fresh , aquatic , rose , fresh spicy , musky ",moderate,"['Pomegranate', 'Yuzu', 'Water Notes']","['Peony', 'Raspberry', 'Lotus', 'Magnolia']","['Musk', 'Mahogany', 'Amber']","{'very weak': 55, 'weak': 74, 'moderate': 262, 'long lasting': 272, 'eternal': 104}",,"{'female': 82, 'more female': 6, 'unisex': 2, 'more male': 0, 'male': 0}","{'way overpriced': 3, 'overpriced': 17, 'ok': 48, 'good value': 10, 'great value': 5}",,,,,,,,summer,"{'floral': 100.0, 'fruity': 74.1118, 'sweet': 63.6213, 'woody': 61.8127, 'citrus': 61.6305, 'fresh': 61.1904, 'aquatic': 52.7313, 'rose': 51.9167, 'fresh spicy': 49.377, 'musky': 45.4813}"
Dolce&Gabbana Pour Femme Intense,Dolce&Gabbana,https://fimgs.net/mdimg/perfume/375x500.18837.jpg,for women,4.05,2601,"sweet , white floral , powdery , citrus , woody , tuberose , warm spicy , animalic ",moderate,"['Neroli', 'Green Mandarin']","['Orange Blossom', 'Tuberose']","['Marshmallow', 'Sandalwood']","{'very weak': 73, 'weak': 111, 'moderate': 272, 'long lasting': 202, 'eternal': 90}",,"{'female': 59, 'more female': 4, 'unisex': 2, 'more male': 0, 'male': 0}","{'way overpriced': 3, 'overpriced': 12, 'ok': 28, 'good value': 10, 'great value': 3}",,,,,,,,winter,"{'sweet': 100.0, 'white floral': 99.4982, 'powdery': 85.3283, 'citrus': 84.7931, 'woody': 69.1432, 'tuberose': 58.8349, 'warm spicy': 45.4411, 'animalic': 45.2337}"
Lazy Sunday Morning,Maison Martin Margiela,https://fimgs.net/mdimg/perfume/375x500.20542.jpg,for women and men,3.78,1227,"musky , rose , powdery , fresh , white floral , aldehydic , floral , iris , soapy , sweet ",moderate,"['Aldehydes', 'Lily-of-the-Valley', 'Pear']","['Rose', 'iris', 'Orange Blossom']","['White Musk', 'Ambrette (Musk Mallow)', 'Indonesian Patchouli Leaf']","{'very weak': 34, 'weak': 61, 'moderate': 153, 'long lasting': 67, 'eternal': 16}",,"{'female': 33, 'more female': 36, 'unisex': 33, 'more male': 3, 'male': 1}","{'way overpriced': 7, 'overpriced': 34, 'ok': 39, 'good value': 4, 'great value': 1}",,,,,,,,summer,"{'musky': 100.0, 'rose': 83.2806, 'powdery': 74.9543, 'fresh': 74.594, 'white floral': 72.9661, 'aldehydic': 66.0275, 'floral': 61.6775, 'iris': 56.5536, 'soapy': 50.042, 'sweet': 47.7869}"
Enigma Pour Homme,Roja Dove,https://fimgs.net/mdimg/perfume/375x500.20559.jpg,for men,4.61,1054,"warm spicy , vanilla , woody , tobacco , sweet , amber , fresh spicy , citrus , white floral , balsamic ",strong,"['Black Pepper', 'Neroli', 'Bergamot']","['Cognac', 'Tobacco', 'Ginger', 'Jasmine']","['Vanilla', 'Benzoin', 'Patchouli']","{'very weak': 33, 'weak': 37, 'moderate': 47, 'long lasting': 115, 'eternal': 402}",,"{'female': 0, 'more female': 0, 'unisex': 18, 'more male': 38, 'male': 47}","{'way overpriced': 27, 'overpriced': 20, 'ok': 21, 'good value': 32, 'great value': 4}",,,,,,,,fall,"{'warm spicy': 100.0, 'vanilla': 80.2764, 'woody': 72.4222, 'tobacco': 66.4495, 'sweet': 65.76, 'amber': 65.0563, 'fresh spicy': 58.273, 'citrus': 53.9807, 'white floral': 50.6876, 'balsamic': 45.6775}"
Chloe Roses De Chloe,Chloé,https://fimgs.net/mdimg/perfume/375x500.18702.jpg,for women,4.14,2933,"rose , floral , citrus , fruity , musky , aromatic , powdery ",moderate,"['Litchi', 'Bergamot', 'Tarragon', 'Lemon']","['Damask Rose', 'Magnolia', 'Cedar', 'Apple', 'Black Currant', 'Peach']","['White Musk', 'Amber', 'Woody Notes']","{'very weak': 94, 'weak': 137, 'moderate': 360, 'long lasting': 141, 'eternal': 62}",,"{'female': 69, 'more female': 5, 'unisex': 3, 'more male': 0, 'male': 0}","{'way overpriced': 2, 'overpriced': 14, 'ok': 29, 'good value': 12, 'great value': 3}",,,,,,,,spring,"{'rose': 100.0, 'floral': 70.8437, 'citrus': 60.7963, 'fruity': 54.216, 'musky': 51.1406, 'aromatic': 45.7999, 'powdery': 45.2925}"
Meliora,Parfums de Marly,https://fimgs.net/mdimg/perfume/375x500.18750.jpg,for women,4.12,930,"fruity , soft spicy , aromatic , fresh , green , sweet , woody ",moderate,"['Black Currant', 'Red Berries', 'Cassis']","['Rose', 'Ylang-Ylang', 'Lily-of-the-Valley']","['Vanilla', 'Musk']","{'very weak': 37, 'weak': 54, 'moderate': 104, 'long lasting': 100, 'eternal': 38}",,"{'female': 63, 'more female': 6, 'unisex': 2, 'more male': 0, 'male': 0}","{'way overpriced': 19, 'overpriced': 22, 'ok': 14, 'good value': 5, 'great value': 0}",,,,,,,,spring and summer,"{'fruity': 100.0, 'soft spicy': 55.5964, 'aromatic': 53.6126, 'fresh': 52.7747, 'green': 52.0297, 'sweet': 50.5774, 'woody': 48.6223}"
Viva La Juicy Noir,Juicy Couture,https://fimgs.net/mdimg/perfume/375x500.18188.jpg,for women,4.14,1752,"fruity , woody , white floral , caramel , vanilla , sweet , powdery , citrus ",moderate,"['Wild berries', 'Mandarin Orange']","['Honeysuckle', 'Gardenia', 'Jasmine']","['Caramel', 'Vanilla', 'Amber', 'Sandalwood']","{'very weak': 84, 'weak': 130, 'moderate': 238, 'long lasting': 76, 'eternal': 36}",,"{'female': 72, 'more female': 1, 'unisex': 0, 'more male': 0, 'male': 0}","{'way overpriced': 0, 'overpriced': 6, 'ok': 35, 'good value': 22, 'great value': 4}",,,,,,,,fall and winter,"{'fruity': 100.0, 'woody': 78.892, 'white floral': 76.2412, 'caramel': 75.554, 'vanilla': 64.46, 'sweet': 56.7532, 'powdery': 48.6192, 'citrus': 46.3955}"
My Name,Trussardi,https://fimgs.net/mdimg/perfume/375x500.18802.jpg,for women,4.05,2726,"powdery , floral , vanilla , violet , fresh , musky , almond ",moderate,"['Heliotrope', 'White Violet']","['Lilac', 'Musk', 'Arum Lily']","['Vanilla', 'Amber']","{'very weak': 66, 'weak': 117, 'moderate': 344, 'long lasting': 233, 'eternal': 99}",,"{'female': 75, 'more female': 4, 'unisex': 0, 'more male': 0, 'male': 0}","{'way overpriced': 2, 'overpriced': 9, 'ok': 30, 'good value': 22, 'great value': 8}",,,,,,,,spring,"{'powdery': 100.0, 'floral': 90.9261, 'vanilla': 79.3112, 'violet': 61.1017, 'fresh': 57.2313, 'musky': 55.5451, 'almond': 45.956}"
Satine,Lalique,https://fimgs.net/mdimg/perfume/375x500.17840.jpg,for women,3.83,1988,"vanilla , powdery , woody , sweet , warm spicy , aromatic , white floral , balsamic , amber , soft spicy ",moderate,"['Heliotrope', 'Gardenia', 'Jasmine']","['Tonka Bean', 'Vanila', 'Pink Pepper']","['Sandalwood', 'Patchouli', 'Vetiver']","{'very weak': 62, 'weak': 80, 'moderate': 201, 'long lasting': 200, 'eternal': 85}",,"{'female': 68, 'more female': 12, 'unisex': 7, 'more male': 0, 'male': 0}","{'way overpriced': 5, 'overpriced': 5, 'ok': 17, 'good value': 44, 'great value': 16}",,,,,,,,winter,"{'vanilla': 100.0, 'powdery': 67.655, 'woody': 66.7793, 'sweet': 54.0333, 'warm spicy': 52.3173, 'aromatic': 48.3561, 'white floral': 47.6258, 'balsamic': 46.6849, 'amber': 46.4333, 'soft spicy': 45.621}"
Adam Levine for Women,Adam Levine,https://fimgs.net/mdimg/perfume/375x500.17490.jpg,for women,3.82,1407,"warm spicy , woody , vanilla , balsamic , powdery , amber , aromatic , sweet , white floral , floral ",moderate,"['Spices', 'Marigold', 'Saffron', 'Citruses']","['Australian Sandalwood', 'Indian Jasmine', 'Rose Petals']","['Vanila', 'Benzoin']","{'very weak': 43, 'weak': 67, 'moderate': 245, 'long lasting': 144, 'eternal': 51}",,"{'female': 31, 'more female': 49, 'unisex': 51, 'more male': 4, 'male': 2}","{'way overpriced': 0, 'overpriced': 0, 'ok': 8, 'good value': 19, 'great value': 108}",,,,,,,,fall,"{'warm spicy': 100.0, 'woody': 74.2297, 'vanilla': 67.0651, 'balsamic': 62.9544, 'powdery': 60.8372, 'amber': 52.8303, 'aromatic': 52.5767, 'sweet': 47.7068, 'white floral': 46.7162, 'floral': 44.0169}"
1899 Hemingway,Histoires de Parfums,https://fimgs.net/mdimg/perfume/375x500.18846.jpg,for women and men,4.28,1116,"fresh spicy , aromatic , warm spicy , cinnamon , woody , vanilla , powdery , citrus , amber , iris ",moderate,"['Juniper', 'Black Pepper', 'Bergamot']","['Cinnamon', 'iris', 'Orange Blossom']","['Vanilla', 'Amber', 'Vetiver']","{'very weak': 28, 'weak': 43, 'moderate': 116, 'long lasting': 158, 'eternal': 36}",,"{'female': 0, 'more female': 2, 'unisex': 37, 'more male': 26, 'male': 13}","{'way overpriced': 0, 'overpriced': 7, 'ok': 35, 'good value': 19, 'great value': 2}",,,,,,,,fall,"{'fresh spicy': 100.0, 'aromatic': 90.4758, 'warm spicy': 75.1085, 'cinnamon': 72.3038, 'woody': 71.5092, 'vanilla': 64.3572, 'powdery': 56.7496, 'citrus': 54.1903, 'amber': 50.3339, 'iris': 49.2822}"
Fate for Women,Amouage,https://fimgs.net/mdimg/perfume/375x500.18542.jpg,for women,4.05,1794,"warm spicy , amber , smoky , balsamic , leather , cinnamon , woody , vanilla , fresh spicy ",strong,"['Cinnamon', 'Pepper', 'Red Chilli Pepper', 'Bergamot']","['Incense', 'Narcissus', 'Labdanum', 'Rose', 'Jasmine']","['Incense', 'Benzoin', 'Vanila', 'Castoreum', 'Leather', 'Oakmoss', 'Patchouli']","{'very weak': 35, 'weak': 37, 'moderate': 82, 'long lasting': 185, 'eternal': 145}",,"{'female': 21, 'more female': 21, 'unisex': 23, 'more male': 0, 'male': 0}","{'way overpriced': 9, 'overpriced': 16, 'ok': 19, 'good value': 10, 'great value': 2}",,,,,,,,fall and spring,"{'warm spicy': 100.0, 'amber': 91.4692, 'smoky': 67.3591, 'balsamic': 59.6114, 'leather': 57.812, 'cinnamon': 56.5895, 'woody': 55.623, 'vanilla': 54.0624, 'fresh spicy': 51.2793}"
Safanad,Parfums de Marly,https://fimgs.net/mdimg/perfume/375x500.18749.jpg,for women,4.22,671,"sweet , white floral , citrus , vanilla , woody , powdery , yellow floral , fruity , amber , iris ",moderate,"['Pear', 'Orange']","['Orange Blossom', 'Ylang-Ylang', 'iris']","['Vanilla', 'Sandalwood', 'Amber']","{'very weak': 16, 'weak': 38, 'moderate': 66, 'long lasting': 76, 'eternal': 29}",,"{'female': 39, 'more female': 8, 'unisex': 3, 'more male': 0, 'male': 0}","{'way overpriced': 16, 'overpriced': 13, 'ok': 12, 'good value': 0, 'great value': 0}",,,,,,,,summer,"{'sweet': 100.0, 'white floral': 90.787, 'citrus': 85.4681, 'vanilla': 75.3243, 'woody': 69.1696, 'powdery': 67.346, 'yellow floral': 65.7124, 'fruity': 56.3569, 'amber': 50.8955, 'iris': 47.0963}"
Manifesto l'Elixir,Yves Saint Laurent,https://fimgs.net/mdimg/perfume/375x500.18785.jpg,for women,4.11,2115,"vanilla , powdery , white floral , citrus , amber , woody , musky , tuberose , balsamic , floral ",strong,"['Bergamot', 'Mandarin Orange']","['Heliotrope', 'Jasmine Sambac', 'Tuberose']","['Vanilla', 'Cashmere Wood', 'Ambroxan']","{'very weak': 39, 'weak': 41, 'moderate': 112, 'long lasting': 294, 'eternal': 237}",,"{'female': 45, 'more female': 7, 'unisex': 2, 'more male': 0, 'male': 0}","{'way overpriced': 3, 'overpriced': 7, 'ok': 28, 'good value': 4, 'great value': 2}",,,,,,,,winter,"{'vanilla': 100.0, 'powdery': 69.114, 'white floral': 62.1855, 'citrus': 59.2745, 'amber': 55.1378, 'woody': 52.7772, 'musky': 52.0168, 'tuberose': 45.548, 'balsamic': 45.5338, 'floral': 44.589}"
Baccarat Rouge 540,Maison Francis Kurkdjian,https://fimgs.net/mdimg/perfume/375x500.33519.jpg,for women and men,4.03,6025,"woody , amber , warm spicy , fresh spicy , aromatic , fresh , conifer , animalic ",strong,"['Saffron', 'Jasmine']","['Amberwood', 'Ambergris']","['Fir Resin', 'Cedar']","{'very weak': 189, 'weak': 158, 'moderate': 403, 'long lasting': 734, 'eternal': 1292}",,"{'female': 202, 'more female': 232, 'unisex': 416, 'more male': 29, 'male': 14}","{'way overpriced': 345, 'overpriced': 243, 'ok': 179, 'good value': 43, 'great value': 29}",,,,,,,,fall and winter,"{'woody': 100.0, 'amber': 91.1255, 'warm spicy': 66.6345, 'fresh spicy': 49.1013, 'aromatic': 48.1324, 'fresh': 45.0173, 'conifer': 45.0082, 'animalic': 44.4332}"
Sauvage ,Christian Dior,https://fimgs.net/mdimg/perfume/375x500.31861.jpg,for men,3.89,10376,"fresh spicy , amber , citrus , aromatic , musky , woody , herbal , warm spicy ",strong,"['Calabrian bergamot', 'Pepper']","['Sichuan Pepper', 'Lavender', 'Pink Pepper', 'Vetiver', 'Patchouli', 'Geranium', 'elemi']","['Ambroxan', 'Cedar', 'Labdanum']","{'very weak': 232, 'weak': 213, 'moderate': 951, 'long lasting': 2759, 'eternal': 763}",,"{'female': 7, 'more female': 1, 'unisex': 26, 'more male': 125, 'male': 665}","{'way overpriced': 75, 'overpriced': 210, 'ok': 375, 'good value': 100, 'great value': 21}",,,,,,,,summer,"{'fresh spicy': 100.0, 'amber': 75.7735, 'citrus': 71.1583, 'aromatic': 61.0283, 'musky': 59.7164, 'woody': 51.4028, 'herbal': 45.5667, 'warm spicy': 44.4843}"
Acqua di Giò Profumo,Giorgio Armani,https://fimgs.net/mdimg/perfume/375x500.29727.jpg,for men,4.33,6060,"aromatic , marine , fresh spicy , amber , smoky , citrus , warm spicy , woody , balsamic , patchouli ",moderate,"['Sea Notes', 'Bergamot']","['Rosemary', 'Sage', 'Geranium']","['Incense', 'Patchouli']","{'very weak': 99, 'weak': 141, 'moderate': 833, 'long lasting': 1885, 'eternal': 291}",,"{'female': 3, 'more female': 1, 'unisex': 16, 'more male': 91, 'male': 527}","{'way overpriced': 34, 'overpriced': 159, 'ok': 316, 'good value': 84, 'great value': 17}",,,,,,,,spring and summer,"{'aromatic': 100.0, 'marine': 73.3423, 'fresh spicy': 68.4669, 'amber': 65.1618, 'smoky': 61.255, 'citrus': 59.4849, 'warm spicy': 59.1245, 'woody': 58.921, 'balsamic': 56.1798, 'patchouli': 52.1516}"
The One for Men Eau de Parfum,Dolce&Gabbana,https://fimgs.net/mdimg/perfume/375x500.31909.jpg,for men,4.52,4669,"warm spicy , amber , tobacco , citrus , aromatic , sweet , woody , fresh spicy , white floral , animalic ",moderate,"['Grapefruit', 'Coriander', 'Basil']","['Ginger', 'Cardamom', 'Orange Blossom']","['Amber', 'Tobacco', 'Cedar']","{'very weak': 161, 'weak': 293, 'moderate': 1490, 'long lasting': 585, 'eternal': 140}",,"{'female': 4, 'more female': 3, 'unisex': 26, 'more male': 132, 'male': 328}","{'way overpriced': 17, 'overpriced': 66, 'ok': 256, 'good value': 104, 'great value': 22}",,,,,,,,winter,"{'warm spicy': 100.0, 'amber': 99.0929, 'tobacco': 95.1163, 'citrus': 78.2656, 'aromatic': 76.6315, 'sweet': 68.6162, 'woody': 54.2322, 'fresh spicy': 51.517, 'white floral': 47.7703, 'animalic': 47.3726}"
La Nuit Tresor,Lancome,https://fimgs.net/mdimg/perfume/375x500.29157.jpg,for women,4.05,7171,"sweet , fruity , warm spicy , caramel , balsamic , vanilla , woody , tropical , patchouli , amber ",strong,"['Pear', 'Tangerine', 'Bergamot']","['Strawberry', 'Vanilla orchid', 'Black Rose', 'Passionfruit']","['Praline', 'Caramel', 'Litchi', 'Patchouli', 'Vanilla', 'Incense', 'Coffee', 'Licorice', 'Coumarin', 'Papyrus']","{'very weak': 119, 'weak': 133, 'moderate': 402, 'long lasting': 1064, 'eternal': 796}",,"{'female': 280, 'more female': 29, 'unisex': 8, 'more male': 1, 'male': 2}","{'way overpriced': 14, 'overpriced': 52, 'ok': 169, 'good value': 40, 'great value': 17}",,,,,,,,winter,"{'sweet': 100.0, 'fruity': 70.7589, 'warm spicy': 51.3901, 'caramel': 50.9647, 'balsamic': 50.2373, 'vanilla': 50.0601, 'woody': 47.3732, 'tropical': 46.7338, 'patchouli': 46.1727, 'amber': 44.4124}"
Ultra Male,Jean Paul Gaultier,https://fimgs.net/mdimg/perfume/375x500.30947.jpg,for men,4.27,4248,"vanilla , fruity , sweet , cinnamon , warm spicy , aromatic , aquatic , powdery , amber , fresh spicy ",strong,"['Pear', 'Lavender', 'Mint', 'Bergamot', 'Lemon']","['Cinnamon', 'Caraway', 'Clary Sage']","['Black Vanilla Husk', 'Amber', 'Patchouli', 'Cedar']","{'very weak': 88, 'weak': 103, 'moderate': 340, 'long lasting': 1241, 'eternal': 584}",,"{'female': 14, 'more female': 5, 'unisex': 115, 'more male': 188, 'male': 107}","{'way overpriced': 10, 'overpriced': 45, 'ok': 207, 'good value': 110, 'great value': 26}",,,,,,,,winter,"{'vanilla': 100.0, 'fruity': 82.571, 'sweet': 80.3024, 'cinnamon': 71.6306, 'warm spicy': 70.1008, 'aromatic': 67.7375, 'aquatic': 58.0379, 'powdery': 57.4293, 'amber': 56.7591, 'fresh spicy': 56.2524}"
Olympéa,Paco Rabanne,https://fimgs.net/mdimg/perfume/375x500.31666.jpg,for women,3.82,6816,"vanilla , salty , white floral , woody , warm spicy , citrus , amber , powdery , marine , balsamic ",moderate,"['Water Jasmine', 'Green Mandarin', 'Ginger flower']","['Salt', 'Vanilla']","['Cashmere Wood', 'Ambergris', 'Sandalwood']","{'very weak': 113, 'weak': 106, 'moderate': 542, 'long lasting': 959, 'eternal': 481}",,"{'female': 249, 'more female': 46, 'unisex': 17, 'more male': 3, 'male': 2}","{'way overpriced': 9, 'overpriced': 50, 'ok': 163, 'good value': 51, 'great value': 13}",,,,,,,,winter,"{'vanilla': 100.0, 'salty': 88.3639, 'white floral': 78.4615, 'woody': 69.432, 'warm spicy': 62.7101, 'citrus': 62.3787, 'amber': 62.1124, 'powdery': 61.5325, 'marine': 59.182, 'balsamic': 58.4793}"
Spicebomb Extreme,Viktor&Rolf,https://fimgs.net/mdimg/perfume/375x500.30499.jpg,for men,4.48,2358,"fresh spicy , vanilla , tobacco , sweet , aromatic , lavender , powdery , warm spicy ",strong,[],"['Vanilla', 'Tobacco', 'Black Pepper', 'Caraway', 'Lavender']",[],"{'very weak': 73, 'weak': 87, 'moderate': 194, 'long lasting': 741, 'eternal': 338}",,"{'female': 2, 'more female': 1, 'unisex': 25, 'more male': 105, 'male': 230}","{'way overpriced': 10, 'overpriced': 74, 'ok': 178, 'good value': 65, 'great value': 16}",,,,,,,,fall and winter,"{'fresh spicy': 100.0, 'vanilla': 96.0808, 'tobacco': 88.3456, 'sweet': 73.413, 'aromatic': 54.5096, 'lavender': 50.4799, 'powdery': 49.8242, 'warm spicy': 47.9751}"
Noir Extreme,Tom Ford,https://fimgs.net/mdimg/perfume/375x500.29675.jpg,for men,4.42,3561,"warm spicy , sweet , vanilla , woody , powdery , amber , fresh spicy , white floral , aromatic , citrus ",moderate,"['Cardamom', 'Nutmeg', 'Saffron', 'Mandarin Orange', 'Neroli']","['Kulfi', 'Rose', 'Jasmine', 'Mastic or Lentisque', 'Orange Blossom']","['Vanilla', 'Amber', 'Woody Notes', 'Sandalwood']","{'very weak': 88, 'weak': 108, 'moderate': 407, 'long lasting': 806, 'eternal': 214}",,"{'female': 7, 'more female': 9, 'unisex': 151, 'more male': 133, 'male': 62}","{'way overpriced': 19, 'overpriced': 88, 'ok': 159, 'good value': 39, 'great value': 7}",,,,,,,,winter,"{'warm spicy': 100.0, 'sweet': 97.6252, 'vanilla': 95.0256, 'woody': 85.2247, 'powdery': 70.0572, 'amber': 65.5226, 'fresh spicy': 64.4907, 'white floral': 62.3474, 'aromatic': 61.8182, 'citrus': 55.911}"
Encre Noire A L'Extreme,Lalique,https://fimgs.net/mdimg/perfume/375x500.32356.jpg,for men,4.34,2567,"woody , aromatic , amber , balsamic , warm spicy , earthy , smoky , fresh spicy ",moderate,"['Cypress', 'Elemi resin', 'Bergamot']","['Haitian Vetiver', 'Vetiver', 'Incense', 'Orris']","['Benzoin', 'Sandalwood', 'Patchouli']","{'very weak': 89, 'weak': 116, 'moderate': 422, 'long lasting': 650, 'eternal': 215}",,"{'female': 2, 'more female': 1, 'unisex': 26, 'more male': 78, 'male': 216}","{'way overpriced': 1, 'overpriced': 4, 'ok': 37, 'good value': 93, 'great value': 183}",,,,,,,,winter,"{'woody': 100.0, 'aromatic': 85.9477, 'amber': 69.2061, 'balsamic': 61.1479, 'warm spicy': 59.3087, 'earthy': 57.9457, 'smoky': 52.9706, 'fresh spicy': 45.3424}"
Noir Pour Femme,Tom Ford,https://fimgs.net/mdimg/perfume/375x500.30957.jpg,for women,4.31,4122,"sweet , vanilla , amber , woody , powdery , balsamic , citrus , warm spicy , lactonic , aromatic ",moderate,"['Ginger', 'Bitter Orange', 'Mandarin Orange', 'Bergamot']","['Kulfi', 'Rose', 'Orange Blossom', 'Jasmine']","['Vanilla', 'Amber', 'Sandalwood', 'Mastic or Lentisque']","{'very weak': 116, 'weak': 140, 'moderate': 390, 'long lasting': 495, 'eternal': 204}",,"{'female': 83, 'more female': 65, 'unisex': 59, 'more male': 3, 'male': 1}","{'way overpriced': 10, 'overpriced': 54, 'ok': 101, 'good value': 20, 'great value': 1}",,,,,,,,summer,"{'sweet': 100.0, 'vanilla': 86.6049, 'amber': 75.3679, 'woody': 73.1783, 'powdery': 70.4268, 'balsamic': 66.9507, 'citrus': 66.3416, 'warm spicy': 63.8054, 'lactonic': 57.5568, 'aromatic': 49.6962}"
CH Men Prive,Carolina Herrera,https://fimgs.net/mdimg/perfume/375x500.31508.jpg,for men,4.27,3523,"warm spicy , leather , aromatic , whiskey , woody , amber , vanilla , animalic , citrus , lavender ",moderate,"['Whiskey', 'Grapefruit', 'Pomelo']","['Cardamom', 'Lavender', 'Sage', 'Red Thyme']","['Leather', 'Tonka Bean', 'Woody Notes', 'Benzoin']","{'very weak': 120, 'weak': 149, 'moderate': 708, 'long lasting': 620, 'eternal': 134}",,"{'female': 0, 'more female': 0, 'unisex': 2, 'more male': 39, 'male': 181}","{'way overpriced': 4, 'overpriced': 33, 'ok': 114, 'good value': 48, 'great value': 6}",,,,,,,,fall and winter,"{'warm spicy': 100.0, 'leather': 91.973, 'aromatic': 90.3275, 'whiskey': 88.1799, 'woody': 83.9852, 'amber': 72.1149, 'vanilla': 69.0469, 'animalic': 60.9865, 'citrus': 54.0975, 'lavender': 52.2567}"
Decadence,Marc Jacobs,https://fimgs.net/mdimg/perfume/375x500.31226.jpg,for women,3.69,4524,"woody , fruity , amber , iris , earthy , powdery , sweet , aromatic , warm spicy , leather ",strong,"['Plum', 'Saffron', 'iris']","['Orris', 'Bulgarian Rose', 'Jasmine Sambac']","['Amber', 'Vetiver', 'Papyrus']","{'very weak': 77, 'weak': 93, 'moderate': 323, 'long lasting': 623, 'eternal': 260}",,"{'female': 96, 'more female': 66, 'unisex': 40, 'more male': 1, 'male': 3}","{'way overpriced': 10, 'overpriced': 21, 'ok': 118, 'good value': 30, 'great value': 2}",,,,,,,,winter,"{'woody': 100.0, 'fruity': 95.1813, 'amber': 84.9165, 'iris': 83.0917, 'earthy': 81.7458, 'powdery': 70.0925, 'sweet': 62.5907, 'aromatic': 61.6155, 'warm spicy': 58.9865, 'leather': 55.9813}"
L’Homme Ideal Cologne,Guerlain,https://fimgs.net/mdimg/perfume/375x500.30620.jpg,for men,4.3,2935,"citrus , almond , fresh spicy , aromatic , sweet , nutty , fruity ",moderate,"['Grapefruit', 'Orange', 'Bergamot', 'Pink Pepper']","['Almond', 'Neroli']","['Vetiver', 'White Musk']","{'very weak': 111, 'weak': 171, 'moderate': 725, 'long lasting': 358, 'eternal': 78}",,"{'female': 1, 'more female': 1, 'unisex': 45, 'more male': 100, 'male': 49}","{'way overpriced': 4, 'overpriced': 12, 'ok': 56, 'good value': 72, 'great value': 38}",,,,,,,,summer,"{'citrus': 100.0, 'almond': 59.0213, 'fresh spicy': 52.5781, 'aromatic': 51.0026, 'sweet': 49.232, 'nutty': 47.4127, 'fruity': 44.5106}"
Oud Satin Mood,Maison Francis Kurkdjian,https://fimgs.net/mdimg/perfume/375x500.30352.jpg,for women and men,4.28,2139,"vanilla , rose , oud , powdery , amber , violet , floral , warm spicy , balsamic ",strong,[],"['Bulgarian Rose', 'Turkish Rose', 'Vanilla', 'Agarwood (Oud)', 'Benzoin', 'Violet']",[],"{'very weak': 54, 'weak': 55, 'moderate': 118, 'long lasting': 260, 'eternal': 497}",,"{'female': 45, 'more female': 61, 'unisex': 105, 'more male': 9, 'male': 4}","{'way overpriced': 39, 'overpriced': 63, 'ok': 62, 'good value': 21, 'great value': 3}",,,,,,,,winter,"{'vanilla': 100.0, 'rose': 94.5798, 'oud': 79.0934, 'powdery': 71.9489, 'amber': 66.2413, 'violet': 65.3632, 'floral': 59.9829, 'warm spicy': 48.1207, 'balsamic': 45.8456}"
XJ 1861 Naxos,Xerjoff,https://fimgs.net/mdimg/perfume/375x500.30529.jpg,for women and men,4.48,1731,"sweet , vanilla , honey , tobacco , lavender , aromatic , citrus , amber , warm spicy , floral ",strong,"['Lavender', 'Bergamot', 'Lemon']","['Honey', 'Cinnamon', 'Cashmeran', 'Jasmine Sambac']","['Tobacco Leaf', 'Tonka Bean', 'Vanilla']","{'very weak': 62, 'weak': 34, 'moderate': 82, 'long lasting': 270, 'eternal': 388}",,"{'female': 2, 'more female': 13, 'unisex': 85, 'more male': 97, 'male': 33}","{'way overpriced': 17, 'overpriced': 52, 'ok': 96, 'good value': 28, 'great value': 16}",,,,,,,,fall and winter,"{'sweet': 100.0, 'vanilla': 86.9112, 'honey': 78.6133, 'tobacco': 74.5426, 'lavender': 67.2624, 'aromatic': 66.2721, 'citrus': 62.4089, 'amber': 56.5533, 'warm spicy': 56.0837, 'floral': 53.5316}"
Carlisle,Parfums de Marly,https://fimgs.net/mdimg/perfume/375x500.33514.jpg,for women and men,4.47,1193,"woody , warm spicy , patchouli , vanilla , citrus , aromatic , powdery , fresh spicy , balsamic , earthy ",enormous,"['Green Apple', 'Nutmeg']","['Tonka Bean', 'Rose']","['Patchouli', 'Vanilla']","{'very weak': 39, 'weak': 45, 'moderate': 57, 'long lasting': 238, 'eternal': 382}",,"{'female': 1, 'more female': 1, 'unisex': 29, 'more male': 78, 'male': 63}","{'way overpriced': 27, 'overpriced': 53, 'ok': 44, 'good value': 26, 'great value': 12}",,,,,,,,fall and winter,"{'woody': 100.0, 'warm spicy': 95.5802, 'patchouli': 77.2684, 'vanilla': 62.3621, 'citrus': 59.4125, 'aromatic': 57.4305, 'powdery': 54.025, 'fresh spicy': 51.9779, 'balsamic': 48.9446, 'earthy': 48.9073}"
Kirke,Tiziana Terenzi,https://fimgs.net/mdimg/perfume/375x500.32172.jpg,for women and men,3.59,1762,"fruity , sweet , musky , powdery , fresh , tropical ",enormous,"['Passionfruit', 'Peach', 'Pear', 'Raspberry', 'Cassis', 'Sand']",['Lily-of-the-Valley'],"['Musk', 'Vanilla', 'Sandalwood', 'Patchouli', 'Heliotrope']","{'very weak': 46, 'weak': 53, 'moderate': 89, 'long lasting': 208, 'eternal': 500}",,"{'female': 94, 'more female': 43, 'unisex': 86, 'more male': 1, 'male': 5}","{'way overpriced': 43, 'overpriced': 42, 'ok': 80, 'good value': 23, 'great value': 8}",,,,,,,,summer,"{'fruity': 100.0, 'sweet': 76.8397, 'musky': 61.5096, 'powdery': 61.0639, 'fresh': 53.3569, 'tropical': 52.2402}"
Fève Délicieuse,Christian Dior,https://fimgs.net/mdimg/perfume/375x500.30164.jpg,for women and men,4.33,1905,"sweet , vanilla , amber , warm spicy , cacao , aromatic , caramel , cherry , lactonic , nutty ",strong,"['Lavender', 'Mint', 'Bergamot']","['Sour Cherry', 'Jasmine', 'Freesia']","['Tonka Bean', 'Vanilla', 'Cacao Pod', 'Caramel', 'Praline', 'Benzoin', 'Milk', 'Sandalwood', 'Leather', 'Cedar']","{'very weak': 59, 'weak': 51, 'moderate': 126, 'long lasting': 312, 'eternal': 189}",,"{'female': 12, 'more female': 18, 'unisex': 53, 'more male': 3, 'male': 0}","{'way overpriced': 15, 'overpriced': 24, 'ok': 27, 'good value': 5, 'great value': 4}",,,,,,,,spring,"{'sweet': 100.0, 'vanilla': 93.0388, 'amber': 64.3933, 'warm spicy': 62.8655, 'cacao': 55.1035, 'aromatic': 55.0937, 'caramel': 52.0086, 'cherry': 49.847, 'lactonic': 47.9655, 'nutty': 45.5386}"
Valentino Donna,Valentino,https://fimgs.net/mdimg/perfume/375x500.31411.jpg,for women,4.08,2817,"iris , rose , powdery , vanilla , leather , earthy , patchouli , woody , violet , floral ",moderate,['Bergamot'],"['iris', 'Bulgarian Rose']","['Vanilla', 'Leather', 'Patchouli']","{'very weak': 69, 'weak': 109, 'moderate': 313, 'long lasting': 286, 'eternal': 114}",,"{'female': 91, 'more female': 13, 'unisex': 4, 'more male': 0, 'male': 0}","{'way overpriced': 6, 'overpriced': 23, 'ok': 42, 'good value': 11, 'great value': 4}",,,,,,,,fall,"{'iris': 100.0, 'rose': 99.4024, 'powdery': 92.1707, 'vanilla': 88.794, 'leather': 85.6564, 'earthy': 75.9594, 'patchouli': 74.8986, 'woody': 73.4717, 'violet': 65.0, 'floral': 61.6195}"
Icon,Alfred Dunhill,https://fimgs.net/mdimg/perfume/375x500.29229.jpg,for men,4.22,2104,"aromatic , fresh spicy , citrus , woody , warm spicy , white floral , lavender , earthy , green , floral ",moderate,"['Neroli', 'Bergamot', 'Black Pepper', 'Petitgrain']","['Black Pepper', 'Lavender', 'Cardamom', 'Juniper Berries', 'Sage']","['Vetiver', 'Oakmoss', 'Agarwood (Oud)', 'iris', 'Leather']","{'very weak': 82, 'weak': 118, 'moderate': 463, 'long lasting': 402, 'eternal': 77}",,"{'female': 0, 'more female': 0, 'unisex': 13, 'more male': 49, 'male': 91}","{'way overpriced': 3, 'overpriced': 7, 'ok': 27, 'good value': 78, 'great value': 22}",,,,,,,,spring,"{'aromatic': 100.0, 'fresh spicy': 94.5303, 'citrus': 82.0333, 'woody': 58.7156, 'warm spicy': 57.5568, 'white floral': 51.8334, 'lavender': 50.2505, 'earthy': 50.2355, 'green': 50.2254, 'floral': 44.5799}"
Chanel No 5 Eau Premiere (2015),Chanel,https://fimgs.net/mdimg/perfume/375x500.31172.jpg,for women,4.36,2764,"aldehydic , woody , fresh , yellow floral , white floral , vanilla , sweet , powdery , floral , rose ",moderate,"['Aldehydes', 'Ylang-Ylang', 'Neroli']","['Jasmine', 'Rose']","['Vanilla', 'Sandalwood', 'Vetiver']","{'very weak': 52, 'weak': 91, 'moderate': 235, 'long lasting': 254, 'eternal': 122}",,"{'female': 70, 'more female': 21, 'unisex': 12, 'more male': 0, 'male': 2}","{'way overpriced': 9, 'overpriced': 18, 'ok': 57, 'good value': 7, 'great value': 3}",,,,,,,,spring,"{'aldehydic': 100.0, 'woody': 95.7749, 'fresh': 87.2328, 'yellow floral': 83.1791, 'white floral': 82.291, 'vanilla': 77.4328, 'sweet': 66.0761, 'powdery': 59.5358, 'floral': 58.1149, 'rose': 57.7911}"
Dark Rebel ,John Varvatos,https://fimgs.net/mdimg/perfume/375x500.31760.jpg,for men,4.35,1318,"woody , leather , sweet , tobacco , aromatic , fresh spicy , rum , warm spicy , animalic , smoky ",moderate,"['Rum', 'Sugar Cane', 'Cardamom', 'Clary Sage', 'Artemisia']","['Leather', 'Fir Resin', 'Pepper', 'Styrax']","['Tobacco Leaf', 'Woody Notes', 'Castoreum', 'Akigalawood', 'Mexican Vanilla', 'Juniper']","{'very weak': 50, 'weak': 77, 'moderate': 368, 'long lasting': 140, 'eternal': 51}",,"{'female': 0, 'more female': 0, 'unisex': 3, 'more male': 7, 'male': 132}","{'way overpriced': 1, 'overpriced': 0, 'ok': 24, 'good value': 39, 'great value': 59}",,,,,,,,fall,"{'woody': 100.0, 'leather': 84.1687, 'sweet': 75.6735, 'tobacco': 71.6613, 'aromatic': 67.785, 'fresh spicy': 64.8596, 'rum': 62.9668, 'warm spicy': 61.5176, 'animalic': 53.9281, 'smoky': 53.0043}"
Le Jardin de Monsieur Li,Hermès,https://fimgs.net/mdimg/perfume/375x500.29818.jpg,for women and men,4.1,3078,"citrus , white floral , aromatic , green , fresh , fresh spicy ",moderate,[],"['Kumquat', 'Jasmine', 'Mint', 'Green Sap']",[],"{'very weak': 107, 'weak': 136, 'moderate': 404, 'long lasting': 175, 'eternal': 87}",,"{'female': 18, 'more female': 23, 'unisex': 51, 'more male': 2, 'male': 2}","{'way overpriced': 5, 'overpriced': 15, 'ok': 46, 'good value': 12, 'great value': 0}",,,,,,,,summer,"{'citrus': 100.0, 'white floral': 80.7835, 'aromatic': 79.5584, 'green': 69.0029, 'fresh': 50.6339, 'fresh spicy': 48.7322}"
L’Extase,Nina Ricci,https://fimgs.net/mdimg/perfume/375x500.29668.jpg,for women,3.75,2651,"sweet , fruity , rose , amber , caramel , vanilla , white floral , musky , powdery , warm spicy ",moderate,"['Pink Pepper', 'Peach', 'Pear']","['Rose', 'Raspberry', 'White Flowers', 'Jasmine']","['Caramel', 'Siam Benzoin', 'Amber', 'Vanilla', 'Musk', 'Patchouli', 'Virginia Cedar']","{'very weak': 75, 'weak': 87, 'moderate': 266, 'long lasting': 331, 'eternal': 106}",,"{'female': 80, 'more female': 12, 'unisex': 3, 'more male': 0, 'male': 0}","{'way overpriced': 1, 'overpriced': 7, 'ok': 45, 'good value': 33, 'great value': 9}",,,,,,,,fall and winter,"{'sweet': 100.0, 'fruity': 91.1364, 'rose': 88.5752, 'amber': 85.7429, 'caramel': 76.9546, 'vanilla': 61.1382, 'white floral': 57.6203, 'musky': 54.6574, 'powdery': 53.6556, 'warm spicy': 53.3266}"
African Leather,Memo Paris,https://fimgs.net/mdimg/perfume/375x500.31383.jpg,for women and men,4.29,1184,"warm spicy , aromatic , fresh spicy , leather , woody , earthy , animalic , patchouli , oud ",moderate,[],"['Cardamom', 'Leather', 'Saffron', 'Cumin', 'Vetiver', 'Patchouli', 'Geranium', 'Agarwood (Oud)', 'Bergamot', 'Musk']",[],"{'very weak': 38, 'weak': 34, 'moderate': 91, 'long lasting': 233, 'eternal': 93}",,"{'female': 2, 'more female': 2, 'unisex': 64, 'more male': 46, 'male': 28}","{'way overpriced': 12, 'overpriced': 59, 'ok': 38, 'good value': 6, 'great value': 2}",,,,,,,,winter,"{'warm spicy': 100.0, 'aromatic': 79.8164, 'fresh spicy': 74.2105, 'leather': 67.3623, 'woody': 56.2437, 'earthy': 51.9733, 'animalic': 51.8607, 'patchouli': 47.0817, 'oud': 44.2865}"
Fatale Intense ,Agent Provocateur,https://fimgs.net/mdimg/perfume/375x500.30196.jpg,for women,3.97,1371,"soft spicy , vanilla , warm spicy , sweet , fruity , leather , amber , floral , animalic , fresh ",moderate,"['Licorice', 'Dewberry', 'Chili Pepper']","['Champaca', 'Red Rose', 'Lotus']","['Vanilla', 'Leather', 'Amber']","{'very weak': 40, 'weak': 69, 'moderate': 219, 'long lasting': 116, 'eternal': 60}",,"{'female': 71, 'more female': 30, 'unisex': 17, 'more male': 0, 'male': 1}","{'way overpriced': 4, 'overpriced': 0, 'ok': 11, 'good value': 45, 'great value': 54}",,,,,,,,winter,"{'soft spicy': 100.0, 'vanilla': 88.8308, 'warm spicy': 87.6492, 'sweet': 83.9054, 'fruity': 75.6219, 'leather': 73.0348, 'amber': 67.8109, 'floral': 63.5945, 'animalic': 59.0796, 'fresh': 55.6219}"
Ari,Ariana Grande,https://fimgs.net/mdimg/perfume/375x500.31661.jpg,for women,4.11,1496,"sweet , fruity , powdery , citrus ",moderate,"['Raspberry', 'Pear', 'Grapefruit']","['Vanilla orchid', 'Lily-of-the-Valley', 'Rose']","['Marshmallow', 'Musk', 'Woody Notes']","{'very weak': 100, 'weak': 86, 'moderate': 230, 'long lasting': 121, 'eternal': 47}",,"{'female': 112, 'more female': 8, 'unisex': 0, 'more male': 0, 'male': 0}","{'way overpriced': 2, 'overpriced': 11, 'ok': 35, 'good value': 63, 'great value': 18}",,,,,,,,spring,"{'sweet': 100.0, 'fruity': 74.453, 'powdery': 58.4747, 'citrus': 49.2657}"
Plumeria de Orris,Areej Le Doré,https://fimgs.net/mdimg/perfume/375x500.57832.jpg,for women and men,4.21,71,"powdery , floral , woody , iris , tropical , animalic , musky , lactonic , fruity , earthy ",strong,"['Frangipani', 'Apricot', 'Orris Root']","['Synthetic Civet', 'Sandalwood', 'Vanilla']","['Myrrh', 'Vetiver', 'Cedar']","{'very weak': 3, 'weak': 2, 'moderate': 7, 'long lasting': 10, 'eternal': 12}",,"{'female': 0, 'more female': 2, 'unisex': 4, 'more male': 0, 'male': 0}","{'way overpriced': 1, 'overpriced': 1, 'ok': 2, 'good value': 3, 'great value': 0}",,,,,,,,spring,"{'powdery': 100.0, 'floral': 80.0559, 'woody': 75.0699, 'iris': 71.0615, 'tropical': 66.7598, 'animalic': 66.5642, 'musky': 66.0754, 'lactonic': 61.8715, 'fruity': 61.5782, 'earthy': 52.8771}"
HerStory Love Inspires,Avon,https://fimgs.net/mdimg/perfume/375x500.65850.jpg,for women,3.33,3,"white floral , amber , powdery , woody , iris , fruity , earthy , sweet , lactonic , animalic ",intimate,"['Jasmine', 'Apricot', 'Mandarin Orange']","['iris', 'Gardenia', 'Brandy']","['Amber', 'Vetiver', 'Praline']","{'very weak': 0, 'weak': 1, 'moderate': 1, 'long lasting': 0, 'eternal': 0}",,"{'female': 0, 'more female': 0, 'unisex': 1, 'more male': 0, 'male': 0}","{'way overpriced': 0, 'overpriced': 1, 'ok': 0, 'good value': 0, 'great value': 0}",,,,,,,,fall,"{'white floral': 100.0, 'amber': 87.4, 'powdery': 67.8, 'woody': 62.2, 'iris': 58.0, 'fruity': 58.0, 'earthy': 58.0, 'sweet': 54.5, 'lactonic': 53.8, 'animalic': 51.0}"
Love and Tears,By Kilian,https://fimgs.net/mdimg/perfume/375x500.9951.jpg,for women and men,3.72,648,"white floral , green , yellow floral , citrus , fresh , floral ",moderate,"['Petitgrain', 'Bergamot', 'Galbanum', 'Lavender']","['Jasmine', 'Water Jasmine', 'Lily-of-the-Valley', 'Narcissus', 'Orange Blossom', 'Ylang-Ylang']","['Oakmoss', 'Cedar', 'Styrax']","{'very weak': 10, 'weak': 16, 'moderate': 45, 'long lasting': 50, 'eternal': 21}",,"{'female': 7, 'more female': 2, 'unisex': 1, 'more male': 0, 'male': 0}","{'way overpriced': 0, 'overpriced': 4, 'ok': 3, 'good value': 1, 'great value': 0}",,,,,,,,spring,"{'white floral': 100.0, 'green': 56.2161, 'yellow floral': 50.9331, 'citrus': 46.9771, 'fresh': 46.4733, 'floral': 44.1574}"
Antaeus,Chanel,https://fimgs.net/mdimg/perfume/375x500.616.jpg,for men,4.27,3856,"woody , aromatic , leather , amber , mossy , smoky , earthy , musky , rose , patchouli ",strong,"['Myrhh', 'Clary Sage', 'Coriander', 'Bergamot', 'Lime', 'Amalfi Lemon']","['Rose', 'Thyme', 'Basil', 'Jasmine']","['Castoreum', 'Oakmoss', 'Patchouli', 'French labdanum']","{'very weak': 64, 'weak': 73, 'moderate': 226, 'long lasting': 589, 'eternal': 529}",,"{'female': 1, 'more female': 1, 'unisex': 10, 'more male': 31, 'male': 131}","{'way overpriced': 6, 'overpriced': 44, 'ok': 74, 'good value': 33, 'great value': 8}",,,,,,,,winter,"{'woody': 100.0, 'aromatic': 98.5332, 'leather': 87.6032, 'amber': 80.1037, 'mossy': 75.6108, 'smoky': 74.4024, 'earthy': 73.8956, 'musky': 66.457, 'rose': 61.3818, 'patchouli': 59.9199}"
Fantasy,Britney Spears,https://fimgs.net/mdimg/perfume/375x500.600.jpg,for women,3.93,9532,"sweet , fruity , tropical , fresh , chocolate ",strong,"['Kiwi', 'Red Litchi', 'Quince']","['White Chocolate', 'Cupcake', 'Orchid', 'Jasmine']","['Musk', 'Woodsy Notes', 'Orris Root']","{'very weak': 108, 'weak': 179, 'moderate': 695, 'long lasting': 1160, 'eternal': 509}",,"{'female': 194, 'more female': 20, 'unisex': 13, 'more male': 0, 'male': 0}","{'way overpriced': 5, 'overpriced': 5, 'ok': 38, 'good value': 81, 'great value': 104}",,,,,,,,winter,"{'sweet': 100.0, 'fruity': 72.4026, 'tropical': 53.7009, 'fresh': 48.4673, 'chocolate': 44.9053}"
Olympéa Aqua Eau de Parfum Légère,Paco Rabanne,https://fimgs.net/mdimg/perfume/375x500.48759.jpg,for women,3.93,455,"white floral , citrus , vanilla , salty , amber , floral , sweet , aldehydic , balsamic , marine ",moderate,"['Clementine', 'Lemon Blossom']","['Water Jasmine', 'Solar notes', 'Water Lily']","['Salt', 'Vanilla', 'Ambergris', 'Cashmere Wood']","{'very weak': 16, 'weak': 18, 'moderate': 75, 'long lasting': 77, 'eternal': 34}",,"{'female': 33, 'more female': 4, 'unisex': 3, 'more male': 0, 'male': 0}","{'way overpriced': 1, 'overpriced': 6, 'ok': 16, 'good value': 14, 'great value': 0}",,,,,,,,spring,"{'white floral': 100.0, 'citrus': 89.9406, 'vanilla': 78.8128, 'salty': 72.707, 'amber': 68.5221, 'floral': 63.1675, 'sweet': 58.2807, 'aldehydic': 55.5774, 'balsamic': 52.6922, 'marine': 51.3535}"
Emperor Extrait,Parfums Vintage,https://fimgs.net/mdimg/perfume/375x500.52968.jpg,for women and men,4.47,160,"fruity , sweet , fresh spicy , woody , aromatic , leather , citrus , smoky , musky , fresh ",strong,"['Pineapple', 'Juniper Berries', 'Apple']","['Bergamot', 'Jasmine', 'Rose']","['Birch', 'Musk', 'Ambergris', 'Patchouli', 'Vanilla']","{'very weak': 19, 'weak': 5, 'moderate': 17, 'long lasting': 44, 'eternal': 58}",,"{'female': 0, 'more female': 0, 'unisex': 0, 'more male': 4, 'male': 25}","{'way overpriced': 2, 'overpriced': 1, 'ok': 19, 'good value': 9, 'great value': 0}",,,,,,,,spring,"{'fruity': 100.0, 'sweet': 80.6928, 'fresh spicy': 76.7124, 'woody': 75.7516, 'aromatic': 74.3791, 'leather': 72.0915, 'citrus': 71.5425, 'smoky': 63.6732, 'musky': 62.9412, 'fresh': 60.5621}"
Absolute Iris N°39,The Master Perfumer,https://fimgs.net/mdimg/perfume/375x500.36809.jpg,for women,3.88,49,"iris , powdery , earthy , patchouli , woody , violet , musky , warm spicy ",moderate,[],"['iris', 'Patchouli', 'Musk']",[],"{'very weak': 1, 'weak': 5, 'moderate': 15, 'long lasting': 5, 'eternal': 1}",,"{'female': 3, 'more female': 2, 'unisex': 0, 'more male': 0, 'male': 0}","{'way overpriced': 0, 'overpriced': 0, 'ok': 0, 'good value': 0, 'great value': 6}",,,,,,,,summer,"{'iris': 100.0, 'powdery': 83.6667, 'earthy': 75.9487, 'patchouli': 74.8718, 'woody': 70.9231, 'violet': 65.0, 'musky': 53.3333, 'warm spicy': 52.4359}"
Magie Noire Parfum,Lancome,https://fimgs.net/mdimg/perfume/375x500.33770.jpg,for women,4.51,668,"woody , green , amber , aromatic , earthy , warm spicy , balsamic , animalic , sweet , powdery ",enormous,"['Cassis', 'Cassia', 'Galbanum', 'Bulgarian Rose', 'Raspberry', 'Hyacinth', 'Bergamot']","['Honey', 'Narcissus', 'Orris Root', 'Cedar', 'Tuberose', 'Ylang-Ylang', 'Jasmine', 'Lily-of-the-Valley']","['Oakmoss', 'Myrrh', 'Incense', 'Civet', 'Spices', 'Patchouli', 'Ambergris', 'Sandalwood', 'Vetiver', 'Musk']","{'very weak': 4, 'weak': 3, 'moderate': 16, 'long lasting': 33, 'eternal': 102}",,"{'female': 11, 'more female': 2, 'unisex': 6, 'more male': 0, 'male': 0}","{'way overpriced': 0, 'overpriced': 0, 'ok': 10, 'good value': 3, 'great value': 2}",,,,,,,,spring,"{'woody': 100.0, 'green': 88.7417, 'amber': 86.4175, 'aromatic': 78.2555, 'earthy': 75.4887, 'warm spicy': 73.4136, 'balsamic': 68.3579, 'animalic': 64.1951, 'sweet': 62.4973, 'powdery': 61.7804}"
Rose Prana,Anima Vinci,https://fimgs.net/mdimg/perfume/375x500.45912.jpg,for women,4.17,18,"ozonic , rose , woody , aquatic , mossy , earthy , musky , floral , green , citrus ",moderate,"['Violet Leaf', 'Verbena', 'Pink Pepper']","['May Rose', 'Hedione']","['Oakmoss', 'White Musk', 'Woody Notes', 'Vetiver', 'Patchouli']","{'very weak': 0, 'weak': 2, 'moderate': 2, 'long lasting': 3, 'eternal': 0}",,"{'female': 0, 'more female': 0, 'unisex': 0, 'more male': 0, 'male': 0}","{'way overpriced': 0, 'overpriced': 0, 'ok': 0, 'good value': 0, 'great value': 0}",,,,,,,,spring,"{'ozonic': 100.0, 'rose': 98.5263, 'woody': 94.1053, 'aquatic': 84.5263, 'mossy': 81.579, 'earthy': 80.8421, 'musky': 80.8421, 'floral': 73.4737, 'green': 69.7895, 'citrus': 56.8947}"
Flying,Maison Martin Margiela,https://fimgs.net/mdimg/perfume/375x500.41188.jpg,for women and men,3.49,208,"citrus , white floral , floral , ozonic , fresh spicy , aromatic , sweet , green , woody , fresh ",moderate,"['Orange Blossom', 'Bergamot', 'Petitgrain']","['Neroli Essence', 'Almond Blossom', 'Ylang-Ylang']","['Ozonic notes', 'Musk', 'Moss']","{'very weak': 11, 'weak': 9, 'moderate': 30, 'long lasting': 14, 'eternal': 4}",,"{'female': 0, 'more female': 3, 'unisex': 7, 'more male': 2, 'male': 0}","{'way overpriced': 0, 'overpriced': 4, 'ok': 3, 'good value': 2, 'great value': 0}",,,,,,,,summer,"{'citrus': 100.0, 'white floral': 82.8302, 'floral': 59.2151, 'ozonic': 59.0566, 'fresh spicy': 55.3585, 'aromatic': 51.8189, 'sweet': 51.2377, 'green': 49.3358, 'woody': 45.3472, 'fresh': 44.2642}"
Good Girl,Carolina Herrera,https://fimgs.net/mdimg/perfume/375x500.39681.jpg,for women,3.77,6703,"white floral , warm spicy , sweet , vanilla , cacao , tuberose , amber , almond , woody , powdery ",moderate,"['Almond', 'Coffee', 'Bergamot', 'Lemon']","['Tuberose', 'Jasmine Sambac', 'Orris', 'Orange Blossom', 'Bulgarian Rose']","['Tonka Bean', 'Cacao', 'Vanilla', 'Praline', 'Sandalwood', 'Amber', 'Musk', 'Cashmere Wood', 'Patchouli', 'Cinnamon', 'Cedar']","{'very weak': 131, 'weak': 162, 'moderate': 624, 'long lasting': 969, 'eternal': 333}",,"{'female': 400, 'more female': 69, 'unisex': 23, 'more male': 3, 'male': 4}","{'way overpriced': 33, 'overpriced': 115, 'ok': 216, 'good value': 60, 'great value': 10}",,,,,,,,winter,"{'white floral': 100.0, 'warm spicy': 95.3577, 'sweet': 94.3164, 'vanilla': 87.9747, 'cacao': 75.3781, 'tuberose': 67.4378, 'amber': 66.9746, 'almond': 61.1344, 'woody': 60.3612, 'powdery': 55.7172}"
Prada L'Homme,Prada,https://fimgs.net/mdimg/perfume/375x500.39029.jpg,for men,4.36,4297,"powdery , iris , violet , woody , fresh spicy , earthy , amber , aromatic , warm spicy , floral ",moderate,"['Neroli', 'Black Pepper', 'Cardamom', 'Carrot Seeds']","['iris', 'Violet', 'Geranium', 'Mate']","['Amber', 'Cedar', 'Patchouli', 'Sandalwood']","{'very weak': 128, 'weak': 155, 'moderate': 745, 'long lasting': 1048, 'eternal': 187}",,"{'female': 6, 'more female': 3, 'unisex': 107, 'more male': 260, 'male': 147}","{'way overpriced': 13, 'overpriced': 49, 'ok': 252, 'good value': 135, 'great value': 28}",,,,,,,,spring,"{'powdery': 100.0, 'iris': 95.1217, 'violet': 85.3047, 'woody': 76.611, 'fresh spicy': 66.6965, 'earthy': 61.043, 'amber': 59.6134, 'aromatic': 58.1629, 'warm spicy': 57.4133, 'floral': 49.9728}"
Layton,Parfums de Marly,https://fimgs.net/mdimg/perfume/375x500.39314.jpg,for women and men,4.47,3160,"warm spicy , vanilla , fresh spicy , woody , aromatic , fruity , powdery , lavender , fresh , citrus ",strong,"['Apple', 'Lavender', 'Mandarin Orange', 'Bergamot']","['Geranium', 'Violet', 'Jasmine']","['Vanilla', 'Cardamom', 'Sandalwood', 'Pepper', 'Patchouli', 'Guaiac Wood']","{'very weak': 79, 'weak': 93, 'moderate': 258, 'long lasting': 1030, 'eternal': 377}",,"{'female': 7, 'more female': 2, 'unisex': 85, 'more male': 250, 'male': 136}","{'way overpriced': 60, 'overpriced': 126, 'ok': 193, 'good value': 48, 'great value': 14}",,,,,,,,winter,"{'warm spicy': 100.0, 'vanilla': 84.83840000000001, 'fresh spicy': 81.7385, 'woody': 79.7865, 'aromatic': 77.4623, 'fruity': 72.9502, 'powdery': 65.6706, 'lavender': 59.8912, 'fresh': 57.4306, 'citrus': 53.1287}"
Versace Pour Homme Dylan Blue,Versace,https://fimgs.net/mdimg/perfume/375x500.40031.jpg,for men,4.03,4721,"amber , citrus , fresh spicy , musky , aquatic , warm spicy , woody , fresh , aromatic , smoky ",moderate,"['Calabrian bergamot', 'Grapefruit', 'Water Notes', 'Fig Leaf']","['Ambroxan', 'Patchouli', 'Black Pepper', 'Violet Leaf', 'Papyrus']","['Incense', 'Musk', 'Tonka Bean', 'Saffron']","{'very weak': 101, 'weak': 138, 'moderate': 776, 'long lasting': 1290, 'eternal': 154}",,"{'female': 3, 'more female': 2, 'unisex': 14, 'more male': 111, 'male': 413}","{'way overpriced': 4, 'overpriced': 31, 'ok': 136, 'good value': 270, 'great value': 77}",,,,,,,,spring and summer,"{'amber': 100.0, 'citrus': 90.5489, 'fresh spicy': 70.5592, 'musky': 69.1286, 'aquatic': 66.9743, 'warm spicy': 62.7015, 'woody': 54.3619, 'fresh': 50.7444, 'aromatic': 50.2093, 'smoky': 49.4854}"
Angel Muse,Mugler,https://fimgs.net/mdimg/perfume/375x500.36416.jpg,for women,4.11,5545,"woody , sweet , patchouli , nutty , earthy , warm spicy , aromatic , chocolate , balsamic , citrus ",strong,"['Pink Pepper', 'Grapefruit']",['Hazelnut cocoa spread'],"['Patchouli', 'Vetiver']","{'very weak': 94, 'weak': 109, 'moderate': 404, 'long lasting': 849, 'eternal': 402}",,"{'female': 169, 'more female': 98, 'unisex': 84, 'more male': 1, 'male': 1}","{'way overpriced': 9, 'overpriced': 32, 'ok': 158, 'good value': 90, 'great value': 22}",,,,,,,,summer,"{'woody': 100.0, 'sweet': 95.9669, 'patchouli': 86.6416, 'nutty': 83.3665, 'earthy': 72.8337, 'warm spicy': 58.3208, 'aromatic': 56.4482, 'chocolate': 51.7165, 'balsamic': 46.9925, 'citrus': 44.7635}"
Grand Soir,Maison Francis Kurkdjian,https://fimgs.net/mdimg/perfume/375x500.40816.jpg,for women and men,4.39,2838,"amber , vanilla ",moderate,[],"['Amber', 'Siam Benzoin', 'Vanilla', 'Tonka Bean', 'Spanish Labdanum']",[],"{'very weak': 68, 'weak': 72, 'moderate': 158, 'long lasting': 424, 'eternal': 571}",,"{'female': 16, 'more female': 19, 'unisex': 227, 'more male': 101, 'male': 35}","{'way overpriced': 48, 'overpriced': 86, 'ok': 134, 'good value': 52, 'great value': 12}",,,,,,,,winter,"{'amber': 100.0, 'vanilla': 69.2184}"
Narciso Poudree,Narciso Rodriguez,https://fimgs.net/mdimg/perfume/375x500.36679.jpg,for women,4.09,4731,"white floral , woody , musky , aromatic , powdery , sweet , rose , vanilla , balsamic , warm spicy ",moderate,"['Jasmine', 'Bulgarian Rose', 'Orange Blossom']",['Musk'],"['Coumarin', 'Cedar', 'Vetiver', 'Patchouli']","{'very weak': 83, 'weak': 126, 'moderate': 450, 'long lasting': 592, 'eternal': 233}",,"{'female': 208, 'more female': 19, 'unisex': 8, 'more male': 1, 'male': 2}","{'way overpriced': 3, 'overpriced': 36, 'ok': 120, 'good value': 47, 'great value': 11}",,,,,,,,winter,"{'white floral': 100.0, 'woody': 98.8069, 'musky': 97.6377, 'aromatic': 72.5882, 'powdery': 68.2059, 'sweet': 65.7723, 'rose': 60.7576, 'vanilla': 59.3933, 'balsamic': 55.199, 'warm spicy': 51.6966}"
Knize Ten,Knize,https://fimgs.net/mdimg/perfume/375x500.7913.jpg,for men,4.22,902,"leather , woody , animalic , warm spicy , aromatic , smoky , fresh spicy , powdery , citrus , musky ",strong,"['Geranium', 'Rosemary', 'Bergamot', 'Orange', 'Petitgrain', 'Amalfi Lemon']","['Carnation', 'Patchouli', 'Sandalwood', 'Orris', 'tincture of rose', 'Virginia Cedar', 'Cinnamon', 'Orange Blossom']","['Leather', 'Castoreum', 'oak moss', 'Amber', 'Musk', 'Vanilla']","{'very weak': 19, 'weak': 16, 'moderate': 53, 'long lasting': 132, 'eternal': 65}",,"{'female': 0, 'more female': 0, 'unisex': 6, 'more male': 14, 'male': 11}","{'way overpriced': 0, 'overpriced': 2, 'ok': 12, 'good value': 9, 'great value': 3}",,,,,,,,fall,"{'leather': 100.0, 'woody': 81.6293, 'animalic': 66.6779, 'warm spicy': 65.8188, 'aromatic': 64.7002, 'smoky': 63.2817, 'fresh spicy': 56.4778, 'powdery': 56.201, 'citrus': 56.0165, 'musky': 54.5461}"
Les Exclusifs de Chanel Bel Respiro,Chanel,https://fimgs.net/mdimg/perfume/375x500.7141.jpg,for women,4.1,651,"green , fresh , leather , floral ",intimate,[],"['Green Notes', 'Grass', 'Leather', 'Flowers']",[],"{'very weak': 29, 'weak': 34, 'moderate': 65, 'long lasting': 20, 'eternal': 9}",,"{'female': 2, 'more female': 3, 'unisex': 6, 'more male': 1, 'male': 0}","{'way overpriced': 4, 'overpriced': 2, 'ok': 3, 'good value': 0, 'great value': 0}",,,,,,,,spring,"{'green': 100.0, 'fresh': 52.1947, 'leather': 50.372, 'floral': 49.1466}"
Eau de Fleurs de Cedrat,Guerlain,https://fimgs.net/mdimg/perfume/375x500.5398.jpg,for women and men,4.31,297,"citrus , aromatic ",intimate,[],"['Lemon', 'Bergamot', 'Citron']",[],"{'very weak': 66, 'weak': 16, 'moderate': 12, 'long lasting': 7, 'eternal': 3}",,"{'female': 0, 'more female': 0, 'unisex': 6, 'more male': 0, 'male': 0}","{'way overpriced': 4, 'overpriced': 1, 'ok': 2, 'good value': 2, 'great value': 0}",,,,,,,,summer,"{'citrus': 100.0, 'aromatic': 48.6304}"
Lily of the Valley,Yardley,https://fimgs.net/mdimg/perfume/375x500.9012.jpg,for women,3.87,244,"white floral , green , fresh ",moderate,[],"['Lily-of-the-Valley', 'Green Notes', 'Jasmine', 'Gardenia', 'Geranium', 'Magnolia']",[],"{'very weak': 12, 'weak': 18, 'moderate': 19, 'long lasting': 4, 'eternal': 4}",,"{'female': 0, 'more female': 0, 'unisex': 0, 'more male': 0, 'male': 0}","{'way overpriced': 0, 'overpriced': 0, 'ok': 0, 'good value': 0, 'great value': 0}",,,,,,,,spring,"{'white floral': 100.0, 'green': 76.2339, 'fresh': 55.629}"
Ellada,Severnoye Siyanie,https://fimgs.net/mdimg/perfume/375x500.35852.jpg,for women,4.43,23,"woody , aromatic , marine , white floral , sand , musky , amber , powdery ",moderate,[],[],[],"{'very weak': 0, 'weak': 2, 'moderate': 1, 'long lasting': 2, 'eternal': 0}",,"{'female': 0, 'more female': 0, 'unisex': 1, 'more male': 0, 'male': 0}","{'way overpriced': 0, 'overpriced': 0, 'ok': 1, 'good value': 0, 'great value': 0}",,,,,,,,fall,{}
Lysval,Girard,https://fimgs.net/mdimg/perfume/375x500.7669.jpg,for women,3.37,52,"floral , white floral , iris , woody , powdery , rose , yellow floral , aquatic , amber , sweet ",moderate,"['Jasmine', 'tincture of rose', 'Ylang-Ylang', 'African Orange flower']","['iris', 'Sandalwood', 'Benzoin', 'Orris']","['Water Hyacinth', 'Freesia', 'Lily-of-the-Valley']","{'very weak': 1, 'weak': 0, 'moderate': 3, 'long lasting': 2, 'eternal': 1}",,"{'female': 1, 'more female': 0, 'unisex': 0, 'more male': 0, 'male': 0}","{'way overpriced': 0, 'overpriced': 0, 'ok': 1, 'good value': 0, 'great value': 0}",,,,,,,,winter,"{'floral': 100.0, 'white floral': 90.6558, 'iris': 72.623, 'woody': 68.6885, 'powdery': 65.4098, 'rose': 60.0, 'yellow floral': 56.2295, 'aquatic': 50.4918, 'amber': 48.0328, 'sweet': 48.0328}"
Eva,Lubin,https://fimgs.net/mdimg/perfume/375x500.40460.jpg,for women,5,2,"leather , animalic , smoky ",moderate,[],[],[],"{'very weak': 1, 'weak': 0, 'moderate': 0, 'long lasting': 0, 'eternal': 3}",,"{'female': 0, 'more female': 0, 'unisex': 1, 'more male': 0, 'male': 0}","{'way overpriced': 0, 'overpriced': 0, 'ok': 1, 'good value': 0, 'great value': 0}",,,,,,,,summer,{}
Novaya Zarya,Nouvelle Etoile – Новая Заря,https://fimgs.net/mdimg/perfume/375x500.56483.jpg,for women,3,2,"white floral , yellow floral , citrus , floral , fresh , sweet , woody , green , aromatic , soapy ",enormous,"['Orange Blossom', 'Lilac', 'Aldehydes', 'Jasmine']","['Neroli', 'Ylang-Ylang']","['Vetiver', 'Benzoin', 'Musk']","{'very weak': 0, 'weak': 0, 'moderate': 1, 'long lasting': 1, 'eternal': 0}",,"{'female': 0, 'more female': 0, 'unisex': 0, 'more male': 0, 'male': 0}","{'way overpriced': 0, 'overpriced': 0, 'ok': 0, 'good value': 0, 'great value': 0}",,,,,,,,winter,"{'white floral': 100.0, 'yellow floral': 73.75, 'citrus': 73.75, 'floral': 72.875, 'fresh': 70.25, 'sweet': 65.875, 'woody': 60.8, 'green': 51.875, 'aromatic': 50.125, 'soapy': 49.25}"
Sweet Pea Душистый горошек,Nouvelle Etoile – Новая Заря,https://fimgs.net/mdimg/perfume/375x500.61275.jpg,for women,4,1,"fresh , green , floral , powdery , aldehydic , musky , white floral , rose , amber , violet ",moderate,"['Aldehydes', 'Lily-of-the-Valley', 'Lilac']","['Green Notes', 'Rose', 'Violet']","['Musk', 'Amber']","{'very weak': 0, 'weak': 1, 'moderate': 1, 'long lasting': 0, 'eternal': 0}",,"{'female': 0, 'more female': 1, 'unisex': 1, 'more male': 0, 'male': 0}","{'way overpriced': 0, 'overpriced': 0, 'ok': 0, 'good value': 0, 'great value': 2}",,,,,,,,winter,"{'fresh': 100.0, 'green': 94.9091, 'floral': 89.1818, 'powdery': 70.7273, 'aldehydic': 68.1818, 'musky': 68.1818, 'white floral': 68.1818, 'rose': 57.3636, 'amber': 55.4545, 'violet': 55.4545}"
Eau perlee,Jardin de France,https://fimgs.net/mdimg/perfume/375x500.5298.jpg,for women,4,1,"woody , powdery , aldehydic , fresh , iris , earthy , white floral , citrus , musky , yellow floral ",intimate,"['Mandarin Orange', 'Petitgrain', 'Violet', 'Amalfi Lemon']","['Jasmine', 'Woodsy Notes', 'African Orange flower', 'Caramel']","['Musk', 'Patchouli']","{'very weak': 0, 'weak': 0, 'moderate': 0, 'long lasting': 0, 'eternal': 0}",,"{'female': 0, 'more female': 0, 'unisex': 0, 'more male': 0, 'male': 0}","{'way overpriced': 0, 'overpriced': 0, 'ok': 0, 'good value': 0, 'great value': 0}",,,,,,,,summer,Eau perlee
Eau de Cologne L'Originale,Mont St Michel,https://fimgs.net/mdimg/perfume/375x500.41491.jpg,for women and men,4.33,3,"citrus , woody , amber , rose , white floral , powdery , floral , fresh spicy ",intimate,[],"['Bergamot', 'Bitter Orange', 'Rose', 'Jasmine', 'Sandalwood', 'Amber']",[],"{'very weak': 1, 'weak': 1, 'moderate': 0, 'long lasting': 0, 'eternal': 0}",,"{'female': 0, 'more female': 0, 'unisex': 1, 'more male': 0, 'male': 0}","{'way overpriced': 0, 'overpriced': 0, 'ok': 0, 'good value': 0, 'great value': 0}",,,,,,,,summer,"{'citrus': 100.0, 'woody': 69.2683, 'amber': 64.1463, 'rose': 64.1463, 'white floral': 64.1463, 'powdery': 55.6097, 'floral': 52.1951, 'fresh spicy': 50.4878}"
Eau givree,Jardin de France,https://fimgs.net/mdimg/perfume/375x500.5299.jpg,for men,4,1,"citrus , aromatic , woody , lavender , marine , fresh spicy , powdery , warm spicy , salty ",enormous,"['Amalfi Lemon', 'Bergamot']","['Sea water', 'Lavender']","['Sandalwood', 'Patchouli', 'Virginia Cedar']","{'very weak': 0, 'weak': 0, 'moderate': 2, 'long lasting': 0, 'eternal': 0}",,"{'female': 0, 'more female': 0, 'unisex': 0, 'more male': 0, 'male': 0}","{'way overpriced': 0, 'overpriced': 0, 'ok': 0, 'good value': 0, 'great value': 0}",,,,,,,,summer,"{'citrus': 100.0, 'aromatic': 97.2, 'woody': 83.2, 'lavender': 72.0, 'marine': 72.0, 'fresh spicy': 56.6, 'powdery': 49.6, 'warm spicy': 48.2, 'salty': 46.8}"
Eau nacree,Jardin de France,https://fimgs.net/mdimg/perfume/375x500.5297.jpg,for women,4,2,"white floral , tuberose , green , aquatic , woody , fresh , floral ",intimate,"['Water Notes', 'Galbanum']","['Lily', 'Jasmine', 'Tuberose', 'Rose', 'Cyclamen', 'Pepper']","['Virginia Cedar', 'Vanilla']","{'very weak': 1, 'weak': 0, 'moderate': 0, 'long lasting': 0, 'eternal': 0}",,"{'female': 0, 'more female': 0, 'unisex': 0, 'more male': 0, 'male': 0}","{'way overpriced': 0, 'overpriced': 0, 'ok': 0, 'good value': 0, 'great value': 0}",,,,,,,,summer,"{'white floral': 100.0, 'tuberose': 55.0, 'green': 54.1667, 'aquatic': 48.3333, 'woody': 46.6667, 'fresh': 45.0, 'floral': 44.1667}"
Eau irisee,Jardin de France,https://fimgs.net/mdimg/perfume/375x500.5302.jpg,for women and men,NA,NA,"woody , aromatic , marine , white floral , sand , musky , amber , powdery ",enormous,['Cypress'],"['Pine Tree', 'Jasmine']","['Sea water', 'Woodsy Notes', 'Amber', 'Musk', 'Sand']","{'very weak': 0, 'weak': 0, 'moderate': 0, 'long lasting': 0, 'eternal': 0}",,"{'female': 0, 'more female': 0, 'unisex': 0, 'more male': 0, 'male': 0}","{'way overpriced': 0, 'overpriced': 0, 'ok': 0, 'good value': 0, 'great value': 0}",,,,,,,,fall and spring,"{'woody': 100.0, 'aromatic': 78.27590000000001, 'marine': 54.1379, 'white floral': 54.1379, 'sand': 54.1379, 'musky': 54.1379, 'amber': 54.1379, 'powdery': 45.6896}"
Eau epicee,Jardin de France,https://fimgs.net/mdimg/perfume/375x500.5301.jpg,for women and men,NA,NA,"citrus , warm spicy , powdery , fresh spicy , vanilla , soft spicy , white floral , musky , anis , floral ",intimate,"['Ginger', 'Orange', 'Amalfi Lemon', 'Star Anise']","['Nutmeg', 'Cardamom', 'Jasmine']","['Musk', 'Vanilla']","{'very weak': 0, 'weak': 0, 'moderate': 0, 'long lasting': 0, 'eternal': 0}",,"{'female': 0, 'more female': 0, 'unisex': 0, 'more male': 0, 'male': 0}","{'way overpriced': 0, 'overpriced': 0, 'ok': 0, 'good value': 0, 'great value': 0}",,,,,,,,fall and winter,"{'citrus': 100.0, 'warm spicy': 90.4545, 'powdery': 68.1818, 'fresh spicy': 68.1818, 'vanilla': 63.4091, 'soft spicy': 63.4091, 'white floral': 61.8182, 'musky': 61.8182, 'anis': 61.8182, 'floral': 55.4545}"
Eau boisee,Jardin de France,https://fimgs.net/mdimg/perfume/375x500.5300.jpg,for men,NA,NA,"citrus , herbal , woody , white floral , rose , musky , green , aromatic , fresh , warm spicy ",moderate,"['Virginia Cedar', 'Tea', 'Amalfi Lemon']","['Rose', 'Jasmine', 'Artemisia', 'Ginger']",['Musk'],"{'very weak': 0, 'weak': 0, 'moderate': 0, 'long lasting': 0, 'eternal': 0}",,"{'female': 0, 'more female': 0, 'unisex': 0, 'more male': 0, 'male': 0}","{'way overpriced': 0, 'overpriced': 0, 'ok': 0, 'good value': 0, 'great value': 0}",,,,,,,,summer,"{'citrus': 100.0, 'herbal': 91.6, 'woody': 86.0, 'white floral': 86.0, 'rose': 86.0, 'musky': 86.0, 'green': 86.0, 'aromatic': 86.0, 'fresh': 80.4, 'warm spicy': 80.4}"
Mury,Mury Paris,https://fimgs.net/mdimg/perfume/375x500.43439.jpg,for women and men,NA,NA,"leather , animalic , smoky ",strong,[],[],[],"{'very weak': 0, 'weak': 0, 'moderate': 0, 'long lasting': 0, 'eternal': 0}",,"{'female': 0, 'more female': 0, 'unisex': 0, 'more male': 0, 'male': 0}","{'way overpriced': 0, 'overpriced': 0, 'ok': 0, 'good value': 0, 'great value': 0}",,,,,,,,summer,{}
Lavande,Mury Paris,https://fimgs.net/mdimg/perfume/375x500.43438.jpg,for women and men,NA,NA,"lavender , aromatic , fresh spicy , herbal ",enormous,[],['Lavender'],[],"{'very weak': 0, 'weak': 0, 'moderate': 0, 'long lasting': 0, 'eternal': 1}",,"{'female': 0, 'more female': 0, 'unisex': 0, 'more male': 0, 'male': 0}","{'way overpriced': 0, 'overpriced': 0, 'ok': 0, 'good value': 0, 'great value': 0}",,,,,,,,summer,"{'lavender': 100.0, 'aromatic': 58.0, 'fresh spicy': 51.0, 'herbal': 44.0}"
Jeux,Mury Paris,https://fimgs.net/mdimg/perfume/375x500.43437.jpg,for women and men,NA,NA,"citrus , yellow floral , amber , aldehydic , white floral , fresh , woody , sweet , floral , green ",intimate,[],[],[],"{'very weak': 0, 'weak': 0, 'moderate': 0, 'long lasting': 0, 'eternal': 0}",,"{'female': 0, 'more female': 0, 'unisex': 0, 'more male': 0, 'male': 0}","{'way overpriced': 0, 'overpriced': 0, 'ok': 0, 'good value': 0, 'great value': 0}",,,,,,,,fall,{}
Heliotrope,Mury Paris,https://fimgs.net/mdimg/perfume/375x500.43436.jpg,for women,NA,NA,"powdery , vanilla , almond , floral ",strong,[],['Heliotrope'],[],"{'very weak': 0, 'weak': 0, 'moderate': 0, 'long lasting': 0, 'eternal': 0}",,"{'female': 0, 'more female': 0, 'unisex': 0, 'more male': 0, 'male': 0}","{'way overpriced': 0, 'overpriced': 0, 'ok': 0, 'good value': 0, 'great value': 0}",,,,,,,,spring,"{'powdery': 100.0, 'vanilla': 91.25, 'almond': 73.75, 'floral': 56.25}"
Cuir de Russie,Mury Paris,https://fimgs.net/mdimg/perfume/375x500.43435.jpg,for women and men,NA,NA,"leather , animalic , smoky ",enormous,[],['Leather'],[],"{'very weak': 0, 'weak': 0, 'moderate': 0, 'long lasting': 0, 'eternal': 0}",,"{'female': 0, 'more female': 0, 'unisex': 0, 'more male': 0, 'male': 0}","{'way overpriced': 0, 'overpriced': 0, 'ok': 0, 'good value': 0, 'great value': 0}",,,,,,,,fall and winter,"{'leather': 100.0, 'animalic': 65.0, 'smoky': 51.0}"
Lacdor,Lubin,https://fimgs.net/mdimg/perfume/375x500.40469.jpg,for women,NA,NA,"woody , aromatic , marine , white floral , sand , musky , amber , powdery ",moderate,[],[],[],"{'very weak': 0, 'weak': 0, 'moderate': 0, 'long lasting': 0, 'eternal': 1}",,"{'female': 0, 'more female': 0, 'unisex': 0, 'more male': 0, 'male': 0}","{'way overpriced': 0, 'overpriced': 0, 'ok': 0, 'good value': 0, 'great value': 0}",,,,,,,,summer,{}
Chanel No 5 Parfum,Chanel,https://fimgs.net/mdimg/perfume/375x500.28711.jpg,for women,3.69,12257,"powdery , woody , aldehydic , iris , fresh , white floral , earthy , musky , citrus , yellow floral ",moderate,"['Aldehydes', 'Ylang-Ylang', 'Neroli', 'Bergamot', 'Lemon']","['iris', 'Jasmine', 'Rose', 'Orris Root', 'Lily-of-the-Valley']","['Civet', 'Amber', 'Sandalwood', 'Musk', 'Moss', 'Vetiver', 'Vanilla', 'Patchouli']","{'very weak': 93, 'weak': 120, 'moderate': 490, 'long lasting': 823, 'eternal': 611}",,"{'female': 43, 'more female': 15, 'unisex': 19, 'more male': 1, 'male': 1}","{'way overpriced': 17, 'overpriced': 21, 'ok': 26, 'good value': 7, 'great value': 4}",,,,,,,,winter,"{'powdery': 100.0, 'woody': 98.833, 'aldehydic': 83.3484, 'iris': 81.7157, 'fresh': 80.4673, 'white floral': 79.0407, 'earthy': 76.7447, 'musky': 72.3644, 'citrus': 69.977, 'yellow floral': 65.8889}"
Chanel No 5 Eau de Toilette,Chanel,https://fimgs.net/mdimg/perfume/375x500.10856.jpg,for women,3.99,4385,"woody , powdery , aldehydic , fresh , iris , earthy , white floral , citrus , musky , yellow floral ",moderate,"['Aldehydes', 'Ylang-Ylang', 'Neroli', 'Amalfi Lemon', 'Bergamot']","['iris', 'Jasmine', 'Rose', 'Orris Root', 'Lily-of-the-Valley']","['Civetta', 'Sandalwood', 'Musk', 'oak moss', 'Vetiver', 'Amber', 'Vanille', 'Patchouli']","{'very weak': 55, 'weak': 106, 'moderate': 370, 'long lasting': 244, 'eternal': 136}",,"{'female': 43, 'more female': 26, 'unisex': 31, 'more male': 1, 'male': 0}","{'way overpriced': 7, 'overpriced': 17, 'ok': 52, 'good value': 13, 'great value': 2}",,,,,,,,spring and summer,"{'woody': 100.0, 'powdery': 96.9788, 'aldehydic': 83.2949, 'fresh': 81.1491, 'iris': 78.3101, 'earthy': 75.7693, 'white floral': 75.6368, 'citrus': 74.2083, 'musky': 71.5249, 'yellow floral': 66.2918}"
Habanita,Molinard,https://fimgs.net/mdimg/perfume/375x500.3934.jpg,for women,4.13,2217,"amber , vanilla , powdery , leather , sweet , woody , animalic , floral , earthy , mossy ",strong,"['Raspberry', 'Peach', 'Orange Blossom', 'Bergamot']","['Heliotrope', 'Orris Root', 'Ylang-Ylang', 'Rose', 'Lilac', 'Jasmine']","['Leather', 'Benzoin', 'Vanilla', 'Amber', 'Oakmoss', 'Musk', 'Cedar']","{'very weak': 19, 'weak': 17, 'moderate': 76, 'long lasting': 134, 'eternal': 261}",,"{'female': 3, 'more female': 6, 'unisex': 10, 'more male': 0, 'male': 0}","{'way overpriced': 0, 'overpriced': 2, 'ok': 3, 'good value': 3, 'great value': 8}",,,,,,,,winter,"{'amber': 100.0, 'vanilla': 98.6342, 'powdery': 93.474, 'leather': 73.5071, 'sweet': 64.5997, 'woody': 64.217, 'animalic': 62.9042, 'floral': 59.9752, 'earthy': 55.4743, 'mossy': 53.3726}"
Emeraude,Coty,https://fimgs.net/mdimg/perfume/375x500.3945.jpg,for women,3.97,1148,"amber , citrus , woody , balsamic , vanilla , sweet , warm spicy , powdery , aromatic , fresh spicy ",moderate,"['Bergamot', 'Lemon', 'Orange']","['Brazilian Rosewood', 'Ylang-Ylang', 'Jasmine', 'Rose']","['Opoponax', 'Benzoin', 'Vanilla', 'Amber', 'Sandalwood', 'Patchouli']","{'very weak': 19, 'weak': 34, 'moderate': 96, 'long lasting': 80, 'eternal': 19}",,"{'female': 11, 'more female': 4, 'unisex': 11, 'more male': 1, 'male': 1}","{'way overpriced': 0, 'overpriced': 0, 'ok': 2, 'good value': 9, 'great value': 11}",,,,,,,,fall,"{'amber': 100.0, 'citrus': 83.9062, 'woody': 83.8139, 'balsamic': 70.2638, 'vanilla': 63.6651, 'sweet': 61.6251, 'warm spicy': 59.2408, 'powdery': 52.9611, 'aromatic': 45.0024, 'fresh spicy': 44.272}"
Maja,Myrurgia,https://fimgs.net/mdimg/perfume/375x500.6233.jpg,for women,4.03,457,"warm spicy , fresh spicy , aromatic , floral , rose , woody , patchouli , earthy , citrus ",moderate,"['Geranium', 'Citruses', 'Tobacco', 'Orange Blossom']","['Carnation', 'Cloves', 'Nutmeg', 'Rose', 'Lavender', 'Leather', 'Jasmine']","['Patchouli', 'Cypress', 'Tonka Bean', 'Amber', 'Benzoin', 'Oakmoss']","{'very weak': 12, 'weak': 17, 'moderate': 60, 'long lasting': 20, 'eternal': 18}",,"{'female': 7, 'more female': 2, 'unisex': 6, 'more male': 0, 'male': 0}","{'way overpriced': 0, 'overpriced': 0, 'ok': 3, 'good value': 4, 'great value': 5}",,,,,,,,fall,"{'warm spicy': 100.0, 'fresh spicy': 84.0584, 'aromatic': 76.5442, 'floral': 71.9087, 'rose': 65.536, 'woody': 57.2972, 'patchouli': 52.8304, 'earthy': 49.654, 'citrus': 45.4453}"
Chanel No 5 Eau de Cologne,Chanel,https://fimgs.net/mdimg/perfume/375x500.11638.jpg,for women,3.98,767,"powdery , woody , musky , white floral , earthy , iris , animalic , citrus , aldehydic , fresh ",moderate,"['Aldehydes', 'Ylang-Ylang', 'African Orange flower', 'Bergamot', 'Amalfi Lemon']","['iris', 'Jasmine', 'Rose', 'Orris Root', 'Lily-of-the-Valley']","['Civetta', 'Musk', 'Amber', 'Vetiver', 'Sandalwood', 'oak moss', 'Patchouli', 'Vanille']","{'very weak': 11, 'weak': 10, 'moderate': 36, 'long lasting': 50, 'eternal': 57}",,"{'female': 5, 'more female': 1, 'unisex': 3, 'more male': 0, 'male': 0}","{'way overpriced': 0, 'overpriced': 0, 'ok': 1, 'good value': 6, 'great value': 1}",,,,,,,,summer,"{'powdery': 100.0, 'woody': 99.0793, 'musky': 85.9754, 'white floral': 84.932, 'earthy': 77.9812, 'iris': 72.043, 'animalic': 69.7874, 'citrus': 67.8908, 'aldehydic': 67.0485, 'fresh': 65.7825}"
Chanel N°5 (Vintage),Chanel,https://fimgs.net/mdimg/perfume/375x500.608.jpg,for women,3.83,137,"aldehydic , powdery , woody , fresh , white floral , iris , musky , citrus , earthy , yellow floral ",moderate,"['Aldehydes', 'Ylang-Ylang', 'Neroli', 'Lemon', 'Bergamot']","['Rose', 'iris', 'Jasmine', 'Orris Root', 'Lily-of-the-Valley']","['Civet', 'Sandalwood', 'Amber', 'Musk', 'Vanilla', 'Oakmoss', 'Patchouli', 'Vetiver']","{'very weak': 5, 'weak': 2, 'moderate': 7, 'long lasting': 14, 'eternal': 18}",,"{'female': 3, 'more female': 0, 'unisex': 0, 'more male': 0, 'male': 0}","{'way overpriced': 0, 'overpriced': 0, 'ok': 2, 'good value': 0, 'great value': 0}",,,,,,,,winter,"{'aldehydic': 100.0, 'powdery': 95.7014, 'woody': 95.2263, 'fresh': 91.7913, 'white floral': 78.8646, 'iris': 74.0244, 'musky': 71.2719, 'citrus': 70.7893, 'earthy': 69.3526, 'yellow floral': 68.7494}"
Tosca,Tosca,https://fimgs.net/mdimg/perfume/375x500.5796.jpg,for women,3.91,212,"citrus , yellow floral , amber , aldehydic , white floral , fresh , woody , sweet , floral , green ",moderate,"['Aldehydes', 'Bergamot', 'Orange', 'Neroli', 'Amalfi Lemon']","['Ylang-Ylang', 'Narcissus', 'Jasmine', 'Rose', 'Lily-of-the-Valley']","['French labdanum', 'Amber', 'Vanilla', 'Patchouli']","{'very weak': 6, 'weak': 7, 'moderate': 16, 'long lasting': 22, 'eternal': 4}",,"{'female': 5, 'more female': 0, 'unisex': 4, 'more male': 0, 'male': 1}","{'way overpriced': 0, 'overpriced': 0, 'ok': 0, 'good value': 1, 'great value': 6}",,,,,,,,spring,"{'citrus': 100.0, 'yellow floral': 95.5476, 'amber': 87.3738, 'aldehydic': 76.626, 'white floral': 74.9952, 'fresh': 73.777, 'woody': 70.6018, 'sweet': 64.4243, 'floral': 57.6455, 'green': 55.7789}"
Emeraude Parfum,Coty,https://fimgs.net/mdimg/perfume/375x500.55500.jpg,for women,4.65,31,"amber , woody , citrus , balsamic , sweet , warm spicy , vanilla , powdery , white floral , patchouli ",enormous,"['Orange', 'Bergamot', 'Lemon']","['Jasmine', 'Ylang-Ylang', 'Brazilian Rosewood', 'Rose']","['Opoponax', 'Benzoin', 'Amber', 'Sandalwood', 'Patchouli', 'Vanilla']","{'very weak': 1, 'weak': 0, 'moderate': 0, 'long lasting': 1, 'eternal': 3}",,"{'female': 0, 'more female': 0, 'unisex': 0, 'more male': 0, 'male': 1}","{'way overpriced': 0, 'overpriced': 0, 'ok': 0, 'good value': 0, 'great value': 0}",,,,,,,,winter,"{'amber': 100.0, 'woody': 89.0044, 'citrus': 81.8805, 'balsamic': 72.0465, 'sweet': 66.0841, 'warm spicy': 60.6637, 'vanilla': 56.0177, 'powdery': 50.1327, 'white floral': 48.5841, 'patchouli': 48.5841}"
Guerlinade,Guerlain,https://fimgs.net/mdimg/perfume/375x500.23568.jpg,for women,4.31,111,"floral , sweet , vanilla , powdery , iris , citrus , white floral , yellow floral , rose , fresh ",moderate,"['Lilac', 'Bergamot', 'Lime (Linden) Blossom']","['Orris', 'Jasmine', 'Rose']","['Tonka Bean', 'Vanilla']","{'very weak': 8, 'weak': 9, 'moderate': 11, 'long lasting': 9, 'eternal': 4}",,"{'female': 0, 'more female': 0, 'unisex': 1, 'more male': 0, 'male': 0}","{'way overpriced': 0, 'overpriced': 0, 'ok': 1, 'good value': 0, 'great value': 0}",,,,,,,,summer,"{'floral': 100.0, 'sweet': 64.1063, 'vanilla': 63.8023, 'powdery': 62.1, 'iris': 60.3978, 'citrus': 59.7898, 'white floral': 58.5739, 'yellow floral': 55.7165, 'rose': 54.3182, 'fresh': 53.8319}"
Kismet,Lubin,https://fimgs.net/mdimg/perfume/375x500.40459.jpg,for women and men,4.64,11,"leather , animalic , smoky ",moderate,[],[],[],"{'very weak': 0, 'weak': 0, 'moderate': 1, 'long lasting': 1, 'eternal': 2}",,"{'female': 0, 'more female': 0, 'unisex': 0, 'more male': 0, 'male': 0}","{'way overpriced': 0, 'overpriced': 0, 'ok': 0, 'good value': 0, 'great value': 0}",,,,,,,,summer,{}
Crown Spiced Limes,The Crown Perfumery Co.,https://fimgs.net/mdimg/perfume/375x500.7271.jpg,for men,4.46,13,"aromatic , citrus , mossy , earthy , soft spicy , woody , green , fresh spicy , conifer ",moderate,"['Lime', 'Lemon']","['Clary Sage', 'Basil', 'Coriander']","['Oakmoss', 'Vetiver']","{'very weak': 1, 'weak': 0, 'moderate': 2, 'long lasting': 0, 'eternal': 0}",,"{'female': 0, 'more female': 0, 'unisex': 0, 'more male': 0, 'male': 0}","{'way overpriced': 0, 'overpriced': 0, 'ok': 0, 'good value': 0, 'great value': 0}",,,,,,,,spring,"{'aromatic': 100.0, 'citrus': 98.6275, 'mossy': 64.3137, 'earthy': 62.2549, 'soft spicy': 58.1373, 'woody': 56.0784, 'green': 53.3333, 'fresh spicy': 52.9902, 'conifer': 48.5294}"
Cabiria,Parfums Bichara,https://fimgs.net/mdimg/perfume/375x500.40722.jpg,for women and men,NA,NA,"woody , mossy , amber , powdery , yellow floral , rose , musky , earthy , sweet , white floral ",intimate,[],[],[],"{'very weak': 0, 'weak': 0, 'moderate': 0, 'long lasting': 0, 'eternal': 0}",,"{'female': 0, 'more female': 0, 'unisex': 0, 'more male': 0, 'male': 0}","{'way overpriced': 0, 'overpriced': 0, 'ok': 0, 'good value': 0, 'great value': 0}",,,,,,,,winter,{}
Mismelis,L.T. Piver,https://fimgs.net/mdimg/perfume/375x500.40516.jpg,for women,NA,NA,"musky , leather , powdery , animalic , woody , aromatic , amber , floral , smoky , sweet ",moderate,[],[],[],"{'very weak': 0, 'weak': 0, 'moderate': 0, 'long lasting': 0, 'eternal': 0}",,"{'female': 0, 'more female': 0, 'unisex': 0, 'more male': 0, 'male': 0}","{'way overpriced': 0, 'overpriced': 0, 'ok': 0, 'good value': 0, 'great value': 0}",,,,,,,,winter,{}
Chanel N°22,Chanel,https://fimgs.net/mdimg/perfume/375x500.1007.jpg,for women,4.26,1208,"white floral , fresh , aldehydic , woody , yellow floral , iris , floral , powdery , fresh spicy , sweet ",moderate,"['Aldehydes', 'Neroli', 'Lily', 'Tuberose', 'Lily-of-the-Valley', 'Orange Blossom']","['Ylang-Ylang', 'Jasmine', 'White Rose', 'Nutmeg']","['iris', 'Vanilla', 'Vetiver']","{'very weak': 21, 'weak': 18, 'moderate': 72, 'long lasting': 91, 'eternal': 40}",,"{'female': 11, 'more female': 4, 'unisex': 6, 'more male': 0, 'male': 0}","{'way overpriced': 4, 'overpriced': 4, 'ok': 8, 'good value': 0, 'great value': 0}",,,,,,,,fall,"{'white floral': 100.0, 'fresh': 56.8187, 'aldehydic': 52.749, 'woody': 50.0371, 'yellow floral': 50.0358, 'iris': 49.3401, 'floral': 48.3279, 'powdery': 46.3347, 'fresh spicy': 45.806, 'sweet': 45.5625}"
Les Exclusifs de Chanel No 22,Chanel,https://fimgs.net/mdimg/perfume/375x500.7142.jpg,for women,4.25,967,"white floral , aldehydic , fresh , yellow floral , woody , rose , floral , soapy , sweet , vanilla ",moderate,"['Aldehydes', 'Neroli', 'Lily-of-the-Valley']","['Ylang-Ylang', 'Jasmine', 'Rose', 'Tuberose']","['Vanille', 'vetyver']","{'very weak': 14, 'weak': 11, 'moderate': 62, 'long lasting': 86, 'eternal': 32}",,"{'female': 6, 'more female': 1, 'unisex': 7, 'more male': 0, 'male': 1}","{'way overpriced': 0, 'overpriced': 3, 'ok': 5, 'good value': 2, 'great value': 0}",,,,,,,,spring,"{'white floral': 100.0, 'aldehydic': 84.5151, 'fresh': 83.612, 'yellow floral': 67.2352, 'woody': 55.3111, 'rose': 53.9799, 'floral': 53.3668, 'soapy': 52.4972, 'sweet': 52.4526, 'vanilla': 49.175}"
Nuit de Noel,Caron,https://fimgs.net/mdimg/perfume/375x500.4581.jpg,for women,4.3,687,"woody , yellow floral , mossy , rose , powdery , amber , earthy , musky , sweet , white floral ",moderate,"['Ylang-Ylang', 'tincture of rose', 'Jasmine']","['oak moss', 'Sandalwood']","['Amber', 'Musk']","{'very weak': 11, 'weak': 9, 'moderate': 47, 'long lasting': 51, 'eternal': 18}",,"{'female': 3, 'more female': 3, 'unisex': 1, 'more male': 0, 'male': 0}","{'way overpriced': 0, 'overpriced': 1, 'ok': 2, 'good value': 0, 'great value': 0}",,,,,,,,winter,"{'woody': 100.0, 'yellow floral': 75.5748, 'mossy': 70.234, 'rose': 69.8779, 'powdery': 68.5872, 'amber': 64.7151, 'earthy': 58.1638, 'musky': 57.06, 'sweet': 55.4934, 'white floral': 55.1017}"
Nuit de Noel Extrait de Parfum,Caron,https://fimgs.net/mdimg/perfume/375x500.34198.jpg,for women,4.64,132,"woody , mossy , amber , powdery , yellow floral , rose , musky , earthy , sweet , white floral ",moderate,"['Ylang-Ylang', 'Rose', 'Jasmine']","['Oakmoss', 'Sandalwood']","['Amber', 'Musk']","{'very weak': 1, 'weak': 4, 'moderate': 9, 'long lasting': 14, 'eternal': 9}",,"{'female': 1, 'more female': 1, 'unisex': 5, 'more male': 0, 'male': 0}","{'way overpriced': 2, 'overpriced': 0, 'ok': 1, 'good value': 1, 'great value': 0}",,,,,,,,winter,"{'woody': 100.0, 'mossy': 74.6309, 'amber': 72.8692, 'powdery': 72.5462, 'yellow floral': 71.6947, 'rose': 68.7584, 'musky': 62.2987, 'earthy': 61.2416, 'sweet': 54.0772, 'white floral': 52.9027}"
Bouquet de Faunes,Guerlain,https://fimgs.net/mdimg/perfume/375x500.30807.jpg,for women,4.11,18,"musky , leather , powdery , animalic , woody , aromatic , amber , floral , smoky , sweet ",enormous,"['Suede', 'Jasmine', 'Neroli']","['Amber', 'Carnation', 'Jasmine', 'iris', 'Marjoram', 'Rose', 'Ylang-Ylang', 'Lavender', 'Violet', 'Geranium', 'Neroli', 'Brazilian Rosewood']","['Civetta', 'Castoreum', 'Leather', 'Musk', 'Amber', 'Tobacco', 'Vetiver', 'Tonka Bean', 'Patchouli', 'Costus', 'Vanilla']","{'very weak': 0, 'weak': 0, 'moderate': 2, 'long lasting': 1, 'eternal': 7}",,"{'female': 0, 'more female': 1, 'unisex': 0, 'more male': 0, 'male': 0}","{'way overpriced': 0, 'overpriced': 1, 'ok': 0, 'good value': 0, 'great value': 0}",,,,,,,,winter,"{'musky': 100.0, 'leather': 95.8182, 'powdery': 80.3637, 'animalic': 80.2424, 'woody': 73.7697, 'aromatic': 69.0909, 'amber': 61.3939, 'floral': 58.2424, 'smoky': 57.6363, 'sweet': 56.9697}"
Candide Effluve,Guerlain,https://fimgs.net/mdimg/perfume/375x500.11310.jpg,for women,4.42,24,"amber , vanilla , powdery , floral , citrus , woody , sweet , yellow floral , aromatic , white floral ",enormous,[],"['Ylang-Ylang', 'Jasmine', 'Benzoin', 'Heliotrope', 'Vanille', 'Orris Root', 'Lilac', 'Angelica', 'Tonka Bean', 'Amalfi Lemon', 'Amber', 'Vetiver', 'Bergamot', 'Patchouli']",[],"{'very weak': 3, 'weak': 3, 'moderate': 1, 'long lasting': 1, 'eternal': 3}",,"{'female': 0, 'more female': 0, 'unisex': 0, 'more male': 0, 'male': 0}","{'way overpriced': 0, 'overpriced': 0, 'ok': 0, 'good value': 0, 'great value': 0}",,,,,,,,summer,"{'amber': 100.0, 'vanilla': 91.9231, 'powdery': 86.3528, 'floral': 71.5451, 'citrus': 64.6287, 'woody': 61.4722, 'sweet': 58.3156, 'yellow floral': 56.9231, 'aromatic': 56.5518, 'white floral': 55.0663}"
L'Orgie (Orgia),Myrurgia,https://fimgs.net/mdimg/perfume/375x500.17027.jpg,for women,4.24,21,"fresh , aldehydic , floral , musky , citrus , vanilla , mossy , woody , powdery , white floral ",enormous,"['Aldehydes', 'Citruses']","['Floral Notes', 'Lily-of-the-Valley', 'Rose']","['Musk', 'Oakmoss', 'Tonka Bean', 'Woody Notes', 'Vanilla']","{'very weak': 1, 'weak': 0, 'moderate': 1, 'long lasting': 5, 'eternal': 3}",,"{'female': 0, 'more female': 0, 'unisex': 0, 'more male': 0, 'male': 0}","{'way overpriced': 0, 'overpriced': 0, 'ok': 0, 'good value': 0, 'great value': 0}",,,,,,,,winter,"{'fresh': 100.0, 'aldehydic': 86.6176, 'floral': 81.2132, 'musky': 76.3235, 'citrus': 72.9779, 'vanilla': 63.4559, 'mossy': 60.8823, 'woody': 59.8529, 'powdery': 57.7941, 'white floral': 55.7353}"
Sparkling Diamond 22,Krigler,https://fimgs.net/mdimg/perfume/375x500.8165.jpg,for women,3.06,18,"Champagne , sweet , fruity , coconut , aldehydic , musky , citrus , lactonic , powdery , tropical ",strong,[],"['Champagne', 'Big Strawberry', 'Coconut', 'Musk']",[],"{'very weak': 0, 'weak': 0, 'moderate': 2, 'long lasting': 2, 'eternal': 0}",,"{'female': 0, 'more female': 0, 'unisex': 0, 'more male': 0, 'male': 0}","{'way overpriced': 0, 'overpriced': 0, 'ok': 0, 'good value': 0, 'great value': 0}",,,,,,,,fall and spring,"{'Champagne': 100.0, 'sweet': 99.1177, 'fruity': 91.7647, 'coconut': 85.8824, 'aldehydic': 80.0, 'musky': 65.2941, 'citrus': 60.0, 'lactonic': 49.5588, 'powdery': 47.6471, 'tropical': 46.7647}"
Padisha,Weil,https://fimgs.net/mdimg/perfume/375x500.45684.jpg,for women,3,2,"warm spicy , woody , amber , patchouli , citrus , lavender , vanilla , powdery , aromatic , floral ",enormous,"['Neroli', 'Bergamot', 'Spicy Notes']","['Lavender', 'Carnation', 'Orange Blossom']","['Patchouli', 'Amber', 'Vanilla', 'Sandalwood']","{'very weak': 0, 'weak': 0, 'moderate': 0, 'long lasting': 0, 'eternal': 1}",,"{'female': 0, 'more female': 0, 'unisex': 1, 'more male': 0, 'male': 0}","{'way overpriced': 0, 'overpriced': 0, 'ok': 1, 'good value': 0, 'great value': 0}",,,,,,,,winter,"{'warm spicy': 100.0, 'woody': 95.3333, 'amber': 76.6666, 'patchouli': 76.6666, 'citrus': 70.8334, 'lavender': 70.8334, 'vanilla': 70.8334, 'powdery': 68.5, 'aromatic': 68.2083, 'floral': 65.875}"
Safranor,L.T. Piver,https://fimgs.net/mdimg/perfume/375x500.40518.jpg,for women and men,4,1,"warm spicy , leather ",enormous,[],"['Saffron', 'Spicy Notes']",[],"{'very weak': 0, 'weak': 0, 'moderate': 0, 'long lasting': 0, 'eternal': 0}",,"{'female': 0, 'more female': 0, 'unisex': 0, 'more male': 0, 'male': 0}","{'way overpriced': 0, 'overpriced': 0, 'ok': 0, 'good value': 0, 'great value': 0}",,,,,,,,winter and summer,"{'warm spicy': 100.0, 'leather': 48.0645}"
Mimeomai (Vintage Edition),Volnay,https://fimgs.net/mdimg/perfume/375x500.44306.jpg,for women,NA,NA,"musky , leather , powdery , animalic , woody , aromatic , amber , floral , smoky , sweet ",moderate,[],[],[],"{'very weak': 0, 'weak': 0, 'moderate': 0, 'long lasting': 0, 'eternal': 0}",,"{'female': 0, 'more female': 0, 'unisex': 0, 'more male': 0, 'male': 0}","{'way overpriced': 0, 'overpriced': 0, 'ok': 0, 'good value': 0, 'great value': 0}",,,,,,,,fall and spring,{}
Civa,Mury Paris,https://fimgs.net/mdimg/perfume/375x500.43440.jpg,for women,NA,NA,"aromatic , marine , fresh spicy , amber , smoky , citrus , warm spicy , woody , balsamic , patchouli ",intimate,[],[],[],"{'very weak': 0, 'weak': 0, 'moderate': 0, 'long lasting': 0, 'eternal': 0}",,"{'female': 0, 'more female': 0, 'unisex': 0, 'more male': 0, 'male': 0}","{'way overpriced': 0, 'overpriced': 0, 'ok': 0, 'good value': 0, 'great value': 0}",,,,,,,,winter and summer,{}
Volt,L.T. Piver,https://fimgs.net/mdimg/perfume/375x500.40520.jpg,for women,NA,NA,"warm spicy , amber , tobacco , citrus , aromatic , sweet , woody , fresh spicy , white floral , animalic ",moderate,[],[],[],"{'very weak': 0, 'weak': 0, 'moderate': 0, 'long lasting': 0, 'eternal': 0}",,"{'female': 0, 'more female': 0, 'unisex': 0, 'more male': 0, 'male': 0}","{'way overpriced': 0, 'overpriced': 0, 'ok': 0, 'good value': 0, 'great value': 0}",,,,,,,,winter and summer,{}
Vivitz,L.T. Piver,https://fimgs.net/mdimg/perfume/375x500.40519.jpg,for women,NA,NA,"sweet , fruity , warm spicy , caramel , balsamic , vanilla , woody , tropical , patchouli , amber ",strong,[],[],[],"{'very weak': 0, 'weak': 0, 'moderate': 0, 'long lasting': 0, 'eternal': 1}",,"{'female': 0, 'more female': 0, 'unisex': 0, 'more male': 0, 'male': 0}","{'way overpriced': 0, 'overpriced': 0, 'ok': 0, 'good value': 0, 'great value': 0}",,,,,,,,winter and summer,{}
Aventurine,L.T. Piver,https://fimgs.net/mdimg/perfume/375x500.40517.jpg,for women and men,NA,NA,"floral , powdery , woody , fresh spicy , warm spicy , leather , musky , violet , amber , vanilla ",enormous,[],[],[],"{'very weak': 0, 'weak': 0, 'moderate': 0, 'long lasting': 0, 'eternal': 0}",,"{'female': 0, 'more female': 0, 'unisex': 0, 'more male': 0, 'male': 0}","{'way overpriced': 0, 'overpriced': 0, 'ok': 0, 'good value': 0, 'great value': 0}",,,,,,,,summer,{}
Bain de Champagne (Royal Bain de Caron),Caron,https://fimgs.net/mdimg/perfume/375x500.4580.jpg,for women and men,4.04,584,"amber , vanilla , balsamic , floral , woody , powdery , warm spicy , sweet , rose ",moderate,"['Lilac', 'Rose']","['Opoponax', 'Benzoin', 'Incense']","['Vanilla', 'Amber', 'Sandalwood', 'Musk', 'Cedar']","{'very weak': 10, 'weak': 20, 'moderate': 49, 'long lasting': 39, 'eternal': 29}",,"{'female': 6, 'more female': 5, 'unisex': 1, 'more male': 1, 'male': 0}","{'way overpriced': 0, 'overpriced': 0, 'ok': 4, 'good value': 3, 'great value': 2}",,,,,,,,fall,"{'amber': 100.0, 'vanilla': 61.8833, 'balsamic': 61.1664, 'floral': 55.2978, 'woody': 52.8857, 'powdery': 50.4612, 'warm spicy': 50.3162, 'sweet': 49.8934, 'rose': 49.3961}"
Felce Azzurra,Paglieri,https://fimgs.net/mdimg/perfume/375x500.22615.jpg,for women,4.48,66,"musky , powdery ",moderate,[],['Musk'],[],"{'very weak': 1, 'weak': 5, 'moderate': 7, 'long lasting': 7, 'eternal': 6}",,"{'female': 0, 'more female': 1, 'unisex': 3, 'more male': 0, 'male': 0}","{'way overpriced': 0, 'overpriced': 0, 'ok': 1, 'good value': 2, 'great value': 1}",,,,,,,,summer,"{'musky': 100.0, 'powdery': 65.0}"
Narcisse Blanc,Caron,https://fimgs.net/mdimg/perfume/375x500.7429.jpg,for women,3.94,70,"white floral , citrus , woody , powdery , iris , aromatic , musky , sweet , earthy , floral ",moderate,"['Orange Blossom', 'Neroli', 'Orange', 'Petitgrain']","['Jasmine', 'tincture of rose', 'Lime']","['iris', 'Musk', 'Sandalwood', 'vetyver', 'Amber']","{'very weak': 0, 'weak': 1, 'moderate': 5, 'long lasting': 7, 'eternal': 2}",,"{'female': 0, 'more female': 0, 'unisex': 0, 'more male': 0, 'male': 0}","{'way overpriced': 0, 'overpriced': 0, 'ok': 0, 'good value': 0, 'great value': 0}",,,,,,,,spring,"{'white floral': 100.0, 'citrus': 92.5386, 'woody': 65.4418, 'powdery': 64.7545, 'iris': 52.5806, 'aromatic': 52.5316, 'musky': 51.5989, 'sweet': 48.8499, 'earthy': 48.4572, 'floral': 46.1991}"
Narcisse Blanc Parfum,Caron,https://fimgs.net/mdimg/perfume/375x500.35285.jpg,for women,4.3,20,"citrus , white floral , powdery , iris , woody , musky , rose , sweet , floral , amber ",enormous,"['Neroli', 'Orange Blossom', 'Orange', 'Petitgrain']","['Jasmine', 'Rose', 'Lime']","['iris', 'Musk', 'Amber', 'Sandalwood']","{'very weak': 0, 'weak': 0, 'moderate': 2, 'long lasting': 2, 'eternal': 0}",,"{'female': 0, 'more female': 0, 'unisex': 0, 'more male': 0, 'male': 0}","{'way overpriced': 0, 'overpriced': 0, 'ok': 0, 'good value': 0, 'great value': 0}",,,,,,,,spring,"{'citrus': 100.0, 'white floral': 85.8358, 'powdery': 68.3187, 'iris': 60.1075, 'woody': 54.8524, 'musky': 51.8964, 'rose': 49.7068, 'sweet': 47.654, 'floral': 47.1065, 'amber': 46.4223}"
Paris,Coty,https://fimgs.net/mdimg/perfume/375x500.26758.jpg,for women,4.29,24,"floral , powdery , musky , vanilla , fresh , rose , green , animalic , aldehydic , yellow floral ",moderate,[],"['Lilac', 'Heliotrope', 'Civet', 'Aldehydes', 'Hyacinth', 'Musk', 'Ylang-Ylang', 'Bulgarian Rose', 'Carnation', 'Vanilla']",[],"{'very weak': 1, 'weak': 0, 'moderate': 1, 'long lasting': 2, 'eternal': 1}",,"{'female': 0, 'more female': 0, 'unisex': 0, 'more male': 0, 'male': 0}","{'way overpriced': 0, 'overpriced': 0, 'ok': 0, 'good value': 0, 'great value': 0}",,,,,,,,spring,"{'floral': 100.0, 'powdery': 72.3437, 'musky': 68.4375, 'vanilla': 61.5625, 'fresh': 55.3125, 'rose': 52.8125, 'green': 51.5625, 'animalic': 50.3125, 'aldehydic': 48.75, 'yellow floral': 47.1875}"
Le Jade,Roger & Gallet,https://fimgs.net/mdimg/perfume/375x500.45816.jpg,for women,4.5,2,"citrus , woody , aromatic , musky , amber , animalic , fresh spicy , powdery , warm spicy , earthy ",strong,[],"['Lime', 'Bergamot', 'Ambergris', 'Civet', 'Sandalwood', 'Vetiver', 'Tonka Bean', 'Musk', 'Patchouli', 'Vanilla']",[],"{'very weak': 0, 'weak': 0, 'moderate': 0, 'long lasting': 0, 'eternal': 0}",,"{'female': 0, 'more female': 0, 'unisex': 0, 'more male': 0, 'male': 0}","{'way overpriced': 0, 'overpriced': 0, 'ok': 0, 'good value': 0, 'great value': 0}",,,,,,,,summer,"{'citrus': 100.0, 'woody': 77.25, 'aromatic': 63.25, 'musky': 63.25, 'amber': 59.75, 'animalic': 57.125, 'fresh spicy': 52.75, 'powdery': 52.75, 'warm spicy': 49.25, 'earthy': 47.5}"
Le Chick Chick,Vigny,https://fimgs.net/mdimg/perfume/375x500.14112.jpg,for women,4,1,"aromatic , warm spicy , woody , musky , green , earthy , floral , rum , powdery ",enormous,[],[],[],"{'very weak': 0, 'weak': 0, 'moderate': 0, 'long lasting': 0, 'eternal': 1}",,"{'female': 0, 'more female': 0, 'unisex': 0, 'more male': 0, 'male': 0}","{'way overpriced': 0, 'overpriced': 0, 'ok': 0, 'good value': 0, 'great value': 0}",,,,,,,,fall and winter,{}
Violetera,Mury Paris,https://fimgs.net/mdimg/perfume/375x500.43443.jpg,for women,NA,NA,"woody , citrus , fresh spicy , aromatic , sweet , fruity , earthy , yellow floral ",intimate,[],[],[],"{'very weak': 0, 'weak': 0, 'moderate': 0, 'long lasting': 0, 'eternal': 0}",,"{'female': 0, 'more female': 0, 'unisex': 0, 'more male': 0, 'male': 0}","{'way overpriced': 0, 'overpriced': 0, 'ok': 0, 'good value': 0, 'great value': 0}",,,,,,,,summer,{}
Le Jardin de Ma Soeur,Mury Paris,https://fimgs.net/mdimg/perfume/375x500.43442.jpg,for women and men,NA,NA,"white floral , lactonic , animalic ",moderate,[],[],[],"{'very weak': 0, 'weak': 0, 'moderate': 0, 'long lasting': 0, 'eternal': 0}",,"{'female': 0, 'more female': 0, 'unisex': 0, 'more male': 0, 'male': 0}","{'way overpriced': 0, 'overpriced': 0, 'ok': 0, 'good value': 0, 'great value': 0}",,,,,,,,fall and winter,{}
Le Beau Soir,Mury Paris,https://fimgs.net/mdimg/perfume/375x500.43441.jpg,for women and men,NA,NA,"musky , powdery , white floral , floral , citrus , fruity , woody , animalic , amber , aromatic ",strong,[],[],[],"{'very weak': 0, 'weak': 0, 'moderate': 0, 'long lasting': 0, 'eternal': 0}",,"{'female': 0, 'more female': 0, 'unisex': 0, 'more male': 0, 'male': 0}","{'way overpriced': 0, 'overpriced': 0, 'ok': 0, 'good value': 0, 'great value': 0}",,,,,,,,summer,{}
Ptah,Parfums Ciro,https://fimgs.net/mdimg/perfume/375x500.40810.jpg,for women,NA,NA,"sweet , fruity , aromatic , warm spicy , woody , fresh spicy , powdery , vanilla , cinnamon , lavender ",enormous,[],[],[],"{'very weak': 1, 'weak': 1, 'moderate': 0, 'long lasting': 0, 'eternal': 1}",,"{'female': 0, 'more female': 0, 'unisex': 0, 'more male': 0, 'male': 0}","{'way overpriced': 0, 'overpriced': 0, 'ok': 0, 'good value': 0, 'great value': 0}",,,,,,,,summer,{}
Valée des Rois,L.T. Piver,https://fimgs.net/mdimg/perfume/375x500.40522.jpg,for women,NA,NA,"citrus , fruity , vanilla , aromatic , soft spicy , sweet , powdery , white floral , rose , woody ",intimate,[],[],[],"{'very weak': 0, 'weak': 0, 'moderate': 0, 'long lasting': 0, 'eternal': 0}",,"{'female': 0, 'more female': 0, 'unisex': 0, 'more male': 0, 'male': 0}","{'way overpriced': 0, 'overpriced': 0, 'ok': 0, 'good value': 0, 'great value': 0}",,,,,,,,fall,{}
Misti,L.T. Piver,https://fimgs.net/mdimg/perfume/375x500.40521.jpg,for women,NA,NA,"vanilla , sweet , woody , coconut , powdery , soft spicy , balsamic , amber , beeswax , warm spicy ",moderate,[],[],[],"{'very weak': 0, 'weak': 0, 'moderate': 0, 'long lasting': 0, 'eternal': 1}",,"{'female': 0, 'more female': 0, 'unisex': 0, 'more male': 0, 'male': 0}","{'way overpriced': 0, 'overpriced': 0, 'ok': 0, 'good value': 0, 'great value': 0}",,,,,,,,spring,{}
Flo,Lesquendieu,https://fimgs.net/mdimg/perfume/375x500.40121.jpg,for women and men,NA,NA,"patchouli , woody , sweet , earthy , citrus , musky , fruity , soft spicy , aromatic , powdery ",moderate,[],[],[],"{'very weak': 0, 'weak': 0, 'moderate': 0, 'long lasting': 0, 'eternal': 0}",,"{'female': 0, 'more female': 0, 'unisex': 0, 'more male': 0, 'male': 0}","{'way overpriced': 0, 'overpriced': 0, 'ok': 0, 'good value': 0, 'great value': 0}",,,,,,,,winter and summer,{}
Les Exclusifs de Chanel Cuir de Russie 1924,Chanel,https://fimgs.net/mdimg/perfume/375x500.98.jpg,for women,4.25,990,"floral , powdery , woody , fresh spicy , warm spicy , leather , musky , violet , amber , vanilla ",moderate,"['Clary Sage', 'Orange Blossom', 'Bergamot', 'Lemon', 'Mandarin Orange']","['iris', 'Ylang-Ylang', 'Vetiver', 'Carnation', 'Jasmine', 'Rose', 'Cedar']","['Leather', 'Birch', 'Tobacco', 'Musk', 'Amber', 'Heliotrope', 'Vanilla']","{'very weak': 25, 'weak': 21, 'moderate': 85, 'long lasting': 47, 'eternal': 26}",,"{'female': 0, 'more female': 0, 'unisex': 4, 'more male': 1, 'male': 0}","{'way overpriced': 0, 'overpriced': 0, 'ok': 2, 'good value': 0, 'great value': 0}",,,,,,,,fall,"{'leather': 100.0, 'woody': 72.65090000000001, 'aromatic': 64.079, 'smoky': 62.2614, 'powdery': 61.4079, 'citrus': 59.4368, 'animalic': 59.0316, 'floral': 56.3175, 'white floral': 55.2983, 'sweet': 53.8492}"
Cuir de Russie Parfum,Chanel,https://fimgs.net/mdimg/perfume/375x500.47794.jpg,for women and men,4.62,105,"warm spicy , white floral , coconut , fresh spicy , lactonic , woody , powdery , sweet , aromatic , fresh ",enormous,[],"['Aldehydes', 'Russian Leather', 'Tobacco', 'Ylang-Ylang', 'Jasmine', 'Rose', 'Vanilla']",[],"{'very weak': 2, 'weak': 8, 'moderate': 8, 'long lasting': 4, 'eternal': 12}",,"{'female': 2, 'more female': 0, 'unisex': 3, 'more male': 1, 'male': 0}","{'way overpriced': 4, 'overpriced': 0, 'ok': 1, 'good value': 1, 'great value': 0}",,,,,,,,spring,"{'aldehydic': 100.0, 'sweet': 99.825, 'leather': 98.25, 'tobacco': 93.0, 'yellow floral': 91.25, 'white floral': 80.75, 'rose': 79.0, 'fresh': 77.075, 'vanilla': 68.5, 'animalic': 66.6625}"
Jeanne Lanvin My Sin,Lanvin,https://fimgs.net/mdimg/perfume/375x500.9074.jpg,for women,4.32,374,"musky , powdery , fresh , white floral , woody , aldehydic , amber , animalic , floral , yellow floral ",moderate,"['Aldehydes', 'Neroli', 'Clary Sage', 'Bergamot', 'Amalfi Lemon']","['Jasmine', 'Orris Root', 'Narcissus', 'Ylang-Ylang', 'Rose', 'Clove', 'Lilac', 'Lily-of-the-Valley']","['Civetta', 'Musk', 'Styrax', 'Woodsy Notes', 'Tolu Balsam', 'vetyver', 'Vanille']","{'very weak': 6, 'weak': 12, 'moderate': 26, 'long lasting': 28, 'eternal': 27}",,"{'female': 3, 'more female': 0, 'unisex': 0, 'more male': 0, 'male': 0}","{'way overpriced': 0, 'overpriced': 0, 'ok': 0, 'good value': 3, 'great value': 0}",,,,,,,,fall,"{'musky': 100.0, 'powdery': 91.8027, 'fresh': 80.401, 'white floral': 79.4322, 'woody': 73.2967, 'aldehydic': 73.0855, 'amber': 71.5827, 'animalic': 70.2786, 'floral': 69.7445, 'yellow floral': 69.6948}"
Toujours Moi,Corday,https://fimgs.net/mdimg/perfume/375x500.3932.jpg,for women,4.53,140,"citrus , fruity , vanilla , aromatic , soft spicy , sweet , powdery , white floral , rose , woody ",moderate,[],[],[],"{'very weak': 3, 'weak': 4, 'moderate': 9, 'long lasting': 14, 'eternal': 6}",,"{'female': 2, 'more female': 1, 'unisex': 1, 'more male': 0, 'male': 0}","{'way overpriced': 0, 'overpriced': 0, 'ok': 1, 'good value': 0, 'great value': 1}",,,,,,,,winter,{}
Dans la Nuit,Worth,https://fimgs.net/mdimg/perfume/375x500.5129.jpg,for women,4.25,129,"powdery , woody , floral , warm spicy , musky , fresh , white floral , amber , aromatic , aldehydic ",moderate,"['Aldehydes', 'Violet', 'Green Notes', 'Bergamot', 'Lemon']","['Carnation', 'Rose', 'Orris Root', 'Ylang-Ylang', 'Jasmine', 'Lily-of-the-Valley', 'Cinnamon']","['Sandalwood', 'Civet', 'Amber', 'Musk', 'Tonka Bean', 'Vanilla', 'Vetiver']","{'very weak': 1, 'weak': 1, 'moderate': 13, 'long lasting': 5, 'eternal': 3}",,"{'female': 1, 'more female': 1, 'unisex': 1, 'more male': 0, 'male': 0}","{'way overpriced': 0, 'overpriced': 0, 'ok': 0, 'good value': 0, 'great value': 1}",,,,,,,,winter,"{'powdery': 100.0, 'woody': 80.7411, 'floral': 79.3493, 'warm spicy': 71.8582, 'musky': 66.7462, 'fresh': 65.4808, 'white floral': 63.4057, 'amber': 62.7983, 'aromatic': 60.1663, 'aldehydic': 59.7361}"
Acaciosa,Caron,https://fimgs.net/mdimg/perfume/375x500.7423.jpg,for women,4.2,128,"white floral , sweet , woody , rose , yellow floral , powdery , floral , amber , fresh ",strong,"['Jasmine', 'Orange Blossom', 'Ylang-Ylang', 'Rose', 'Lily-of-the-Valley']","['Jasmine', 'Orange Blossom', 'Sandalwood', 'Pineapple']","['Amber', 'Vanilla', 'Musk']","{'very weak': 1, 'weak': 1, 'moderate': 5, 'long lasting': 10, 'eternal': 6}",,"{'female': 0, 'more female': 0, 'unisex': 0, 'more male': 0, 'male': 0}","{'way overpriced': 0, 'overpriced': 0, 'ok': 0, 'good value': 0, 'great value': 0}",,,,,,,,spring,"{'white floral': 100.0, 'sweet': 62.2848, 'woody': 53.6727, 'rose': 50.0455, 'yellow floral': 49.9394, 'powdery': 49.5364, 'floral': 46.397, 'amber': 44.8485, 'fresh': 44.0424}"
Panama,Panama 1924,https://fimgs.net/mdimg/perfume/375x500.17039.jpg,for men,4.24,62,"lavender , aromatic , citrus , tobacco , fresh spicy , sweet , warm spicy , woody , herbal , cinnamon ",moderate,"['Lavender', 'Mandarin Orange', 'Lemon', 'Mint']","['Chinese Cinnamon Wood', 'Rose', 'Red Thyme', 'Cumin', 'Coriander']",['Sandalwood'],"{'very weak': 4, 'weak': 3, 'moderate': 9, 'long lasting': 10, 'eternal': 4}",,"{'female': 0, 'more female': 0, 'unisex': 0, 'more male': 2, 'male': 0}","{'way overpriced': 0, 'overpriced': 0, 'ok': 1, 'good value': 1, 'great value': 0}",,,,,,,,fall,"{'lavender': 100.0, 'aromatic': 81.625, 'citrus': 80.0208, 'tobacco': 70.8333, 'fresh spicy': 68.7917, 'sweet': 55.375, 'warm spicy': 52.1667, 'woody': 50.4167, 'herbal': 48.375, 'cinnamon': 47.5}"
Acaciosa Parfum,Caron,https://fimgs.net/mdimg/perfume/375x500.34539.jpg,for women,4.2,15,"white floral , amber , rose , sweet , floral , woody , powdery , yellow floral , fruity , animalic ",moderate,"['Jasmine', 'Rose', 'Orange Blossom', 'Ylang-Ylang', 'Lily-of-the-Valley']","['Jasmine', 'Pineapple', 'Sandalwood']","['Amber', 'Musk', 'Vanilla']","{'very weak': 1, 'weak': 0, 'moderate': 0, 'long lasting': 2, 'eternal': 2}",,"{'female': 1, 'more female': 0, 'unisex': 0, 'more male': 0, 'male': 0}","{'way overpriced': 0, 'overpriced': 0, 'ok': 0, 'good value': 1, 'great value': 0}",,,,,,,,fall,"{'white floral': 100.0, 'amber': 62.9412, 'rose': 58.8235, 'sweet': 57.5882, 'floral': 51.0, 'woody': 48.9412, 'powdery': 47.2941, 'yellow floral': 46.4706, 'fruity': 44.8235, 'animalic': 44.4118}"
Panama Millesime,Panama 1924,https://fimgs.net/mdimg/perfume/375x500.11903.jpg,for men,4.05,37,"aromatic , warm spicy , woody , musky , green , earthy , floral , rum , powdery ",strong,"['Saffron', 'Rum', 'Rhuburb', 'Tea', 'Amalfi Lemon']","['Cardamom', 'Coriander', 'Jasmine', 'Cinnamon']","['Vetiver', 'Virginia Cedar', 'Ambrette (Musk Mallow)', 'Musk']","{'very weak': 2, 'weak': 2, 'moderate': 8, 'long lasting': 10, 'eternal': 1}",,"{'female': 0, 'more female': 0, 'unisex': 0, 'more male': 0, 'male': 0}","{'way overpriced': 0, 'overpriced': 0, 'ok': 0, 'good value': 0, 'great value': 0}",,,,,,,,spring,"{'aromatic': 100.0, 'warm spicy': 90.6667, 'woody': 83.9123, 'musky': 72.4912, 'green': 63.8947, 'earthy': 50.6316, 'floral': 47.9298, 'rum': 46.7018, 'powdery': 45.8421}"
Blue Escapade 24,Krigler,https://fimgs.net/mdimg/perfume/375x500.42356.jpg,for women and men,4.83,6,"woody , citrus , fresh spicy , aromatic , sweet , fruity , earthy , yellow floral ",strong,[],"['Fig', 'Vetiver', 'Grapefruit', 'Pepper', 'Cedar', 'Orange', 'Ylang-Ylang']",[],"{'very weak': 1, 'weak': 0, 'moderate': 1, 'long lasting': 3, 'eternal': 1}",,"{'female': 0, 'more female': 0, 'unisex': 0, 'more male': 0, 'male': 0}","{'way overpriced': 0, 'overpriced': 0, 'ok': 0, 'good value': 0, 'great value': 0}",,,,,,,,spring,"{'woody': 100.0, 'citrus': 86.0, 'fresh spicy': 75.85, 'aromatic': 66.75, 'sweet': 63.6, 'fruity': 58.0, 'earthy': 51.0, 'yellow floral': 47.5}"
Isabey Gardenia,Isabey,https://fimgs.net/mdimg/perfume/375x500.50656.jpg,for women,NA,NA,"white floral , lactonic , animalic ",intimate,[],['Gardenia'],[],"{'very weak': 0, 'weak': 0, 'moderate': 0, 'long lasting': 0, 'eternal': 1}",,"{'female': 0, 'more female': 0, 'unisex': 0, 'more male': 0, 'male': 0}","{'way overpriced': 0, 'overpriced': 0, 'ok': 0, 'good value': 0, 'great value': 0}",,,,,,,,spring,"{'white floral': 100.0, 'lactonic': 58.0, 'animalic': 44.0}"
Narciso Rodriguez For Her,Narciso Rodriguez,https://fimgs.net/mdimg/perfume/375x500.209.jpg,for women,4.07,12986,"musky , powdery , white floral , floral , citrus , fruity , woody , animalic , amber , aromatic ",moderate,"['African Orange flower', 'Osmanthus', 'Bergamot']","['Musk', 'Amber']","['Vetiver', 'Vanille', 'Patchouli']","{'very weak': 197, 'weak': 263, 'moderate': 819, 'long lasting': 1164, 'eternal': 554}",,"{'female': 197, 'more female': 80, 'unisex': 43, 'more male': 2, 'male': 1}","{'way overpriced': 7, 'overpriced': 39, 'ok': 146, 'good value': 78, 'great value': 15}",,,,,,,,fall and spring,"{'musky': 100.0, 'powdery': 74.1453, 'white floral': 69.8903, 'floral': 66.2722, 'citrus': 66.0211, 'fruity': 60.0985, 'woody': 53.4901, 'animalic': 53.0348, 'amber': 52.7837, 'aromatic': 51.9837}"
Individuel,Montblanc,https://fimgs.net/mdimg/perfume/375x500.4193.jpg,for men,4.08,4974,"sweet , fruity , aromatic , warm spicy , woody , fresh spicy , powdery , vanilla , cinnamon , lavender ",moderate,"['Cinnamon', 'Lavender', 'Pineapple', 'Juniper Berries', 'Mint', 'Bergamot', 'Rosemary', 'Coriander', 'Cardamom']","['Orange Blossom', 'Violet', 'Geranium', 'Jasmine']","['Raspberry', 'Vanilla', 'Sandalwood', 'Dark Chocolate', 'Musk', 'Amber', 'Patchouli', 'Vetiver', 'Oakmoss']","{'very weak': 131, 'weak': 205, 'moderate': 903, 'long lasting': 1084, 'eternal': 190}",,"{'female': 0, 'more female': 3, 'unisex': 70, 'more male': 116, 'male': 112}","{'way overpriced': 0, 'overpriced': 11, 'ok': 44, 'good value': 92, 'great value': 139}",,,,,,,,winter,"{'sweet': 100.0, 'fruity': 98.9056, 'aromatic': 91.8993, 'warm spicy': 78.109, 'woody': 71.4067, 'fresh spicy': 70.2725, 'powdery': 61.1656, 'vanilla': 60.0629, 'cinnamon': 54.6541, 'lavender': 54.5283}"
Amor Amor,Cacharel,https://fimgs.net/mdimg/perfume/375x500.238.jpg,for women,3.71,9867,"citrus , fruity , vanilla , aromatic , soft spicy , sweet , powdery , white floral , rose , woody ",moderate,"['Black Currant', 'Orange', 'Mandarin Orange', 'Grapefruit', 'Cassia', 'Bergamot']","['Rose', 'Apricot', 'Jasmine', 'Lily', 'Lily-of-the-Valley']","['Vanilla', 'Tonka Bean', 'Musk', 'Amber', 'Virginia Cedar']","{'very weak': 115, 'weak': 229, 'moderate': 997, 'long lasting': 538, 'eternal': 160}",,"{'female': 165, 'more female': 14, 'unisex': 4, 'more male': 0, 'male': 0}","{'way overpriced': 2, 'overpriced': 12, 'ok': 64, 'good value': 77, 'great value': 16}",,,,,,,,spring and summer,"{'citrus': 100.0, 'fruity': 91.8779, 'vanilla': 78.1843, 'aromatic': 58.0802, 'soft spicy': 57.9326, 'sweet': 57.4034, 'powdery': 55.6844, 'white floral': 53.1974, 'rose': 52.749, 'woody': 51.6548}"
Un Bois Vanille,Serge Lutens,https://fimgs.net/mdimg/perfume/375x500.478.jpg,for women and men,4.13,4566,"vanilla , sweet , woody , coconut , powdery , soft spicy , balsamic , amber , beeswax , warm spicy ",moderate,[],"['Vanila', 'Coconut Milk', 'Black Licorice', 'Beeswax', 'Sandalwood', 'Tonka Bean', 'Bitter Almond', 'Guaiac Wood', 'Benzoin', 'Musk']",[],"{'very weak': 53, 'weak': 105, 'moderate': 387, 'long lasting': 377, 'eternal': 138}",,"{'female': 33, 'more female': 43, 'unisex': 62, 'more male': 5, 'male': 1}","{'way overpriced': 6, 'overpriced': 29, 'ok': 57, 'good value': 8, 'great value': 5}",,,,,,,,winter,"{'vanilla': 100.0, 'sweet': 70.9518, 'woody': 63.8285, 'coconut': 58.2144, 'powdery': 57.9774, 'soft spicy': 56.6221, 'balsamic': 49.6139, 'amber': 48.3039, 'beeswax': 48.1599, 'warm spicy': 46.3174}"
Chance Eau de Toilette,Chanel,https://fimgs.net/mdimg/perfume/375x500.610.jpg,for women,3.92,10597,"patchouli , woody , sweet , earthy , citrus , musky , fruity , soft spicy , aromatic , powdery ",strong,"['Patchouli', 'Pink Pepper', 'Pineapple', 'Hiacynth', 'iris']","['Lemon', 'Jasmine', 'Rose']","['Patchouli', 'Musk', 'Vetiver', 'Vanilla']","{'very weak': 89, 'weak': 129, 'moderate': 539, 'long lasting': 955, 'eternal': 512}",,"{'female': 57, 'more female': 18, 'unisex': 14, 'more male': 1, 'male': 0}","{'way overpriced': 5, 'overpriced': 30, 'ok': 36, 'good value': 9, 'great value': 1}",,,,,,,,summer,"{'patchouli': 100.0, 'woody': 96.822, 'sweet': 92.9662, 'earthy': 91.4148, 'citrus': 91.3037, 'musky': 78.6348, 'fruity': 76.3944, 'soft spicy': 72.9112, 'aromatic': 67.8505, 'powdery': 67.5116}"
Lacoste Pour Femme,Lacoste Fragrances,https://fimgs.net/mdimg/perfume/375x500.669.jpg,for women,4.03,8061,"floral , powdery , woody , fresh spicy , warm spicy , leather , musky , violet , amber , vanilla ",moderate,"['Pepper', 'Freesia', 'Apple']","['Heliotrope', 'Violet', 'Jasmine', 'Hibiscus', 'Rose']","['Suede', 'Sandalwood', 'Incense', 'Cedar', 'Labdanum']","{'very weak': 175, 'weak': 286, 'moderate': 936, 'long lasting': 437, 'eternal': 186}",,"{'female': 79, 'more female': 24, 'unisex': 11, 'more male': 0, 'male': 0}","{'way overpriced': 2, 'overpriced': 5, 'ok': 36, 'good value': 51, 'great value': 19}",,,,,,,,spring and summer,"{'floral': 100.0, 'powdery': 95.5074, 'woody': 78.8736, 'fresh spicy': 78.5504, 'warm spicy': 63.9107, 'leather': 60.9409, 'musky': 57.3909, 'violet': 53.5193, 'amber': 51.3881, 'vanilla': 46.927}"
Crystal Noir,Versace,https://fimgs.net/mdimg/perfume/375x500.631.jpg,for women,3.88,14625,"warm spicy , white floral , coconut , fresh spicy , lactonic , woody , powdery , sweet , aromatic , fresh ",strong,"['Pepper', 'Ginger', 'Cardamom']","['Coconut', 'Gardenia', 'Orange Blossom', 'Peony']","['Sandalwood', 'Musk', 'Amber']","{'very weak': 151, 'weak': 242, 'moderate': 909, 'long lasting': 1705, 'eternal': 1100}",,"{'female': 318, 'more female': 84, 'unisex': 61, 'more male': 3, 'male': 2}","{'way overpriced': 11, 'overpriced': 43, 'ok': 206, 'good value': 104, 'great value': 43}",,,,,,,,summer,"{'warm spicy': 100.0, 'white floral': 76.3578, 'coconut': 70.2893, 'fresh spicy': 62.4662, 'lactonic': 58.3136, 'woody': 53.9702, 'powdery': 53.3445, 'sweet': 51.9547, 'aromatic': 48.1784, 'fresh': 46.5654}"
Pure Poison,Christian Dior,https://fimgs.net/mdimg/perfume/375x500.214.jpg,for women,4.03,11835,"white floral , citrus , woody ",strong,"['Jasmine', 'Orange', 'Bergamot', 'Sicilian Mandarin']","['Gardenia', 'Orange Blossom']","['Sandalwood', 'White Amber', 'Cedar', 'White Musk']","{'very weak': 124, 'weak': 182, 'moderate': 666, 'long lasting': 1148, 'eternal': 625}",,"{'female': 195, 'more female': 31, 'unisex': 17, 'more male': 1, 'male': 2}","{'way overpriced': 16, 'overpriced': 68, 'ok': 120, 'good value': 25, 'great value': 2}",,,,,,,,spring and summer,"{'white floral': 100.0, 'citrus': 65.1809, 'woody': 50.5705}"
Pink Sugar,Aquolina,https://fimgs.net/mdimg/perfume/375x500.975.jpg,for women,3.75,8478,"sweet , caramel , vanilla , fruity , soft spicy , powdery ",strong,"['Raspberry', 'Orange', 'Bergamot', 'Fig Leaf']","['Cotton Candy', 'Licorice', 'Red Berries', 'Strawberry', 'Lily-of-the-Valley']","['Caramel', 'Vanilla', 'Musk', 'Tonka Bean', 'Sandalwood']","{'very weak': 97, 'weak': 147, 'moderate': 607, 'long lasting': 980, 'eternal': 574}",,"{'female': 273, 'more female': 25, 'unisex': 2, 'more male': 0, 'male': 0}","{'way overpriced': 6, 'overpriced': 5, 'ok': 20, 'good value': 83, 'great value': 191}",,,,,,,,fall and winter,"{'sweet': 100.0, 'caramel': 74.4851, 'vanilla': 54.1588, 'fruity': 48.5719, 'soft spicy': 47.6042, 'powdery': 47.1007}"
Allure Homme Sport,Chanel,https://fimgs.net/mdimg/perfume/375x500.607.jpg,for men,4.26,8472,"citrus , aromatic , vanilla , aldehydic , marine , sweet , fresh spicy , fresh , amber , powdery ",moderate,"['Orange', 'Sea Notes', 'Aldehydes', 'Blood Mandarin']","['Pepper', 'Neroli', 'Cedar']","['Tonka Bean', 'Vanilla', 'White Musk', 'Amber', 'Vetiver', 'Elemi resin']","{'very weak': 151, 'weak': 225, 'moderate': 989, 'long lasting': 1351, 'eternal': 286}",,"{'female': 1, 'more female': 1, 'unisex': 18, 'more male': 71, 'male': 171}","{'way overpriced': 41, 'overpriced': 89, 'ok': 91, 'good value': 21, 'great value': 1}",,,,,,,,winter,"{'citrus': 100.0, 'aromatic': 69.4052, 'vanilla': 67.61, 'aldehydic': 67.3933, 'marine': 64.3271, 'sweet': 58.1814, 'fresh spicy': 53.625, 'fresh': 51.9929, 'amber': 49.1301, 'powdery': 45.3094}"
Armani Code,Giorgio Armani,https://fimgs.net/mdimg/perfume/375x500.412.jpg,for men,4.18,7042,"citrus , leather , anis , soft spicy , floral , tobacco , sweet , aromatic , vanilla , animalic ",moderate,"['Lemon', 'Bergamot']","['Star Anise', 'Olive Blossom', 'Guaiac Wood']","['Leather', 'Tonka Bean', 'Tobacco']","{'very weak': 118, 'weak': 214, 'moderate': 1160, 'long lasting': 676, 'eternal': 201}",,"{'female': 3, 'more female': 1, 'unisex': 11, 'more male': 47, 'male': 145}","{'way overpriced': 6, 'overpriced': 42, 'ok': 93, 'good value': 25, 'great value': 2}",,,,,,,,winter,"{'citrus': 100.0, 'leather': 92.116, 'anis': 87.2184, 'soft spicy': 81.4966, 'floral': 80.6783, 'tobacco': 74.1979, 'sweet': 71.355, 'aromatic': 65.4419, 'vanilla': 63.6979, 'animalic': 61.058}"
DKNY Be Delicious,Donna Karan,https://fimgs.net/mdimg/perfume/375x500.498.jpg,for women,3.54,11247,"green , fruity , aquatic , ozonic , fresh , citrus , white floral , fresh spicy , floral , woody ",moderate,"['Cucumber', 'Grapefruit', 'Magnolia']","['Green Apple', 'Lily-of-the-Valley', 'Tuberose', 'Violet', 'Rose']","['Woodsy Notes', 'Sandalwood', 'Amber']","{'very weak': 130, 'weak': 320, 'moderate': 1159, 'long lasting': 504, 'eternal': 191}",,"{'female': 106, 'more female': 31, 'unisex': 22, 'more male': 0, 'male': 0}","{'way overpriced': 3, 'overpriced': 21, 'ok': 67, 'good value': 40, 'great value': 8}",,,,,,,,spring and summer,"{'green': 100.0, 'fruity': 98.9037, 'aquatic': 94.9467, 'ozonic': 93.2944, 'fresh': 84.2072, 'citrus': 64.5063, 'white floral': 53.6849, 'fresh spicy': 51.1318, 'floral': 51.0373, 'woody': 45.5215}"
Cheap & Chic I Love Love,Moschino,https://fimgs.net/mdimg/perfume/375x500.728.jpg,for women,3.89,9000,"citrus , sweet , aromatic ",moderate,"['Grapefruit', 'Orange', 'Lemon', 'Red Currant']","['Sugar Cane', 'Bulrush', 'Lily-of-the-Valley', 'Tea Rose', 'Cinnamon']","['Musk', 'Cedar', 'Woody Notes']","{'very weak': 184, 'weak': 451, 'moderate': 1083, 'long lasting': 353, 'eternal': 128}",,"{'female': 92, 'more female': 43, 'unisex': 34, 'more male': 0, 'male': 0}","{'way overpriced': 1, 'overpriced': 11, 'ok': 56, 'good value': 57, 'great value': 25}",,,,,,,,summer,"{'citrus': 100.0, 'sweet': 46.6308, 'aromatic': 45.3303}"
Cinéma,Yves Saint Laurent,https://fimgs.net/mdimg/perfume/375x500.92.jpg,for women,4.08,9093,"floral , vanilla , amber , sweet , citrus , powdery , fresh , white floral ",moderate,"['Almond Blossom', 'Clementine', 'Cyclamen']","['Jasmine', 'Peony', 'Amaryllis']","['Vanilla', 'Amber', 'Benzoin', 'White Musk']","{'very weak': 106, 'weak': 151, 'moderate': 565, 'long lasting': 786, 'eternal': 330}",,"{'female': 101, 'more female': 12, 'unisex': 5, 'more male': 0, 'male': 1}","{'way overpriced': 5, 'overpriced': 26, 'ok': 51, 'good value': 11, 'great value': 4}",,,,,,,,winter,"{'floral': 100.0, 'vanilla': 75.5143, 'amber': 73.1229, 'sweet': 64.7164, 'citrus': 61.7035, 'powdery': 51.2958, 'fresh': 48.3397, 'white floral': 44.9559}"
Eau des Merveilles,Hermès,https://fimgs.net/mdimg/perfume/375x500.9.jpg,for women,4.09,5697,"woody , fresh spicy , aromatic , citrus , amber , conifer , fresh , earthy , balsamic , soft spicy ",moderate,"['Orange', 'Elemi resin', 'Lemon']","['Amber', 'Pepper', 'Pink Pepper', 'Violet']","['Fir', 'Cedar', 'Madagascar Vetiver', 'Oakmoss']","{'very weak': 107, 'weak': 127, 'moderate': 417, 'long lasting': 530, 'eternal': 182}",,"{'female': 23, 'more female': 40, 'unisex': 73, 'more male': 3, 'male': 4}","{'way overpriced': 4, 'overpriced': 22, 'ok': 58, 'good value': 11, 'great value': 2}",,,,,,,,fall,"{'woody': 100.0, 'fresh spicy': 88.5806, 'aromatic': 87.8012, 'citrus': 83.5325, 'amber': 62.7797, 'conifer': 57.7621, 'fresh': 52.4593, 'earthy': 50.8165, 'balsamic': 47.1208, 'soft spicy': 46.2931}"
Hermessence Ambre Narguile,Hermès,https://fimgs.net/mdimg/perfume/375x500.2669.jpg,for women and men,4.42,2470,"warm spicy , sweet , amber , vanilla , cinnamon , honey , rum , caramel , balsamic , woody ",moderate,[],"['Cinnamon', 'Honey', 'Rum', 'Caramel', 'Tonka Bean', 'Vanilla', 'Benzoin', 'Coumarin', 'Labdanum', 'Sesame', 'White Orchid', 'Tobacco', 'Musk']",[],"{'very weak': 52, 'weak': 56, 'moderate': 164, 'long lasting': 287, 'eternal': 130}",,"{'female': 9, 'more female': 17, 'unisex': 50, 'more male': 8, 'male': 0}","{'way overpriced': 23, 'overpriced': 32, 'ok': 14, 'good value': 6, 'great value': 3}",,,,,,,,fall and winter,"{'warm spicy': 100.0, 'sweet': 94.3377, 'amber': 83.515, 'vanilla': 82.5597, 'cinnamon': 79.0895, 'honey': 75.2912, 'rum': 57.2093, 'caramel': 56.9906, 'balsamic': 52.542, 'woody': 50.7839}"
212 Sexy,Carolina Herrera,https://fimgs.net/mdimg/perfume/375x500.306.jpg,for women,3.82,5065,"sweet , musky , powdery , soft spicy , vanilla , caramel , floral , citrus , white floral , woody ",moderate,"['Pink Pepper', 'Mandarin Orange', 'Bergamot']","['Cotton Candy', 'Gardenia', 'Flowers', 'Pelargonium', 'Rose']","['Vanilla', 'Musk', 'Sandalwood', 'Caramel', 'Patchouli', 'Violet']","{'very weak': 63, 'weak': 85, 'moderate': 380, 'long lasting': 527, 'eternal': 141}",,"{'female': 64, 'more female': 6, 'unisex': 6, 'more male': 0, 'male': 1}","{'way overpriced': 3, 'overpriced': 21, 'ok': 25, 'good value': 16, 'great value': 2}",,,,,,,,fall,"{'sweet': 100.0, 'musky': 81.8792, 'powdery': 81.0033, 'soft spicy': 71.6437, 'vanilla': 70.5385, 'caramel': 61.266, 'floral': 58.8905, 'citrus': 57.6295, 'white floral': 55.8639, 'woody': 52.0027}"
Timbuktu,L'Artisan Parfumeur,https://fimgs.net/mdimg/perfume/375x500.1267.jpg,for women and men,4.11,3136,"woody , amber , warm spicy , aromatic , balsamic , earthy , smoky , sweet , tropical , patchouli ",moderate,"['Mango', 'Pink Pepper', 'Cardamom']","['Incense', 'Papyrus', 'Karo Karounde']","['Vetiver', 'Myrhh', 'Patchouli', 'Benzoin']","{'very weak': 59, 'weak': 79, 'moderate': 314, 'long lasting': 335, 'eternal': 113}",,"{'female': 1, 'more female': 1, 'unisex': 36, 'more male': 22, 'male': 6}","{'way overpriced': 1, 'overpriced': 9, 'ok': 25, 'good value': 14, 'great value': 3}",,,,,,,,winter,"{'woody': 100.0, 'amber': 94.7621, 'warm spicy': 84.9368, 'aromatic': 69.0289, 'balsamic': 63.4675, 'earthy': 59.5748, 'smoky': 59.5339, 'sweet': 54.4986, 'tropical': 51.3535, 'patchouli': 47.2327}"
Today,Avon,https://fimgs.net/mdimg/perfume/375x500.808.jpg,for women,3.8,3853,"white floral , floral , tuberose , green , animalic , musky , citrus ",strong,"['Freesia', 'Cactus', 'Stephanotis']","['Tuberose', 'Orange Blossom', 'Hibiscus', 'Strelitzia', 'Buddleia']","['Musk', 'Water Notes', 'Woody Notes', 'Cedar', 'Rose']","{'very weak': 40, 'weak': 82, 'moderate': 326, 'long lasting': 473, 'eternal': 362}",,"{'female': 94, 'more female': 6, 'unisex': 3, 'more male': 0, 'male': 1}","{'way overpriced': 3, 'overpriced': 2, 'ok': 14, 'good value': 31, 'great value': 49}",,,,,,,,spring,"{'white floral': 100.0, 'floral': 88.6987, 'tuberose': 64.3631, 'green': 52.8915, 'animalic': 49.0219, 'musky': 47.1075, 'citrus': 44.7839}"
Gucci Eau de Parfum II,Gucci,https://fimgs.net/mdimg/perfume/375x500.685.jpg,for women,4.11,5069,"fruity , woody , floral , fresh , powdery , sweet , aromatic , soft spicy , violet , green ",moderate,"['Black Currant', 'Red Berries', 'Cassia', 'Bitter Orange', 'Mandarin Orange']","['Blackberry', 'Peony', 'Violet', 'Freesia', 'Jasmine', 'Lily-of-the-Valley']","['Cedar', 'Musk', 'Heliotrope']","{'very weak': 101, 'weak': 151, 'moderate': 449, 'long lasting': 241, 'eternal': 104}",,"{'female': 38, 'more female': 4, 'unisex': 4, 'more male': 0, 'male': 0}","{'way overpriced': 4, 'overpriced': 11, 'ok': 17, 'good value': 4, 'great value': 2}",,,,,,,,spring,"{'fruity': 100.0, 'woody': 63.0562, 'floral': 55.6657, 'fresh': 54.9348, 'powdery': 48.5365, 'sweet': 48.4406, 'aromatic': 47.4631, 'soft spicy': 46.5765, 'violet': 44.5247, 'green': 44.2462}"
Curious,Britney Spears,https://fimgs.net/mdimg/perfume/375x500.141.jpg,for women,3.73,4195,"floral , white floral , aquatic , fruity , sweet , tuberose , woody , citrus , fresh , powdery ",moderate,"['Magnolia', 'Pear', 'Lotus']","['Jasmine', 'Tuberose', 'Cyclamen']","['Musk', 'Vanilla', 'White Woods', 'Sandalwood']","{'very weak': 62, 'weak': 160, 'moderate': 442, 'long lasting': 134, 'eternal': 71}",,"{'female': 52, 'more female': 7, 'unisex': 6, 'more male': 0, 'male': 0}","{'way overpriced': 1, 'overpriced': 2, 'ok': 4, 'good value': 25, 'great value': 26}",,,,,,,,spring,"{'floral': 100.0, 'white floral': 65.2303, 'aquatic': 58.6801, 'fruity': 54.7276, 'sweet': 47.3307, 'tuberose': 46.9005, 'woody': 45.5119, 'citrus': 45.4035, 'fresh': 45.2613, 'powdery': 45.1969}"
Prada (Amber),Prada,https://fimgs.net/mdimg/perfume/375x500.1045.jpg,for women,3.99,3627,"amber , woody , warm spicy , patchouli , powdery , vanilla , earthy , sweet , balsamic , floral ",moderate,"['Tarragon', 'Bergamot', 'Green Notes', 'Fruity Notes']","['Honey', 'Carnation', 'Ylang-Ylang', 'Jasmine', 'Rose']","['Patchouli', 'Amber', 'Benzoin', 'Sandalwood', 'Vanilla', 'Oakmoss', 'Musk']","{'very weak': 38, 'weak': 45, 'moderate': 170, 'long lasting': 313, 'eternal': 206}",,"{'female': 20, 'more female': 14, 'unisex': 26, 'more male': 2, 'male': 0}","{'way overpriced': 2, 'overpriced': 8, 'ok': 29, 'good value': 14, 'great value': 1}",,,,,,,,winter,"{'amber': 100.0, 'woody': 87.4923, 'warm spicy': 82.1954, 'patchouli': 72.6437, 'powdery': 60.023, 'vanilla': 58.4464, 'earthy': 58.3486, 'sweet': 55.7586, 'balsamic': 55.4559, 'floral': 51.6054}"
L'Eau Bleue d'Issey Pour Homme,Issey Miyake,https://fimgs.net/mdimg/perfume/375x500.724.jpg,for men,4.17,2157,"woody , aromatic , fresh spicy , citrus , warm spicy ",strong,"['Rosemary', 'Lime', 'Orangewood', 'Mandarin Orange', 'Lemongrass']","['Cypress', 'Juniper Berries', 'Ginger', 'Lavender', 'Pink Pepper', 'May Rose', 'Star Anise', 'Nasturtium']","['Atlas Cedar', 'Patchouli', 'Oakmoss', 'Sandalwood', 'Amber', 'Ambrette (Musk Mallow)']","{'very weak': 57, 'weak': 52, 'moderate': 252, 'long lasting': 524, 'eternal': 150}",,"{'female': 0, 'more female': 0, 'unisex': 4, 'more male': 26, 'male': 63}","{'way overpriced': 0, 'overpriced': 2, 'ok': 20, 'good value': 38, 'great value': 25}",,,,,,,,summer,"{'woody': 100.0, 'aromatic': 97.3065, 'fresh spicy': 78.4278, 'citrus': 54.0224, 'warm spicy': 46.2051}"
Original Vetiver,Creed,https://fimgs.net/mdimg/perfume/375x500.468.jpg,for women and men,4.24,1826,"citrus , woody , aromatic , earthy , warm spicy , powdery , fresh spicy , green , musky , amber ",moderate,"['Bergamot', 'Ginger', 'Mandarin Orange']","['Haitian Vetiver', 'Sandalwood', 'iris']","['Musk', 'Ambergris']","{'very weak': 52, 'weak': 72, 'moderate': 243, 'long lasting': 226, 'eternal': 45}",,"{'female': 0, 'more female': 0, 'unisex': 23, 'more male': 27, 'male': 39}","{'way overpriced': 33, 'overpriced': 29, 'ok': 15, 'good value': 3, 'great value': 4}",,,,,,,,summer,"{'citrus': 100.0, 'woody': 97.8287, 'aromatic': 84.2349, 'earthy': 61.5127, 'warm spicy': 59.7406, 'powdery': 57.1262, 'fresh spicy': 48.6602, 'green': 47.0372, 'musky': 46.4933, 'amber': 44.7387}"
John Varvatos,John Varvatos,https://fimgs.net/mdimg/perfume/375x500.2355.jpg,for men,4.23,1826,"fruity , sweet , woody , leather , warm spicy , animalic , aromatic , amber , fresh spicy , cinnamon ",moderate,[],"['Leather', 'Amber', 'Tamarind', 'Dates', 'Vanilla', 'Balsam Fir', 'Herbal Notes', 'Caramel', 'Hay', 'Olibanum', 'Agarwood (Oud)', 'Styrax']",[],"{'very weak': 61, 'weak': 122, 'moderate': 320, 'long lasting': 116, 'eternal': 39}",,"{'female': 1, 'more female': 1, 'unisex': 4, 'more male': 13, 'male': 66}","{'way overpriced': 2, 'overpriced': 3, 'ok': 28, 'good value': 23, 'great value': 16}",,,,,,,,fall,"{'fruity': 100.0, 'sweet': 83.3509, 'woody': 79.3836, 'leather': 79.294, 'warm spicy': 66.9547, 'animalic': 58.1033, 'aromatic': 54.4678, 'amber': 54.0253, 'fresh spicy': 51.96, 'cinnamon': 51.391}"
L'Instant de Guerlain pour Homme,Guerlain,https://fimgs.net/mdimg/perfume/375x500.52.jpg,for men,4.3,3313,"citrus , woody , warm spicy , cacao , aromatic , anis , patchouli , powdery , fresh spicy , musky ",moderate,"['Lemon', 'Bergamot', 'Anise', 'Grapefruit', 'Jasmine']","['Cacao', 'Patchouli', 'Sandalwood', 'Tea', 'Cedar', 'Lavender']","['Natural Musk', 'Hibiscus Seed', 'Elemi resin']","{'very weak': 77, 'weak': 83, 'moderate': 327, 'long lasting': 623, 'eternal': 142}",,"{'female': 1, 'more female': 0, 'unisex': 11, 'more male': 22, 'male': 22}","{'way overpriced': 2, 'overpriced': 4, 'ok': 30, 'good value': 13, 'great value': 1}",,,,,,,,fall,"{'citrus': 100.0, 'woody': 87.7866, 'warm spicy': 84.5865, 'cacao': 80.5579, 'aromatic': 65.3906, 'anis': 59.9182, 'patchouli': 59.1134, 'powdery': 57.911, 'fresh spicy': 57.0873, 'musky': 55.8376}"
Burberry Brit for Men,Burberry,https://fimgs.net/mdimg/perfume/375x500.1115.jpg,for men,3.97,2585,"warm spicy , rose , woody , citrus , fresh spicy , aromatic , vanilla , floral , musky , powdery ",moderate,"['Ginger', 'Cardamom', 'Green Mandarin', 'Bergamot']","['Wild Rose', 'Nutmeg', 'Cedar', 'Spicy Notes']","['Tonka Bean', 'Cedar', 'Gray Musk', 'Oriental Woodsy notes', 'Patchouli']","{'very weak': 42, 'weak': 79, 'moderate': 407, 'long lasting': 214, 'eternal': 38}",,"{'female': 1, 'more female': 1, 'unisex': 14, 'more male': 38, 'male': 25}","{'way overpriced': 1, 'overpriced': 2, 'ok': 21, 'good value': 32, 'great value': 11}",,,,,,,,winter,"{'warm spicy': 100.0, 'rose': 71.5797, 'woody': 68.4426, 'citrus': 65.9836, 'fresh spicy': 54.0313, 'aromatic': 53.1446, 'vanilla': 48.6215, 'floral': 47.9322, 'musky': 46.0209, 'powdery': 44.5678}"
Envy Me,Gucci,https://fimgs.net/mdimg/perfume/375x500.682.jpg,for women,3.83,3658,"fruity , fresh , floral , rose , sweet , tropical , woody , soft spicy , musky ",moderate,"['Peony', 'Pink Pepper', 'Pineapple', 'Jasmine', 'Mango', 'Peach', 'Cassia']","['Peony', 'Litchi', 'Rose', 'Pomegranate', 'Musk', 'White Tea', 'Jasmine']","['Musk', 'Tobacco', 'Teak Wood', 'Sandalwood', 'Tonka Bean']","{'very weak': 38, 'weak': 94, 'moderate': 292, 'long lasting': 139, 'eternal': 58}",,"{'female': 33, 'more female': 2, 'unisex': 1, 'more male': 0, 'male': 0}","{'way overpriced': 0, 'overpriced': 4, 'ok': 18, 'good value': 5, 'great value': 1}",,,,,,,,spring,"{'fruity': 100.0, 'fresh': 94.3564, 'floral': 87.6694, 'rose': 85.5433, 'sweet': 71.3884, 'tropical': 70.1284, 'woody': 53.4077, 'soft spicy': 52.3906, 'musky': 50.8812}"
Bois d'Argent,Christian Dior,https://fimgs.net/mdimg/perfume/375x500.1377.jpg,for women and men,4.32,1360,"woody , amber , powdery , iris , sweet , aromatic , honey , balsamic , vanilla , warm spicy ",moderate,"['iris', 'Cypress', 'Juniper Berries']","['Myrhh', 'Patchouli']","['Woodsy Notes', 'Honey', 'Vanilla', 'resins', 'Amber', 'Musk', 'Leather']","{'very weak': 44, 'weak': 53, 'moderate': 122, 'long lasting': 180, 'eternal': 90}",,"{'female': 1, 'more female': 2, 'unisex': 34, 'more male': 14, 'male': 5}","{'way overpriced': 3, 'overpriced': 17, 'ok': 22, 'good value': 3, 'great value': 2}",,,,,,,,fall and spring,"{'woody': 100.0, 'amber': 98.5006, 'powdery': 70.7186, 'iris': 70.274, 'sweet': 61.5915, 'aromatic': 60.7983, 'honey': 59.4645, 'balsamic': 56.8929, 'vanilla': 51.8805, 'warm spicy': 50.2852}"
Comme des Garcons 2 Man,Comme des Garcons,https://fimgs.net/mdimg/perfume/375x500.391.jpg,for men,4.29,2011,"woody , smoky , amber , aromatic , warm spicy , leather , fresh spicy , earthy , balsamic , aldehydic ",moderate,"['Aldehydes', 'Nutmeg', 'Caraway', 'Kumquat', 'Mint']","['Vetiver', 'Saffron', 'iris']","['Incense', 'Mahogany', 'Leather']","{'very weak': 49, 'weak': 69, 'moderate': 257, 'long lasting': 255, 'eternal': 76}",,"{'female': 0, 'more female': 0, 'unisex': 8, 'more male': 18, 'male': 31}","{'way overpriced': 2, 'overpriced': 14, 'ok': 15, 'good value': 8, 'great value': 3}",,,,,,,,spring,"{'woody': 100.0, 'smoky': 87.923, 'amber': 85.1769, 'aromatic': 83.5023, 'warm spicy': 68.9985, 'leather': 66.4014, 'fresh spicy': 65.4648, 'earthy': 61.9736, 'balsamic': 60.6538, 'aldehydic': 57.3188}"
Hermessence Vetiver Tonka,Hermès,https://fimgs.net/mdimg/perfume/375x500.2672.jpg,for women and men,4.36,1559,"woody , sweet , aromatic , nutty , earthy , vanilla , tobacco , amber , caramel , warm spicy ",moderate,[],"['vetyver', 'Tonka Bean', 'Hazelnut', 'Tobacco', 'Praline', 'Caramel', 'Sandalwood', 'Lily-of-the-Valley']",[],"{'very weak': 26, 'weak': 48, 'moderate': 166, 'long lasting': 97, 'eternal': 46}",,"{'female': 1, 'more female': 3, 'unisex': 31, 'more male': 10, 'male': 1}","{'way overpriced': 6, 'overpriced': 15, 'ok': 6, 'good value': 2, 'great value': 0}",,,,,,,,fall,"{'woody': 100.0, 'sweet': 94.0479, 'aromatic': 81.6203, 'nutty': 65.538, 'earthy': 62.2808, 'vanilla': 59.1788, 'tobacco': 58.2094, 'amber': 52.8002, 'caramel': 49.3879, 'warm spicy': 44.1532}"
Original Musk,Kiehl's,https://fimgs.net/mdimg/perfume/375x500.6188.jpg,for women and men,4.09,1357,"musky , white floral , sweet , citrus , powdery , yellow floral , woody , animalic , patchouli , rose ",moderate,"['Orange Blossom', 'Bergamot']","['Ylang-Ylang', 'Lily', 'Neroli', 'Rose']","['Musk', 'Tonka Bean', 'Patchouli']","{'very weak': 23, 'weak': 49, 'moderate': 118, 'long lasting': 132, 'eternal': 78}",,"{'female': 3, 'more female': 4, 'unisex': 45, 'more male': 7, 'male': 4}","{'way overpriced': 1, 'overpriced': 2, 'ok': 13, 'good value': 24, 'great value': 17}",,,,,,,,fall,"{'musky': 100.0, 'white floral': 88.4051, 'sweet': 68.893, 'citrus': 68.6778, 'powdery': 66.3851, 'yellow floral': 58.4492, 'woody': 55.1841, 'animalic': 50.0829, 'patchouli': 49.9332, 'rose': 49.3061}"
Daim Blond,Serge Lutens,https://fimgs.net/mdimg/perfume/375x500.595.jpg,for women and men,4.05,2673,"powdery , musky , leather , iris , fruity , floral , sweet , lactonic , violet ",moderate,[],"['Suede', 'Apricot', 'iris', 'Musk', 'Heliotrope', 'Cardamon', 'Hawthorn', 'Daim']",[],"{'very weak': 61, 'weak': 74, 'moderate': 290, 'long lasting': 138, 'eternal': 55}",,"{'female': 7, 'more female': 9, 'unisex': 20, 'more male': 0, 'male': 0}","{'way overpriced': 5, 'overpriced': 4, 'ok': 16, 'good value': 2, 'great value': 0}",,,,,,,,fall,"{'powdery': 100.0, 'musky': 78.2987, 'leather': 68.1005, 'iris': 58.0431, 'fruity': 57.2892, 'floral': 47.7827, 'sweet': 45.2974, 'lactonic': 45.2269, 'violet': 44.0215}"
Armani Mania,Giorgio Armani,https://fimgs.net/mdimg/perfume/375x500.415.jpg,for women,4.07,3515,"citrus , woody , powdery , floral , soft spicy , vanilla , fresh spicy , musky , sweet , amber ",strong,"['Pink Pepper', 'Bay Leaf', 'Orange', 'Green Mandarin', 'Black Currant']","['Magnolia', 'Peony', 'iris', 'Lily-of-the-Valley']","['Vanilla', 'White Sandalwood', 'Amber', 'Musk', 'Virginia Cedar']","{'very weak': 28, 'weak': 53, 'moderate': 184, 'long lasting': 318, 'eternal': 160}",,"{'female': 27, 'more female': 5, 'unisex': 3, 'more male': 0, 'male': 0}","{'way overpriced': 3, 'overpriced': 3, 'ok': 9, 'good value': 6, 'great value': 2}",,,,,,,,spring,"{'citrus': 100.0, 'woody': 99.3708, 'powdery': 94.9408, 'floral': 91.9613, 'soft spicy': 79.3998, 'vanilla': 77.0672, 'fresh spicy': 76.1622, 'musky': 71.484, 'sweet': 67.3251, 'amber': 58.2266}"
Bogart Pour Homme,Jacques Bogart,https://fimgs.net/mdimg/perfume/375x500.7793.jpg,for men,4.08,1176,"woody , vanilla , aromatic , lavender , white floral , patchouli , sweet , amber , warm spicy , earthy ",strong,"['Lavender', 'Bergamot']","['Orange Blossom', 'Rose', 'Lily-of-the-Valley']","['Tonka Bean', 'Patchouli', 'Cedar', 'Oakmoss', 'Musk']","{'very weak': 36, 'weak': 29, 'moderate': 94, 'long lasting': 353, 'eternal': 277}",,"{'female': 0, 'more female': 0, 'unisex': 5, 'more male': 17, 'male': 47}","{'way overpriced': 3, 'overpriced': 1, 'ok': 2, 'good value': 15, 'great value': 42}",,,,,,,,fall,"{'woody': 100.0, 'vanilla': 90.5467, 'aromatic': 86.3559, 'lavender': 85.3034, 'white floral': 81.2849, 'patchouli': 81.0935, 'sweet': 79.0555, 'amber': 73.2476, 'warm spicy': 72.8458, 'earthy': 69.3247}"
Vetiver Oriental,Serge Lutens,https://fimgs.net/mdimg/perfume/375x500.469.jpg,for women and men,4.18,760,"woody , earthy , amber , powdery , aromatic , chocolate , mossy , warm spicy , iris , musky ",moderate,[],"['Vetiver', 'Dark Chocolate', 'Amber', 'Oakmoss', 'Guaiac Wood', 'iris', 'Sandalwood', 'Labdanum', 'Musk']",[],"{'very weak': 23, 'weak': 18, 'moderate': 93, 'long lasting': 53, 'eternal': 27}",,"{'female': 0, 'more female': 3, 'unisex': 29, 'more male': 9, 'male': 6}","{'way overpriced': 2, 'overpriced': 8, 'ok': 20, 'good value': 5, 'great value': 1}",,,,,,,,fall,"{'woody': 100.0, 'earthy': 70.2157, 'amber': 66.3672, 'powdery': 57.4503, 'aromatic': 53.6249, 'chocolate': 51.5073, 'mossy': 50.8076, 'warm spicy': 50.0342, 'iris': 47.0328, 'musky': 44.3075}"
Fantomas,Nasomatto,https://fimgs.net/mdimg/perfume/375x500.62775.jpg,for women and men,3.32,275,"smoky , sweet , plastic , ozonic , fruity , aquatic , fresh , earthy , rubber , caramel ",enormous,[],"['Melon', 'Plastic', 'Rubber', 'gunpowder', 'Smoke', 'Sweet Notes', 'Earthy Notes', 'Tropical fruit', 'Caramel', 'Cashmeran', 'Patchouli']",[],"{'very weak': 13, 'weak': 20, 'moderate': 39, 'long lasting': 55, 'eternal': 63}",,"{'female': 7, 'more female': 5, 'unisex': 86, 'more male': 12, 'male': 7}","{'way overpriced': 38, 'overpriced': 29, 'ok': 27, 'good value': 6, 'great value': 4}",,,,,,,,fall,"{'smoky': 100.0, 'sweet': 81.5333, 'plastic': 78.3333, 'ozonic': 66.1666, 'fruity': 64.5, 'aquatic': 61.0, 'fresh': 59.4667, 'earthy': 57.5333, 'rubber': 54.0, 'caramel': 52.0}"
Coco Teenage Girl,Disney,https://fimgs.net/mdimg/perfume/375x500.54315.jpg,for women,2.4,5,"honey , sweet , fruity , white floral , floral , citrus ",intimate,"['Raspberry', 'Bitter Orange', 'Neroli']","['Jasmine', 'Orange Blossom']","['Honey', 'Patchouli']","{'very weak': 0, 'weak': 2, 'moderate': 1, 'long lasting': 0, 'eternal': 0}",,"{'female': 0, 'more female': 2, 'unisex': 0, 'more male': 0, 'male': 0}","{'way overpriced': 0, 'overpriced': 0, 'ok': 1, 'good value': 0, 'great value': 1}",,,,,,,,fall,"{'honey': 100.0, 'sweet': 93.6364, 'fruity': 68.1818, 'white floral': 58.6364, 'floral': 56.0909, 'citrus': 55.4546}"
Porpora,Tiziana Terenzi,https://fimgs.net/mdimg/perfume/375x500.44356.jpg,for women and men,4.04,420,"amber , warm spicy , rose , balsamic , sweet , smoky , floral , patchouli , fruity , woody ",enormous,"['Rose', 'Raspberry', 'Cloves', 'Cinnamon']","['Bulgarian Rose', 'Incense', 'Patchouli', 'Poppy']","['Myrrh', 'Musk', 'Amber', 'Benzoin', 'Chestnut']","{'very weak': 15, 'weak': 17, 'moderate': 34, 'long lasting': 68, 'eternal': 112}",,"{'female': 10, 'more female': 8, 'unisex': 22, 'more male': 5, 'male': 1}","{'way overpriced': 5, 'overpriced': 12, 'ok': 18, 'good value': 7, 'great value': 0}",,,,,,,,fall,"{'amber': 100.0, 'warm spicy': 81.1179, 'rose': 73.1547, 'balsamic': 63.3308, 'sweet': 54.7779, 'smoky': 52.9097, 'floral': 51.0414, 'patchouli': 50.5207, 'fruity': 48.2236, 'woody': 45.1761}"
Remarkable People,Etat Libre d'Orange,https://fimgs.net/mdimg/perfume/375x500.30504.jpg,for women and men,4,868,"warm spicy , citrus , woody , aromatic , Champagne , amber , fresh spicy , aldehydic , balsamic , white floral ",moderate,"['Grapefruit', 'Champagne', 'Cardamom']","['Curry Tree', 'Black Pepper', 'Jasmine']","['Sandalwood', 'Lorenox', 'Labdanum']","{'very weak': 30, 'weak': 58, 'moderate': 149, 'long lasting': 52, 'eternal': 18}",,"{'female': 6, 'more female': 12, 'unisex': 44, 'more male': 5, 'male': 1}","{'way overpriced': 3, 'overpriced': 8, 'ok': 30, 'good value': 8, 'great value': 2}",,,,,,,,spring,"{'warm spicy': 100.0, 'citrus': 94.6437, 'woody': 73.8846, 'aromatic': 63.1295, 'Champagne': 62.1377, 'amber': 61.8826, 'fresh spicy': 60.4231, 'aldehydic': 55.499, 'balsamic': 51.4534, 'white floral': 44.17}"
Vanilla Dry,1907,https://fimgs.net/mdimg/perfume/375x500.64042.jpg,for women and men,4,5,"woody , vanilla , yellow floral , sweet , powdery , white floral , warm spicy , balsamic , citrus , musky ",strong,"['Ylang-Ylang', 'Mandarin Orange', 'Orange']","['Tiare Flower', 'Jasmine', 'Lily-of-the-Valley']","['Vanilla', 'Sandalwood', 'White Musk', 'Coconut']","{'very weak': 0, 'weak': 0, 'moderate': 2, 'long lasting': 1, 'eternal': 1}",,"{'female': 3, 'more female': 1, 'unisex': 1, 'more male': 0, 'male': 0}","{'way overpriced': 0, 'overpriced': 1, 'ok': 1, 'good value': 0, 'great value': 0}",,,,,,,,fall and winter,"{'woody': 100.0, 'vanilla': 88.4659, 'yellow floral': 85.6818, 'sweet': 84.8863, 'powdery': 78.5227, 'white floral': 77.7273, 'warm spicy': 49.0909, 'balsamic': 47.8977, 'citrus': 46.1477, 'musky': 45.9091}"
Kim Kardashian,Kim Kardashian,https://fimgs.net/mdimg/perfume/375x500.7281.jpg,for women,3.63,1568,"white floral , tuberose , animalic ",moderate,"['Honeysuckle', 'African Orange flower', 'Mandarin Orange']","['Gardenia', 'Tuberose', 'Jasmine', 'Spices']","['Tonka Bean', 'Musk', 'Sandalwood', 'Orchid', 'Woodsy Notes']","{'very weak': 29, 'weak': 50, 'moderate': 159, 'long lasting': 107, 'eternal': 35}",,"{'female': 33, 'more female': 6, 'unisex': 4, 'more male': 0, 'male': 0}","{'way overpriced': 0, 'overpriced': 0, 'ok': 6, 'good value': 14, 'great value': 20}",,,,,,,,fall,"{'white floral': 100.0, 'tuberose': 51.4029, 'animalic': 44.9892}"
Fantasy Intense,Britney Spears,https://fimgs.net/mdimg/perfume/375x500.65394.jpg,for women,4.75,4,"sweet , patchouli , woody , fruity , white floral , chocolate , tropical , earthy , powdery , warm spicy ",strong,"['Kiwi', 'Litchi', 'Pear']","['White Chocolate', 'Cupcake', 'Jasmine', 'Orchid']","['Patchouli', 'Musk', 'Orris', 'Woodsy Notes']","{'very weak': 0, 'weak': 0, 'moderate': 0, 'long lasting': 4, 'eternal': 0}",,"{'female': 4, 'more female': 1, 'unisex': 1, 'more male': 0, 'male': 0}","{'way overpriced': 1, 'overpriced': 0, 'ok': 0, 'good value': 4, 'great value': 1}",,,,,,,,winter,"{'sweet': 100.0, 'patchouli': 58.5068, 'woody': 58.5068, 'fruity': 57.8733, 'white floral': 49.0045, 'chocolate': 46.4706, 'tropical': 45.5204, 'earthy': 45.2036, 'powdery': 44.8869, 'warm spicy': 44.2534}"
Ocean,Demeter Fragrance,https://fimgs.net/mdimg/perfume/375x500.14709.jpg,for women and men,3.28,111,"marine , salty , aromatic , sand , aquatic ",intimate,[],"['Sea water', 'Salt', 'Sand']",[],"{'very weak': 14, 'weak': 13, 'moderate': 8, 'long lasting': 0, 'eternal': 1}",,"{'female': 0, 'more female': 0, 'unisex': 2, 'more male': 1, 'male': 0}","{'way overpriced': 0, 'overpriced': 0, 'ok': 2, 'good value': 0, 'great value': 0}",,,,,,,,summer,"{'marine': 100.0, 'salty': 87.7027, 'aromatic': 61.8711, 'sand': 56.9231, 'aquatic': 45.9355}"
Cortigiana,Il Profvmo,https://fimgs.net/mdimg/perfume/375x500.32828.jpg,for women,3.44,63,"cherry , floral , sweet , almond , fresh , vanilla , nutty , green , iris , fruity ",moderate,"['Cherry', 'Wildflowers']","['Vanilla', 'Almond']","['Herbal Notes', 'iris']","{'very weak': 1, 'weak': 1, 'moderate': 10, 'long lasting': 10, 'eternal': 4}",,"{'female': 1, 'more female': 0, 'unisex': 1, 'more male': 0, 'male': 0}","{'way overpriced': 0, 'overpriced': 1, 'ok': 1, 'good value': 0, 'great value': 0}",,,,,,,,spring,"{'cherry': 100.0, 'floral': 90.8039, 'sweet': 84.9706, 'almond': 74.8138, 'fresh': 70.6275, 'vanilla': 69.8039, 'nutty': 68.0882, 'green': 62.9412, 'iris': 61.5686, 'fruity': 61.1569}"
Blue Seduction,Antonio Banderas,https://fimgs.net/mdimg/perfume/375x500.3751.jpg,for women,3.68,1614,"fruity , fresh , sweet , aquatic , white floral , ozonic , citrus , floral , rose , patchouli ",moderate,"['Melon', 'Bergamot', 'Pear', 'Violet Leaf']","['Peony', 'Jasmine', 'Lily-of-the-Valley', 'Gardenia', 'Bulgarian Rose']","['Raspberry', 'Patchouli', 'Musk', 'Benzoin']","{'very weak': 35, 'weak': 65, 'moderate': 238, 'long lasting': 107, 'eternal': 42}",,"{'female': 19, 'more female': 5, 'unisex': 9, 'more male': 0, 'male': 0}","{'way overpriced': 2, 'overpriced': 0, 'ok': 6, 'good value': 10, 'great value': 12}",,,,,,,,spring and summer,"{'fruity': 100.0, 'fresh': 82.6347, 'sweet': 79.7515, 'aquatic': 79.1466, 'white floral': 76.4146, 'ozonic': 73.8387, 'citrus': 66.002, 'floral': 63.4969, 'rose': 56.582, 'patchouli': 52.8765}"
Love,Chloé,https://fimgs.net/mdimg/perfume/375x500.9370.jpg,for women,3.92,6349,"powdery , floral , iris , musky , green , sweet ",strong,"['Pink Pepper', 'African Orange flower']","['iris', 'Lilac', 'Hyacinth', 'Heliotrope', 'Wisteria']","['Powdery Notes', 'Rice', 'Musk']","{'very weak': 77, 'weak': 75, 'moderate': 307, 'long lasting': 648, 'eternal': 412}",,"{'female': 67, 'more female': 11, 'unisex': 1, 'more male': 0, 'male': 0}","{'way overpriced': 4, 'overpriced': 7, 'ok': 31, 'good value': 9, 'great value': 6}",,,,,,,,fall,"{'powdery': 100.0, 'floral': 75.568, 'iris': 57.2378, 'musky': 50.8918, 'green': 45.9398, 'sweet': 44.3016}"
Pardon,Nasomatto,https://fimgs.net/mdimg/perfume/375x500.12130.jpg,for men,4.34,1701,"warm spicy , oud , chocolate , woody , sweet , floral , cinnamon , vanilla , powdery , cacao ",strong,"['Magnolia', 'Flowers']","['Dark Chocolate', 'Tonka Bean', 'Cinnamon']","['Agarwood (Oud)', 'Sandalwood']","{'very weak': 67, 'weak': 57, 'moderate': 112, 'long lasting': 233, 'eternal': 360}",,"{'female': 0, 'more female': 0, 'unisex': 30, 'more male': 28, 'male': 57}","{'way overpriced': 20, 'overpriced': 37, 'ok': 49, 'good value': 9, 'great value': 2}",,,,,,,,fall,"{'warm spicy': 100.0, 'oud': 84.7421, 'chocolate': 74.6538, 'woody': 66.3753, 'sweet': 63.8308, 'floral': 60.0141, 'cinnamon': 57.2367, 'vanilla': 50.1318, 'powdery': 48.1876, 'cacao': 46.7452}"
Warm Black,Zara,https://fimgs.net/mdimg/perfume/375x500.62359.jpg,for men,4.3,301,"vanilla , warm spicy , sweet , amber ",moderate,['Ginger'],['Vanilla'],['Tonka Bean'],"{'very weak': 5, 'weak': 33, 'moderate': 103, 'long lasting': 67, 'eternal': 12}",,"{'female': 2, 'more female': 3, 'unisex': 38, 'more male': 54, 'male': 48}","{'way overpriced': 2, 'overpriced': 3, 'ok': 2, 'good value': 38, 'great value': 95}",,,,,,,,winter,"{'vanilla': 100.0, 'warm spicy': 57.6046, 'sweet': 53.1939, 'amber': 47.6806}"
Love & Crime,Ex Idolo,https://fimgs.net/mdimg/perfume/375x500.52069.jpg,for women and men,4.39,149,"vanilla , sweet , citrus , soft spicy , cacao , anis , floral , powdery , warm spicy ",moderate,"['Blood Mandarin', 'Pink Pepper']","['Sugar', 'Star Anise', 'Floral Notes']","['Vanilla', 'Cacao']","{'very weak': 5, 'weak': 5, 'moderate': 21, 'long lasting': 17, 'eternal': 11}",,"{'female': 12, 'more female': 9, 'unisex': 3, 'more male': 0, 'male': 0}","{'way overpriced': 1, 'overpriced': 3, 'ok': 5, 'good value': 4, 'great value': 3}",,,,,,,,winter,"{'vanilla': 100.0, 'sweet': 94.5169, 'citrus': 79.9062, 'soft spicy': 70.3846, 'cacao': 68.0863, 'anis': 58.2364, 'floral': 55.7411, 'powdery': 54.4277, 'warm spicy': 52.8518}"
Alien,Mugler,https://fimgs.net/mdimg/perfume/375x500.707.jpg,for women,4.01,19548,"white floral , amber , woody ",strong,['Jasmine'],['Woodsy Notes'],['Amber'],"{'very weak': 133, 'weak': 184, 'moderate': 705, 'long lasting': 1834, 'eternal': 2861}",,"{'female': 532, 'more female': 164, 'unisex': 67, 'more male': 2, 'male': 1}","{'way overpriced': 37, 'overpriced': 122, 'ok': 398, 'good value': 125, 'great value': 26}",,,,,,,,winter,"{'white floral': 100.0, 'amber': 70.3345, 'woody': 64.3701}"
Flowerbomb,Viktor&Rolf,https://fimgs.net/mdimg/perfume/375x500.1460.jpg,for women,3.94,11932,"floral , patchouli , white floral , woody , citrus , powdery , musky , warm spicy , sweet , rose ",strong,"['Tea', 'Bergamot', 'Osmanthus']","['Orchid', 'Jasmine', 'Rose', 'Freesia', 'African Orange flower']","['Patchouli', 'Musk']","{'very weak': 169, 'weak': 224, 'moderate': 694, 'long lasting': 1086, 'eternal': 462}",,"{'female': 261, 'more female': 20, 'unisex': 14, 'more male': 1, 'male': 0}","{'way overpriced': 46, 'overpriced': 85, 'ok': 106, 'good value': 26, 'great value': 7}",,,,,,,,fall,"{'floral': 100.0, 'patchouli': 74.006, 'white floral': 69.3377, 'woody': 58.1886, 'citrus': 57.1164, 'powdery': 53.9664, 'musky': 52.106, 'warm spicy': 52.003, 'sweet': 51.9641, 'rose': 51.4881}"
Euphoria,Calvin Klein,https://fimgs.net/mdimg/perfume/375x500.253.jpg,for women,3.85,15835,"woody , floral , powdery , sweet , fruity , amber , musky , violet , fresh spicy ",strong,"['Pomegranate', 'Raspberry', 'Passionfruit', 'Persimmon', 'Peach', 'Green Notes']","['Orchid', 'Lotus', 'Champaca']","['Mahogany', 'Amber', 'Musk', 'Violet', 'Patchouli', 'Vanilla']","{'very weak': 157, 'weak': 265, 'moderate': 990, 'long lasting': 1623, 'eternal': 764}",,"{'female': 189, 'more female': 49, 'unisex': 36, 'more male': 5, 'male': 2}","{'way overpriced': 9, 'overpriced': 26, 'ok': 102, 'good value': 83, 'great value': 19}",,,,,,,,winter,"{'woody': 100.0, 'floral': 76.958, 'powdery': 68.1983, 'sweet': 60.3205, 'fruity': 57.3504, 'amber': 55.1237, 'musky': 48.943, 'violet': 47.275, 'fresh spicy': 46.3337}"
Un Jardin Sur Le Nil,Hermès,https://fimgs.net/mdimg/perfume/375x500.18.jpg,for women and men,4.14,8770,"citrus , aromatic , floral , fresh spicy , green , fruity , tropical , powdery , herbal , sweet ",moderate,"['Grapefruit', 'Green Mango', 'Tomato', 'Carrot']","['Bulrush', 'Lotus', 'Orange', 'Hiacynth', 'Peony']","['Musk', 'iris', 'Incense', 'Labdanum', 'Cinnamon']","{'very weak': 178, 'weak': 290, 'moderate': 996, 'long lasting': 466, 'eternal': 142}",,"{'female': 30, 'more female': 35, 'unisex': 111, 'more male': 3, 'male': 1}","{'way overpriced': 7, 'overpriced': 38, 'ok': 76, 'good value': 20, 'great value': 3}",,,,,,,,spring and summer,"{'citrus': 100.0, 'aromatic': 87.8183, 'floral': 76.7892, 'fresh spicy': 74.511, 'green': 69.2889, 'fruity': 67.3147, 'tropical': 66.5201, 'powdery': 61.8117, 'herbal': 60.7361, 'sweet': 59.2199}"
02 L'Air du Desert Marocain,Tauer Perfumes,https://fimgs.net/mdimg/perfume/375x500.4573.jpg,for women and men,4.43,4568,"aromatic , woody , amber , fresh spicy , soft spicy , earthy , herbal ",strong,"['Coriander', 'Petitgrain', 'Cumin', 'Lavender']","['Labdanum', 'Jasmine', 'Birch', 'Geranium']","['Amber', 'Cedar', 'Vetiver', 'Patchouli', 'Oakmoss']","{'very weak': 104, 'weak': 78, 'moderate': 225, 'long lasting': 629, 'eternal': 658}",,"{'female': 0, 'more female': 3, 'unisex': 115, 'more male': 93, 'male': 36}","{'way overpriced': 14, 'overpriced': 29, 'ok': 77, 'good value': 76, 'great value': 19}",,,,,,,,fall,"{'aromatic': 100.0, 'woody': 94.3044, 'amber': 85.4011, 'fresh spicy': 64.4778, 'soft spicy': 52.2753, 'earthy': 51.3796, 'herbal': 47.0124}"
Hypnôse,Lancome,https://fimgs.net/mdimg/perfume/375x500.170.jpg,for women,3.84,11730,"vanilla , floral , white floral , fruity , sweet , powdery , tropical , aromatic , woody , earthy ",strong,['Passion Flower'],"['Jasmine', 'Gardenia']","['Vanille', 'Vetiver']","{'very weak': 112, 'weak': 183, 'moderate': 684, 'long lasting': 1051, 'eternal': 447}",,"{'female': 136, 'more female': 24, 'unisex': 5, 'more male': 0, 'male': 0}","{'way overpriced': 4, 'overpriced': 24, 'ok': 83, 'good value': 23, 'great value': 9}",,,,,,,,winter and summer,"{'vanilla': 100.0, 'floral': 88.352, 'white floral': 77.6812, 'fruity': 65.4783, 'sweet': 64.6957, 'powdery': 51.0, 'tropical': 47.7391, 'aromatic': 47.2898, 'woody': 47.2898, 'earthy': 44.8199}"
Carnal Flower,Frederic Malle,https://fimgs.net/mdimg/perfume/375x500.1024.jpg,for women and men,4.26,3155,"white floral , tuberose , woody , sweet , animalic , coconut , camphor ",enormous,[],"['Tuberose', 'Eucalyptus', 'Jasmine', 'Coconut', 'Orange Blossom', 'Ylang-Ylang', 'Melon', 'White Musk', 'Bergamot']",[],"{'very weak': 70, 'weak': 50, 'moderate': 138, 'long lasting': 334, 'eternal': 458}",,"{'female': 48, 'more female': 52, 'unisex': 68, 'more male': 4, 'male': 2}","{'way overpriced': 41, 'overpriced': 55, 'ok': 44, 'good value': 11, 'great value': 11}",,,,,,,,spring,"{'white floral': 100.0, 'tuberose': 74.9387, 'woody': 54.5963, 'sweet': 50.8074, 'animalic': 48.6895, 'coconut': 48.1195, 'camphor': 46.5055}"
Lalique Le Parfum,Lalique,https://fimgs.net/mdimg/perfume/375x500.1840.jpg,for women,4.03,4300,"vanilla , aromatic , powdery , fresh spicy , sweet , woody , almond , warm spicy , soft spicy , balsamic ",moderate,"['West Indian Bay', 'Pink Pepper', 'Bergamot']","['Heliotrope', 'Almond', 'Jasmine']","['Vanilla', 'Tonka Bean', 'Sandalwood', 'Patchouli']","{'very weak': 76, 'weak': 94, 'moderate': 331, 'long lasting': 518, 'eternal': 355}",,"{'female': 93, 'more female': 42, 'unisex': 27, 'more male': 1, 'male': 1}","{'way overpriced': 3, 'overpriced': 6, 'ok': 35, 'good value': 62, 'great value': 43}",,,,,,,,fall,"{'vanilla': 100.0, 'aromatic': 74.9973, 'powdery': 63.5727, 'fresh spicy': 58.9256, 'sweet': 58.8496, 'woody': 55.2307, 'almond': 52.8449, 'warm spicy': 51.9054, 'soft spicy': 46.6333, 'balsamic': 45.8405}"
Omnia Crystalline,Bvlgari,https://fimgs.net/mdimg/perfume/375x500.152.jpg,for women,4.01,7314,"woody , floral , musky , aquatic , green , ozonic , fruity , fresh , powdery , earthy ",moderate,"['Bamboo', 'Pear']","['Lotus', 'Tea', 'Cassia']","['Musk', 'Guaiac Wood', 'Oakmoss']","{'very weak': 199, 'weak': 323, 'moderate': 822, 'long lasting': 383, 'eternal': 140}",,"{'female': 93, 'more female': 24, 'unisex': 20, 'more male': 0, 'male': 2}","{'way overpriced': 7, 'overpriced': 22, 'ok': 59, 'good value': 11, 'great value': 4}",,,,,,,,spring,"{'woody': 100.0, 'floral': 89.3048, 'musky': 86.9144, 'aquatic': 78.0879, 'green': 77.5938, 'ozonic': 70.0013, 'fruity': 65.1257, 'fresh': 61.5756, 'powdery': 60.8903, 'earthy': 59.522}"
Lovely,Sarah Jessica Parker,https://fimgs.net/mdimg/perfume/375x500.993.jpg,for women,3.86,5831,"woody , musky , lavender , powdery , aromatic , citrus , fresh spicy , patchouli , floral , warm spicy ",moderate,"['Lavender', 'Martini', 'Bergamot', 'Mandarin Orange', 'Palisander Rosewood']","['Patchouli', 'Orchid', 'Narcissus']","['Musk', 'Woodsy Notes', 'Cedar', 'White Amber']","{'very weak': 117, 'weak': 193, 'moderate': 739, 'long lasting': 312, 'eternal': 126}",,"{'female': 118, 'more female': 30, 'unisex': 18, 'more male': 1, 'male': 0}","{'way overpriced': 2, 'overpriced': 5, 'ok': 19, 'good value': 44, 'great value': 79}",,,,,,,,spring,"{'woody': 100.0, 'musky': 98.9352, 'lavender': 81.8415, 'powdery': 78.5608, 'aromatic': 77.8703, 'citrus': 74.5957, 'fresh spicy': 72.7742, 'patchouli': 61.9055, 'floral': 54.7398, 'warm spicy': 53.751}"
Chance Eau de Parfum,Chanel,https://fimgs.net/mdimg/perfume/375x500.31351.jpg,for women,4.09,3386,"musky , patchouli , powdery , white floral , soft spicy , woody , vanilla , earthy , warm spicy , iris ",strong,['Pink Pepper'],"['Jasmine', 'iris']","['Patchouli', 'Musk', 'Vanilla']","{'very weak': 52, 'weak': 63, 'moderate': 222, 'long lasting': 391, 'eternal': 289}",,"{'female': 71, 'more female': 34, 'unisex': 18, 'more male': 0, 'male': 0}","{'way overpriced': 9, 'overpriced': 32, 'ok': 66, 'good value': 7, 'great value': 4}",,,,,,,,fall,"{'musky': 100.0, 'patchouli': 91.2611, 'powdery': 85.8132, 'white floral': 85.0349, 'soft spicy': 73.6722, 'woody': 72.716, 'vanilla': 68.2465, 'earthy': 66.4231, 'warm spicy': 60.6305, 'iris': 59.7967}"
Aqva Pour Homme,Bvlgari,https://fimgs.net/mdimg/perfume/375x500.153.jpg,for men,4.14,5666,"citrus , marine , aromatic , aquatic , woody , lavender , fresh spicy , powdery ",moderate,"['Mandarin Orange', 'Orange', 'Petitgrain']","['Seaweed', 'Lavender', 'Cotton Flower']","['Virginia Cedar', 'Woodsy Notes', 'Patchouli', 'Clary Sage', 'Amber']","{'very weak': 122, 'weak': 204, 'moderate': 1035, 'long lasting': 560, 'eternal': 129}",,"{'female': 1, 'more female': 1, 'unisex': 13, 'more male': 25, 'male': 99}","{'way overpriced': 3, 'overpriced': 15, 'ok': 69, 'good value': 28, 'great value': 9}",,,,,,,,spring and summer,"{'citrus': 100.0, 'marine': 97.4108, 'aromatic': 80.7625, 'aquatic': 77.1875, 'woody': 73.1583, 'lavender': 47.0344, 'fresh spicy': 44.8858, 'powdery': 44.4134}"
Versace Pour Homme,Versace,https://fimgs.net/mdimg/perfume/375x500.2318.jpg,for men,4.29,8242,"citrus , aromatic , fresh spicy , floral , rose , green ",moderate,"['Lemon', 'Neroli', 'Bergamot', 'Rose de Mai']","['Hyacinth', 'Cedar', 'Clary Sage', 'Geranium']","['Tonka Bean', 'Musk', 'Amber']","{'very weak': 208, 'weak': 373, 'moderate': 1907, 'long lasting': 1009, 'eternal': 242}",,"{'female': 3, 'more female': 0, 'unisex': 40, 'more male': 149, 'male': 233}","{'way overpriced': 3, 'overpriced': 28, 'ok': 147, 'good value': 149, 'great value': 68}",,,,,,,,summer,"{'citrus': 100.0, 'aromatic': 69.834, 'fresh spicy': 61.2935, 'floral': 49.9107, 'rose': 45.6682, 'green': 45.1621}"
Chloe Eau de Parfum,Chloé,https://fimgs.net/mdimg/perfume/375x500.1733.jpg,for women,3.95,13349,"floral , rose , fresh , fruity ",moderate,"['Peony', 'Litchi', 'Freesia']","['Rose', 'Lily-of-the-Valley', 'Magnolia']","['Virginia Cedar', 'Amber']","{'very weak': 141, 'weak': 195, 'moderate': 916, 'long lasting': 1480, 'eternal': 746}",,"{'female': 335, 'more female': 27, 'unisex': 11, 'more male': 0, 'male': 2}","{'way overpriced': 25, 'overpriced': 73, 'ok': 178, 'good value': 56, 'great value': 7}",,,,,,,,spring,"{'floral': 100.0, 'rose': 89.3694, 'fresh': 69.7816, 'fruity': 45.4213}"
1 Million,Paco Rabanne,https://fimgs.net/mdimg/perfume/375x500.3747.jpg,for men,3.7,11537,"warm spicy , cinnamon , citrus , amber , woody , leather , rose , animalic , green , patchouli ",enormous,"['Blood Mandarin', 'Grapefruit', 'Mint']","['Cinnamon', 'Rose', 'Spicy Notes']","['Amber', 'Leather', 'Woody Notes', 'Indian Patchouli']","{'very weak': 110, 'weak': 134, 'moderate': 551, 'long lasting': 1495, 'eternal': 1659}",,"{'female': 7, 'more female': 4, 'unisex': 79, 'more male': 148, 'male': 155}","{'way overpriced': 11, 'overpriced': 50, 'ok': 185, 'good value': 74, 'great value': 15}",,,,,,,,winter,"{'warm spicy': 100.0, 'cinnamon': 84.2521, 'citrus': 78.1806, 'amber': 60.7936, 'woody': 60.7131, 'leather': 60.4357, 'rose': 56.1644, 'animalic': 51.3766, 'green': 47.8366, 'patchouli': 47.7561}"
The One for Men,Dolce&Gabbana,https://fimgs.net/mdimg/perfume/375x500.2056.jpg,for men,4.27,8750,"warm spicy , amber , tobacco , aromatic , citrus , sweet , woody , fresh spicy , white floral , soft spicy ",moderate,"['Grapefruit', 'Coriander', 'Basil']","['Ginger', 'Cardamom', 'Orange Blossom']","['Amber', 'Tobacco', 'Cedar']","{'very weak': 307, 'weak': 591, 'moderate': 1755, 'long lasting': 588, 'eternal': 154}",,"{'female': 2, 'more female': 1, 'unisex': 23, 'more male': 68, 'male': 150}","{'way overpriced': 6, 'overpriced': 49, 'ok': 114, 'good value': 37, 'great value': 10}",,,,,,,,fall,"{'warm spicy': 100.0, 'amber': 95.4969, 'tobacco': 87.7247, 'aromatic': 81.8038, 'citrus': 80.2416, 'sweet': 66.822, 'woody': 54.2538, 'fresh spicy': 53.8398, 'white floral': 53.043, 'soft spicy': 48.6414}"
Jubilation XXV Man,Amouage,https://fimgs.net/mdimg/perfume/375x500.2366.jpg,for men,4.46,3792,"amber , sweet , warm spicy , woody , fruity , balsamic , oud , fresh spicy , aromatic , honey ",strong,"['Blackberry', 'Olibanum', 'Orange', 'Labdanum', 'Coriander', 'Tarragon']","['Honey', 'Guaiac Wood', 'Cinnamon', 'Bay Leaf', 'Clove', 'Rose', 'Orchid', 'Celery Seeds']","['Opoponax', 'Agarwood (Oud)', 'Myrrh', 'Patchouli', 'Cedar', 'Ambergris', 'Immortelle', 'Musk', 'Oakmoss']","{'very weak': 84, 'weak': 90, 'moderate': 344, 'long lasting': 773, 'eternal': 489}",,"{'female': 1, 'more female': 0, 'unisex': 28, 'more male': 86, 'male': 114}","{'way overpriced': 27, 'overpriced': 51, 'ok': 71, 'good value': 42, 'great value': 15}",,,,,,,,fall,"{'amber': 100.0, 'sweet': 79.1774, 'warm spicy': 66.3056, 'woody': 65.2735, 'fruity': 61.4572, 'balsamic': 60.515, 'oud': 52.0633, 'fresh spicy': 51.8068, 'aromatic': 51.3974, 'honey': 48.5715}"
Viva la Juicy,Juicy Couture,https://fimgs.net/mdimg/perfume/375x500.4410.jpg,for women,3.99,8147,"sweet , white floral , caramel , fruity , vanilla , citrus , woody , lactonic , powdery , amber ",moderate,"['Mandarin Orange', 'Wild berries']","['Honeysuckle', 'Gardenia', 'Jasmine']","['Caramel', 'Vanilla', 'Praline', 'Amber', 'Sandalwood']","{'very weak': 222, 'weak': 374, 'moderate': 897, 'long lasting': 276, 'eternal': 128}",,"{'female': 147, 'more female': 13, 'unisex': 2, 'more male': 0, 'male': 0}","{'way overpriced': 6, 'overpriced': 21, 'ok': 46, 'good value': 52, 'great value': 10}",,,,,,,,spring,"{'sweet': 100.0, 'white floral': 97.2473, 'caramel': 83.3054, 'fruity': 81.9527, 'vanilla': 68.4143, 'citrus': 64.4097, 'woody': 61.12, 'lactonic': 55.6589, 'powdery': 50.3047, 'amber': 49.4771}"
Gypsy Water,Byredo,https://fimgs.net/mdimg/perfume/375x500.3575.jpg,for women and men,4.04,2880,"woody , aromatic , fresh spicy , citrus , powdery , amber , vanilla , balsamic , warm spicy , smoky ",intimate,"['Juniper', 'Lemon', 'Bergamot', 'Pepper']","['Pine needles', 'Incense', 'Orris Root']","['Sandalwood', 'Vanilla', 'Amber']","{'very weak': 130, 'weak': 180, 'moderate': 321, 'long lasting': 128, 'eternal': 71}",,"{'female': 19, 'more female': 32, 'unisex': 127, 'more male': 11, 'male': 4}","{'way overpriced': 29, 'overpriced': 83, 'ok': 46, 'good value': 6, 'great value': 4}",,,,,,,,spring,"{'woody': 100.0, 'aromatic': 86.9021, 'fresh spicy': 70.7019, 'citrus': 64.7264, 'powdery': 60.292, 'amber': 57.8012, 'vanilla': 55.8738, 'balsamic': 55.1796, 'warm spicy': 52.6305, 'smoky': 44.1964}"
Allure Homme Edition Blanche,Chanel,https://fimgs.net/mdimg/perfume/375x500.2653.jpg,for men,4.41,4833,"citrus , aromatic , vanilla , woody , powdery , soft spicy , sweet , musky ",moderate,[],"['Sicilian Lemon', 'Madagascar Vanilla', 'Pink Pepper', 'Calabrian bergamot', 'Sandalwood', 'Tonka Bean', 'Tahitian Vetiver', 'Musk', 'Amber', 'Cedar']",[],"{'very weak': 117, 'weak': 169, 'moderate': 770, 'long lasting': 562, 'eternal': 137}",,"{'female': 0, 'more female': 1, 'unisex': 34, 'more male': 49, 'male': 25}","{'way overpriced': 8, 'overpriced': 48, 'ok': 34, 'good value': 4, 'great value': 1}",,,,,,,,summer,"{'citrus': 100.0, 'aromatic': 63.4985, 'vanilla': 62.5145, 'woody': 57.3837, 'powdery': 51.8014, 'soft spicy': 46.6631, 'sweet': 45.1033, 'musky': 44.4718}"
Fancy,Jessica Simpson,https://fimgs.net/mdimg/perfume/375x500.4094.jpg,for women,4.07,4218,"sweet , fruity , caramel , vanilla , powdery , almond , white floral , amber , fresh , nutty ",moderate,"['Pear', 'Apricot', 'Red Berries']","['Caramel', 'Almond', 'Gardenia', 'Jasmine']","['Vanilla', 'Amber', 'Sandalwood']","{'very weak': 66, 'weak': 82, 'moderate': 344, 'long lasting': 486, 'eternal': 161}",,"{'female': 108, 'more female': 2, 'unisex': 2, 'more male': 0, 'male': 0}","{'way overpriced': 0, 'overpriced': 3, 'ok': 10, 'good value': 50, 'great value': 60}",,,,,,,,fall and winter,"{'sweet': 100.0, 'fruity': 97.4711, 'caramel': 88.5249, 'vanilla': 76.7103, 'powdery': 59.6933, 'almond': 56.7656, 'white floral': 49.9448, 'amber': 47.2651, 'fresh': 46.6044, 'nutty': 46.0593}"
Amouage Lyric Man,Amouage,https://fimgs.net/mdimg/perfume/375x500.4622.jpg,for men,4.2,2315,"rose , citrus , musky , woody , powdery , warm spicy , amber , floral , aromatic , fresh spicy ",enormous,"['Lime', 'Bergamot']","['Rose', 'Angelica', 'Ginger', 'Saffron', 'Orange Blossom', 'Nutmeg', 'Galbanum']","['Musk', 'Incense', 'Pine Tree', 'Sandalwood', 'Vanilla']","{'very weak': 38, 'weak': 45, 'moderate': 107, 'long lasting': 304, 'eternal': 580}",,"{'female': 6, 'more female': 11, 'unisex': 68, 'more male': 58, 'male': 16}","{'way overpriced': 9, 'overpriced': 18, 'ok': 51, 'good value': 31, 'great value': 20}",,,,,,,,spring,"{'rose': 100.0, 'citrus': 88.9498, 'musky': 66.0479, 'woody': 63.9731, 'powdery': 62.3226, 'warm spicy': 61.4083, 'amber': 60.363, 'floral': 55.3828, 'aromatic': 52.9281, 'fresh spicy': 52.1108}"
Molecule 02,Escentric Molecules,https://fimgs.net/mdimg/perfume/375x500.3606.jpg,for women and men,4,2127,"amber , musky ",intimate,[],['Ambroxan'],[],"{'very weak': 101, 'weak': 67, 'moderate': 168, 'long lasting': 164, 'eternal': 206}",,"{'female': 14, 'more female': 3, 'unisex': 97, 'more male': 8, 'male': 3}","{'way overpriced': 24, 'overpriced': 45, 'ok': 32, 'good value': 8, 'great value': 2}",,,,,,,,summer,"{'amber': 100.0, 'musky': 72.905}"
Escentric 02,Escentric Molecules,https://fimgs.net/mdimg/perfume/375x500.3607.jpg,for women and men,3.99,2643,"amber , musky , woody , iris , powdery , violet ",moderate,[],"['Ambroxan', 'Iso E Super', 'iris', 'Jasmine']",[],"{'very weak': 73, 'weak': 102, 'moderate': 210, 'long lasting': 238, 'eternal': 259}",,"{'female': 17, 'more female': 6, 'unisex': 86, 'more male': 12, 'male': 9}","{'way overpriced': 14, 'overpriced': 28, 'ok': 48, 'good value': 13, 'great value': 1}",,,,,,,,spring,"{'amber': 100.0, 'musky': 87.6077, 'woody': 77.3835, 'iris': 61.5538, 'powdery': 53.0396, 'violet': 45.7769}"
Jasmin Noir,Bvlgari,https://fimgs.net/mdimg/perfume/375x500.3750.jpg,for women,3.97,6640,"white floral , almond , sweet , amber , woody , soft spicy , nutty , fruity , vanilla , lactonic ",moderate,"['Gardenia', 'Green Notes']","['Jasmine Sambac', 'Almond']","['Licorice', 'Tonka Bean', 'Precious Woods', 'Amber', 'Musk', 'Patchouli']","{'very weak': 138, 'weak': 160, 'moderate': 546, 'long lasting': 487, 'eternal': 222}",,"{'female': 36, 'more female': 20, 'unisex': 5, 'more male': 1, 'male': 0}","{'way overpriced': 1, 'overpriced': 5, 'ok': 36, 'good value': 8, 'great value': 3}",,,,,,,,winter,"{'white floral': 100.0, 'almond': 60.1022, 'sweet': 58.8506, 'amber': 52.4737, 'woody': 51.221, 'soft spicy': 50.6706, 'nutty': 48.0613, 'fruity': 45.0511, 'vanilla': 44.8669, 'lactonic': 44.6957}"
White Patchouli,Tom Ford,https://fimgs.net/mdimg/perfume/375x500.3797.jpg,for women,3.82,4239,"patchouli , woody , floral , white floral , warm spicy , aromatic , rose , balsamic , earthy , fresh ",moderate,"['White Flowers', 'Coriander', 'Peony', 'Bergamot']","['Ambrette (Musk Mallow)', 'Rose', 'Jasmine']","['Patchouli', 'Incense', 'Woody Notes']","{'very weak': 58, 'weak': 70, 'moderate': 235, 'long lasting': 415, 'eternal': 221}",,"{'female': 29, 'more female': 19, 'unisex': 51, 'more male': 4, 'male': 3}","{'way overpriced': 7, 'overpriced': 22, 'ok': 38, 'good value': 8, 'great value': 3}",,,,,,,,fall,"{'patchouli': 100.0, 'woody': 98.8565, 'floral': 88.6914, 'white floral': 87.8705, 'warm spicy': 73.8868, 'aromatic': 72.0898, 'rose': 67.675, 'balsamic': 62.1085, 'earthy': 58.0, 'fresh': 56.35}"
Five O'Clock Au Gingembre,Serge Lutens,https://fimgs.net/mdimg/perfume/375x500.2764.jpg,for women and men,4.15,2955,"warm spicy , woody , fresh spicy , cinnamon , citrus , fresh , green , honey ",moderate,"['Tea', 'Bergamot']","['Ginger', 'Cinnamon', 'Woodsy Notes']","['Pepper', 'Honey', 'Amber', 'Cacao', 'Patchouli']","{'very weak': 41, 'weak': 68, 'moderate': 301, 'long lasting': 210, 'eternal': 57}",,"{'female': 6, 'more female': 5, 'unisex': 76, 'more male': 11, 'male': 1}","{'way overpriced': 1, 'overpriced': 15, 'ok': 42, 'good value': 16, 'great value': 2}",,,,,,,,fall and winter,"{'warm spicy': 100.0, 'woody': 57.5671, 'fresh spicy': 56.491, 'cinnamon': 54.6792, 'citrus': 52.711, 'fresh': 48.7163, 'green': 46.4385, 'honey': 44.9608}"
Amouage Lyric Woman,Amouage,https://fimgs.net/mdimg/perfume/375x500.4623.jpg,for women,4.14,2807,"warm spicy , woody , rose , amber , aromatic , powdery , balsamic , smoky , musky , cinnamon ",moderate,"['Cardamom', 'Cinnamon', 'Ginger', 'Bergamot']","['Rose', 'Geranium', 'Ylang-Ylang', 'Angelica', 'Orris Root', 'Jasmine']","['Incense', 'Sandalwood', 'Musk', 'Woodsy Notes', 'Tonka Bean', 'Patchouli', 'Oakmoss', 'Vanilla', 'Vetiver']","{'very weak': 58, 'weak': 52, 'moderate': 147, 'long lasting': 294, 'eternal': 184}",,"{'female': 38, 'more female': 27, 'unisex': 28, 'more male': 1, 'male': 0}","{'way overpriced': 12, 'overpriced': 20, 'ok': 25, 'good value': 5, 'great value': 3}",,,,,,,,fall,"{'warm spicy': 100.0, 'woody': 82.0305, 'rose': 69.0229, 'amber': 62.6013, 'aromatic': 60.2619, 'powdery': 58.3519, 'balsamic': 51.0325, 'smoky': 49.273, 'musky': 49.2396, 'cinnamon': 47.3993}"
Aqva Pour Homme Marine,Bvlgari,https://fimgs.net/mdimg/perfume/375x500.1742.jpg,for men,4.06,2783,"aquatic , citrus , marine , aromatic , fresh , fresh spicy , woody ",moderate,"['Grapefruit', 'Neroli', 'Mandarin Orange', 'Petitgrain']","['Water Notes', 'Seaweed', 'Rosemary']","['Virginia Cedar', 'Amber']","{'very weak': 62, 'weak': 111, 'moderate': 544, 'long lasting': 246, 'eternal': 82}",,"{'female': 0, 'more female': 2, 'unisex': 22, 'more male': 40, 'male': 37}","{'way overpriced': 1, 'overpriced': 7, 'ok': 44, 'good value': 25, 'great value': 7}",,,,,,,,summer,"{'aquatic': 100.0, 'citrus': 75.3109, 'marine': 66.2329, 'aromatic': 65.8662, 'fresh': 56.7782, 'fresh spicy': 49.7259, 'woody': 47.6506}"
Elixir Charnel Gourmand Coquin,Guerlain,https://fimgs.net/mdimg/perfume/375x500.4675.jpg,for women,4.42,1581,"warm spicy , cacao , chocolate , sweet , vanilla , rum ",moderate,[],"['Dark Chocolate', 'Cacao', 'Rum', 'Vanilla', 'Spices', 'Rose', 'Pepper']",[],"{'very weak': 56, 'weak': 44, 'moderate': 82, 'long lasting': 169, 'eternal': 97}",,"{'female': 26, 'more female': 10, 'unisex': 6, 'more male': 0, 'male': 0}","{'way overpriced': 8, 'overpriced': 14, 'ok': 14, 'good value': 0, 'great value': 1}",,,,,,,,winter,"{'warm spicy': 100.0, 'cacao': 82.4805, 'chocolate': 66.3243, 'sweet': 65.2853, 'vanilla': 59.3093, 'rum': 57.9159}"
Sensuous,Estée Lauder,https://fimgs.net/mdimg/perfume/375x500.2938.jpg,for women,3.94,5060,"woody , honey , amber , warm spicy , fresh spicy , powdery , white floral , floral , sweet ",moderate,"['Lily', 'Jasmine', 'Magnolia']","['Woodsy Notes', 'Amber', 'Ylang-Ylang']","['Sandalwood', 'white honey', 'Pepper', 'Mandarin Orange']","{'very weak': 73, 'weak': 99, 'moderate': 368, 'long lasting': 385, 'eternal': 156}",,"{'female': 42, 'more female': 15, 'unisex': 5, 'more male': 0, 'male': 0}","{'way overpriced': 0, 'overpriced': 1, 'ok': 21, 'good value': 25, 'great value': 2}",,,,,,,,fall,"{'woody': 100.0, 'honey': 60.7572, 'amber': 53.2345, 'warm spicy': 53.041, 'fresh spicy': 52.7831, 'powdery': 52.4328, 'white floral': 52.0308, 'floral': 51.7149, 'sweet': 50.6037}"
Les Exclusifs de Chanel Sycomore,Chanel,https://fimgs.net/mdimg/perfume/375x500.4688.jpg,for women and men,4.37,2679,"woody , aromatic , earthy , fresh spicy , tobacco ",moderate,[],"['Vetiver', 'Tobacco', 'Cypress', 'Juniper', 'Sandalwood', 'Aldehydes', 'Pink Pepper', 'Spicy Notes', 'Violet']",[],"{'very weak': 63, 'weak': 58, 'moderate': 232, 'long lasting': 252, 'eternal': 94}",,"{'female': 5, 'more female': 2, 'unisex': 31, 'more male': 16, 'male': 2}","{'way overpriced': 7, 'overpriced': 11, 'ok': 22, 'good value': 2, 'great value': 2}",,,,,,,,fall,"{'woody': 100.0, 'aromatic': 90.0473, 'earthy': 55.0177, 'fresh spicy': 50.7603, 'tobacco': 48.0774}"
Pulp,Byredo,https://fimgs.net/mdimg/perfume/375x500.3576.jpg,for women and men,3.84,2632,"fruity , sweet , woody , floral ",strong,"['Black Currant', 'Bergamot', 'Cardamon']","['Fig', 'Red Apple', 'Tiare Flower']","['Praline', 'Peach Blossom', 'Cedar']","{'very weak': 40, 'weak': 57, 'moderate': 190, 'long lasting': 283, 'eternal': 155}",,"{'female': 25, 'more female': 14, 'unisex': 45, 'more male': 5, 'male': 3}","{'way overpriced': 17, 'overpriced': 29, 'ok': 15, 'good value': 4, 'great value': 3}",,,,,,,,spring,"{'fruity': 100.0, 'sweet': 63.0583, 'woody': 52.1175, 'floral': 45.1398}"
Mukhallat,Montale,https://fimgs.net/mdimg/perfume/375x500.3241.jpg,for women and men,3.56,2109,"fruity , sweet , vanilla , almond , balsamic , amber , nutty , powdery , musky ",enormous,[],"['Big Strawberry', 'Vanilla', 'Almond', 'Peru Balsam', 'Musk']",[],"{'very weak': 34, 'weak': 41, 'moderate': 92, 'long lasting': 199, 'eternal': 270}",,"{'female': 48, 'more female': 10, 'unisex': 12, 'more male': 0, 'male': 0}","{'way overpriced': 5, 'overpriced': 18, 'ok': 26, 'good value': 7, 'great value': 5}",,,,,,,,fall,"{'fruity': 100.0, 'sweet': 89.4934, 'vanilla': 72.1846, 'almond': 68.8625, 'balsamic': 67.7024, 'amber': 55.0998, 'nutty': 53.3175, 'powdery': 52.9379, 'musky': 50.565}"
Un Jardin Apres la Mousson,Hermès,https://fimgs.net/mdimg/perfume/375x500.2736.jpg,for women and men,3.98,3208,"warm spicy , aromatic , fresh spicy , fresh ",moderate,[],"['Ginger', 'Ginger flower', 'Cardamom', 'Pepper', 'Coriander', 'Water Notes', 'Citruses', 'Vetiver', 'Floral Notes']",[],"{'very weak': 55, 'weak': 135, 'moderate': 292, 'long lasting': 152, 'eternal': 60}",,"{'female': 4, 'more female': 3, 'unisex': 41, 'more male': 6, 'male': 1}","{'way overpriced': 2, 'overpriced': 11, 'ok': 23, 'good value': 9, 'great value': 1}",,,,,,,,summer,"{'warm spicy': 100.0, 'aromatic': 65.5312, 'fresh spicy': 57.135, 'fresh': 49.8276}"
Citizen Queen,Juliette Has A Gun,https://fimgs.net/mdimg/perfume/375x500.3227.jpg,for women,4.08,2021,"powdery , amber , iris , leather , musky , rose , aldehydic , animalic , violet ",strong,"['Leather', 'Aldehydes', 'Bergamot']","['iris', 'Rose', 'Immortelle', 'Tuberose', 'Orange Blossom']","['Powdery Notes', 'Musk', 'Labdanum', 'French labdanum', 'resins', 'Vanilla', 'Ambroxan']","{'very weak': 33, 'weak': 43, 'moderate': 119, 'long lasting': 211, 'eternal': 199}",,"{'female': 32, 'more female': 13, 'unisex': 7, 'more male': 0, 'male': 0}","{'way overpriced': 2, 'overpriced': 14, 'ok': 21, 'good value': 6, 'great value': 3}",,,,,,,,fall,"{'powdery': 100.0, 'amber': 73.8834, 'iris': 62.7221, 'leather': 58.1418, 'musky': 56.7319, 'rose': 51.1084, 'aldehydic': 50.7009, 'animalic': 49.6801, 'violet': 46.361}"
The Beat,Burberry,https://fimgs.net/mdimg/perfume/375x500.2092.jpg,for women,3.94,3983,"citrus , green , musky , woody , powdery , aromatic , iris , soft spicy , warm spicy , fresh spicy ",moderate,"['Pink Pepper', 'Mandarin Orange', 'Cardamom', 'Bergamot']","['Tea', 'iris', 'Bellflower']","['White Musk', 'Vetiver', 'Cedar']","{'very weak': 45, 'weak': 99, 'moderate': 377, 'long lasting': 275, 'eternal': 76}",,"{'female': 39, 'more female': 7, 'unisex': 5, 'more male': 0, 'male': 1}","{'way overpriced': 2, 'overpriced': 2, 'ok': 12, 'good value': 18, 'great value': 8}",,,,,,,,spring,"{'citrus': 100.0, 'green': 76.9189, 'musky': 76.2126, 'woody': 74.2639, 'powdery': 74.1693, 'aromatic': 71.1045, 'iris': 64.2433, 'soft spicy': 61.8248, 'warm spicy': 60.8378, 'fresh spicy': 60.2198}"
Lalique White,Lalique,https://fimgs.net/mdimg/perfume/375x500.3785.jpg,for men,4.13,2136,"fresh spicy , citrus , aromatic , warm spicy , woody , powdery , green ",moderate,"['Lemon Leaf', 'Bergamot', 'Tamarind', 'elemi']","['White Pepper', 'Nutmeg', 'Cardamom', 'Violet']","['Cedar', 'Musk', 'Oakmoss', 'Amber']","{'very weak': 77, 'weak': 165, 'moderate': 510, 'long lasting': 197, 'eternal': 61}",,"{'female': 0, 'more female': 1, 'unisex': 22, 'more male': 33, 'male': 28}","{'way overpriced': 2, 'overpriced': 6, 'ok': 12, 'good value': 32, 'great value': 27}",,,,,,,,summer,"{'fresh spicy': 100.0, 'citrus': 71.9817, 'aromatic': 71.4552, 'warm spicy': 65.9429, 'woody': 60.753, 'powdery': 54.0936, 'green': 46.6605}"
Dark Amber & Ginger Lily,Jo Malone London,https://fimgs.net/mdimg/perfume/375x500.3783.jpg,for women,4.2,1396,"warm spicy , amber , woody , floral , fresh , animalic , aromatic , balsamic , powdery ",moderate,"['Ginger', 'Black Cardamom', 'Pink Pepper']","['Water Lily', 'Orchid', 'Jasmine', 'Rose']","['Sandalwood', 'Black Amber', 'Kyara Incense (olibanum)', 'Patchouli', 'Leather']","{'very weak': 37, 'weak': 49, 'moderate': 170, 'long lasting': 86, 'eternal': 39}",,"{'female': 5, 'more female': 10, 'unisex': 30, 'more male': 2, 'male': 0}","{'way overpriced': 8, 'overpriced': 11, 'ok': 20, 'good value': 0, 'great value': 0}",,,,,,,,fall,"{'warm spicy': 100.0, 'amber': 66.5691, 'woody': 64.0966, 'floral': 55.7799, 'fresh': 47.1391, 'animalic': 46.9316, 'aromatic': 46.8754, 'balsamic': 46.4258, 'powdery': 46.3739}"
John Galliano,John Galliano,https://fimgs.net/mdimg/perfume/375x500.4056.jpg,for women,4.11,3139,"amber , powdery , violet , woody , smoky , musky , floral , fresh , iris , rose ",strong,"['Aldehydes', 'Angelica', 'Bergamot']","['Violet', 'iris', 'Rose', 'Lavender', 'Peony']","['Incense', 'Amber', 'Patchouli', 'Musk', 'Virginia Cedar']","{'very weak': 36, 'weak': 52, 'moderate': 143, 'long lasting': 316, 'eternal': 296}",,"{'female': 24, 'more female': 11, 'unisex': 15, 'more male': 0, 'male': 0}","{'way overpriced': 1, 'overpriced': 1, 'ok': 9, 'good value': 10, 'great value': 19}",,,,,,,,fall,"{'amber': 100.0, 'powdery': 91.7452, 'violet': 74.1772, 'woody': 64.8402, 'smoky': 63.8303, 'musky': 62.6744, 'floral': 61.8979, 'fresh': 60.4183, 'iris': 57.7288, 'rose': 57.6594}"
Acqua di parma Blue Mediterraneo - Mirto di Panarea,Acqua di Parma,https://fimgs.net/mdimg/perfume/375x500.3108.jpg,for women and men,4.16,1263,"aromatic , fresh spicy , citrus , herbal , woody , marine ",moderate,"['Myrtle', 'Lemon', 'Bergamot', 'Basil']","['Sea Notes', 'Jasmine', 'Rose']","['Juniper', 'Cedar', 'Mastic or Lentisque', 'Amber']","{'very weak': 42, 'weak': 69, 'moderate': 203, 'long lasting': 56, 'eternal': 25}",,"{'female': 1, 'more female': 5, 'unisex': 34, 'more male': 10, 'male': 4}","{'way overpriced': 5, 'overpriced': 9, 'ok': 15, 'good value': 12, 'great value': 2}",,,,,,,,summer,"{'aromatic': 100.0, 'fresh spicy': 79.5341, 'citrus': 70.1594, 'herbal': 57.4441, 'woody': 50.8686, 'marine': 46.5708}"
Cuba Jungle Tiger,Cuba Paris,https://fimgs.net/mdimg/perfume/375x500.9081.jpg,for women,3.93,148,"floral , woody , citrus , violet , powdery , earthy , iris , green , musky , fresh spicy ",moderate,"['Magnolia', 'iris', 'Green Mandarin']","['Violet', 'Hyacinth']","['Cashmere Wood', 'Vetiver']","{'very weak': 4, 'weak': 17, 'moderate': 25, 'long lasting': 16, 'eternal': 4}",,"{'female': 5, 'more female': 1, 'unisex': 3, 'more male': 0, 'male': 1}","{'way overpriced': 0, 'overpriced': 0, 'ok': 0, 'good value': 1, 'great value': 8}",,,,,,,,fall,"{'floral': 100.0, 'woody': 88.075, 'citrus': 77.0111, 'violet': 71.3284, 'powdery': 66.2485, 'earthy': 59.2743, 'iris': 59.2743, 'green': 54.7971, 'musky': 51.0947, 'fresh spicy': 48.2534}"
Musc Noir For Her,Narciso Rodriguez,https://fimgs.net/mdimg/perfume/375x500.64730.jpg,for women,3.91,108,"musky , powdery , fruity , sweet , vanilla , almond , leather ",intimate,['Plum'],"['Musk', 'Heliotrope']",['Suede'],"{'very weak': 5, 'weak': 6, 'moderate': 14, 'long lasting': 18, 'eternal': 2}",,"{'female': 38, 'more female': 9, 'unisex': 6, 'more male': 0, 'male': 3}","{'way overpriced': 3, 'overpriced': 7, 'ok': 22, 'good value': 5, 'great value': 2}",,,,,,,,fall,"{'musky': 100.0, 'powdery': 98.4806, 'fruity': 77.7519, 'sweet': 59.5194, 'vanilla': 58.1085, 'almond': 50.0775, 'leather': 48.9923}"
Molecule 04,Escentric Molecules,https://fimgs.net/mdimg/perfume/375x500.44315.jpg,for women and men,3.52,651,"woody , powdery , warm spicy ",enormous,[],['Sandalwood'],[],"{'very weak': 37, 'weak': 15, 'moderate': 28, 'long lasting': 46, 'eternal': 127}",,"{'female': 2, 'more female': 3, 'unisex': 39, 'more male': 2, 'male': 0}","{'way overpriced': 7, 'overpriced': 15, 'ok': 11, 'good value': 5, 'great value': 1}",,,,,,,,spring,"{'woody': 100.0, 'powdery': 65.0, 'warm spicy': 58.0}"
Laguna,Salvador Dali,https://fimgs.net/mdimg/perfume/375x500.768.jpg,for women,3.75,4967,"sweet , fruity , citrus , vanilla , woody , powdery , coconut , aromatic , tropical , balsamic ",moderate,"['Pineapple', 'Moroccan Lemon', 'Grapefruit', 'Peach', 'Galbanum Leaf', 'Plum', 'Mandarin Orange', 'Raspberry']","['Italian Iris', 'Brazilian Rosewood', 'Jasmine', 'Lily-of-the-Valley', 'Egyptian Rose']","['Coconut', 'Vanilla', 'Madagascar Sandalwood', 'Tonka Bean', 'Patchouli', 'Musk', 'Amber', 'Cedar']","{'very weak': 76, 'weak': 161, 'moderate': 550, 'long lasting': 240, 'eternal': 94}",,"{'female': 39, 'more female': 21, 'unisex': 31, 'more male': 1, 'male': 0}","{'way overpriced': 2, 'overpriced': 1, 'ok': 15, 'good value': 29, 'great value': 38}",,,,,,,,summer,"{'sweet': 100.0, 'fruity': 86.3593, 'citrus': 85.5506, 'vanilla': 81.6802, 'woody': 77.1609, 'powdery': 68.7595, 'coconut': 62.6476, 'aromatic': 55.7189, 'tropical': 55.6904, 'balsamic': 52.0906}"
White Suede,Tom Ford,https://fimgs.net/mdimg/perfume/375x500.6386.jpg,for women,4.23,2381,"musky , powdery , leather , warm spicy , amber , white floral , woody , fresh , aromatic , green ",moderate,"['Thyme', 'Tea']","['Lily-of-the-Valley', 'Saffron', 'Rose']","['Suede', 'Musk', 'Sandalwood', 'Amber', 'Olibanum']","{'very weak': 49, 'weak': 90, 'moderate': 254, 'long lasting': 148, 'eternal': 88}",,"{'female': 27, 'more female': 22, 'unisex': 52, 'more male': 3, 'male': 3}","{'way overpriced': 18, 'overpriced': 28, 'ok': 30, 'good value': 2, 'great value': 3}",,,,,,,,fall and spring,"{'musky': 100.0, 'powdery': 79.2655, 'leather': 72.7205, 'warm spicy': 58.0253, 'amber': 57.1783, 'white floral': 56.6727, 'woody': 52.0966, 'fresh': 49.4926, 'aromatic': 48.9395, 'green': 47.647}"
White Linen,Estée Lauder,https://fimgs.net/mdimg/perfume/375x500.542.jpg,for women,3.73,2715,"floral , fresh , woody , aldehydic , earthy , powdery , white floral , green , aromatic , iris ",moderate,"['Aldehydes', 'Lemon', 'Peach']","['Hyacinth', 'Carnation', 'Lily-of-the-Valley', 'Rose', 'Lilac', 'Jasmine', 'iris', 'Orris', 'Violet', 'Ylang-Ylang', 'Orchid']","['Oakmoss', 'Vetiver', 'Cedar', 'Sandalwood', 'Benzoin', 'Honey', 'Amber', 'Tonka Bean']","{'very weak': 21, 'weak': 28, 'moderate': 135, 'long lasting': 227, 'eternal': 113}",,"{'female': 20, 'more female': 12, 'unisex': 17, 'more male': 0, 'male': 0}","{'way overpriced': 2, 'overpriced': 5, 'ok': 18, 'good value': 7, 'great value': 5}",,,,,,,,spring,"{'floral': 100.0, 'fresh': 84.047, 'woody': 82.9914, 'aldehydic': 80.7593, 'earthy': 70.6546, 'powdery': 65.1376, 'white floral': 60.7717, 'green': 60.4348, 'aromatic': 56.1447, 'iris': 54.9318}"
Champai,Holistick,https://fimgs.net/mdimg/perfume/375x500.64632.jpg,for women and men,5,2,"floral , patchouli , woody , warm spicy , earthy , sweet , balsamic ",strong,[],"['Champaca', 'Patchouli']",[],"{'very weak': 0, 'weak': 0, 'moderate': 0, 'long lasting': 0, 'eternal': 1}",,"{'female': 0, 'more female': 0, 'unisex': 1, 'more male': 0, 'male': 0}","{'way overpriced': 0, 'overpriced': 0, 'ok': 0, 'good value': 0, 'great value': 1}",,,,,,,,winter and summer,"{'floral': 100.0, 'patchouli': 100.0, 'woody': 72.0, 'warm spicy': 65.0, 'earthy': 58.0, 'sweet': 58.0, 'balsamic': 51.0}"
Bare Vanilla,Victoria's Secret,https://fimgs.net/mdimg/perfume/375x500.56836.jpg,for women,4.42,198,"vanilla , powdery , woody , musky , sweet ",moderate,[],"['Vanilla', 'Cashmeran']",[],"{'very weak': 12, 'weak': 21, 'moderate': 46, 'long lasting': 14, 'eternal': 13}",,"{'female': 42, 'more female': 4, 'unisex': 3, 'more male': 0, 'male': 0}","{'way overpriced': 1, 'overpriced': 4, 'ok': 3, 'good value': 21, 'great value': 15}",,,,,,,,fall,"{'vanilla': 100.0, 'powdery': 70.6709, 'woody': 56.2279, 'musky': 52.9494, 'sweet': 44.0}"
La Nuit de l'Homme,Yves Saint Laurent,https://fimgs.net/mdimg/perfume/375x500.5521.jpg,for men,4.44,12256,"aromatic , warm spicy , lavender , fresh spicy , woody , citrus ",moderate,['Cardamom'],"['Lavender', 'Virginia Cedar', 'Bergamot']","['Vetiver', 'Caraway']","{'very weak': 355, 'weak': 516, 'moderate': 2023, 'long lasting': 1844, 'eternal': 306}",,"{'female': 7, 'more female': 4, 'unisex': 63, 'more male': 249, 'male': 310}","{'way overpriced': 45, 'overpriced': 112, 'ok': 304, 'good value': 101, 'great value': 14}",,,,,,,,fall,"{'aromatic': 100.0, 'warm spicy': 86.2226, 'lavender': 68.603, 'fresh spicy': 63.5614, 'woody': 63.419200000000004, 'citrus': 49.2615}"
D&G Anthology L'Imperatrice 3,Dolce&Gabbana,https://fimgs.net/mdimg/perfume/375x500.6086.jpg,for women,3.8,12420,"fruity , ozonic , aquatic , green , sweet , fresh , tropical , aromatic , musky ",moderate,"['Kiwi', 'Rhuburb', 'Pink Pepper']","['Watermelon', 'Cyclamen', 'Jasmine']","['Lemon Tree', 'Musk', 'Sandalwood']","{'very weak': 326, 'weak': 686, 'moderate': 1553, 'long lasting': 550, 'eternal': 194}",,"{'female': 283, 'more female': 28, 'unisex': 15, 'more male': 0, 'male': 1}","{'way overpriced': 7, 'overpriced': 29, 'ok': 113, 'good value': 116, 'great value': 41}",,,,,,,,spring and summer,"{'fruity': 100.0, 'ozonic': 88.7274, 'aquatic': 85.7107, 'green': 52.0946, 'sweet': 51.0796, 'fresh': 49.8669, 'tropical': 49.859, 'aromatic': 46.1652, 'musky': 44.0917}"
Bal d'Afrique,Byredo,https://fimgs.net/mdimg/perfume/375x500.6458.jpg,for women and men,4.16,5054,"aromatic , citrus , woody , floral , fruity , fresh spicy , white floral , powdery , sweet , earthy ",moderate,"['Amalfi Lemon', 'Tagetes', 'Black Currant', 'Bergamot', 'African Orange flower']","['Violet', 'Cyclamen', 'Jasmine']","['Vetiver', 'Amber', 'Musk', 'Virginia Cedar']","{'very weak': 156, 'weak': 273, 'moderate': 676, 'long lasting': 357, 'eternal': 138}",,"{'female': 80, 'more female': 84, 'unisex': 152, 'more male': 15, 'male': 2}","{'way overpriced': 97, 'overpriced': 97, 'ok': 62, 'good value': 8, 'great value': 7}",,,,,,,,spring,"{'aromatic': 100.0, 'citrus': 94.76, 'woody': 81.1391, 'floral': 66.7281, 'fruity': 60.8038, 'fresh spicy': 59.9176, 'white floral': 59.9099, 'powdery': 58.8489, 'sweet': 52.8826, 'earthy': 50.8062}"
A*Men Pure Malt,Mugler,https://fimgs.net/mdimg/perfume/375x500.6103.jpg,for men,4.46,5513,"fruity , woody , whiskey , warm spicy , sweet , amber , earthy ",moderate,"['Fruity Notes', 'Orange', 'Bergamot']","['Malt', 'Whiskey', 'Patchouli', 'Coffee', 'Cedar']","['Peat', 'Vanilla', 'Amber', 'Musk']","{'very weak': 106, 'weak': 134, 'moderate': 585, 'long lasting': 1214, 'eternal': 310}",,"{'female': 1, 'more female': 1, 'unisex': 20, 'more male': 72, 'male': 105}","{'way overpriced': 2, 'overpriced': 12, 'ok': 91, 'good value': 66, 'great value': 12}",,,,,,,,fall,"{'fruity': 100.0, 'woody': 90.3369, 'whiskey': 82.1251, 'warm spicy': 76.8231, 'sweet': 68.5363, 'amber': 65.0726, 'earthy': 52.3303}"
Back to Black,By Kilian,https://fimgs.net/mdimg/perfume/375x500.6457.jpg,for women and men,4.13,4216,"sweet , honey , tobacco , fruity , amber , cherry , warm spicy , vanilla , floral ",strong,[],"['white honey', 'Tobacco', 'Cherry', 'Vanilla', 'Raspberry', 'Almond', 'Gingerbread', 'Amber', 'Tonka Bean', 'Nutmeg', 'Chamomile', 'Benzoin', 'Saffron', 'Cardamom', 'Patchouli', 'French labdanum', 'Olibanum', 'Oak', 'Virginia Cedar', 'Coriander', 'Geranium', 'Bergamot']",[],"{'very weak': 78, 'weak': 84, 'moderate': 224, 'long lasting': 419, 'eternal': 632}",,"{'female': 10, 'more female': 21, 'unisex': 98, 'more male': 35, 'male': 14}","{'way overpriced': 28, 'overpriced': 43, 'ok': 48, 'good value': 23, 'great value': 5}",,,,,,,,winter,"{'sweet': 100.0, 'honey': 71.1048, 'tobacco': 58.4097, 'fruity': 54.7064, 'amber': 54.5811, 'cherry': 51.8576, 'warm spicy': 49.8258, 'vanilla': 49.7676, 'floral': 47.956}"
Grey Vetiver,Tom Ford,https://fimgs.net/mdimg/perfume/375x500.6697.jpg,for men,4.31,4675,"woody , aromatic , citrus , earthy , fresh spicy ",moderate,"['Grapefruit', 'Orange Blossom', 'Sage']","['Nutmeg', 'Orris Root', 'Pimento']","['Vetiver', 'Woodsy Notes', 'Oakmoss', 'Amber']","{'very weak': 88, 'weak': 142, 'moderate': 506, 'long lasting': 825, 'eternal': 191}",,"{'female': 0, 'more female': 0, 'unisex': 25, 'more male': 66, 'male': 99}","{'way overpriced': 12, 'overpriced': 44, 'ok': 83, 'good value': 18, 'great value': 6}",,,,,,,,spring,"{'woody': 100.0, 'aromatic': 81.0293, 'citrus': 76.5233, 'earthy': 74.6443, 'fresh spicy': 49.2236}"
F by Ferragamo Black,Salvatore Ferragamo,https://fimgs.net/mdimg/perfume/375x500.5002.jpg,for men,4.08,2684,"fresh spicy , aromatic , lavender , amber , vanilla , warm spicy , sweet , herbal , fruity ",moderate,"['Lavender', 'Apple']","['Black Pepper', 'Coriander']","['Tonka Bean', 'Labdanum']","{'very weak': 70, 'weak': 91, 'moderate': 456, 'long lasting': 767, 'eternal': 96}",,"{'female': 3, 'more female': 0, 'unisex': 10, 'more male': 41, 'male': 174}","{'way overpriced': 1, 'overpriced': 4, 'ok': 11, 'good value': 58, 'great value': 146}",,,,,,,,fall,"{'fresh spicy': 100.0, 'aromatic': 91.0202, 'lavender': 90.2208, 'amber': 70.9973, 'vanilla': 63.308, 'warm spicy': 59.0065, 'sweet': 54.8763, 'herbal': 48.7134, 'fruity': 47.1146}"
Terre d'Hermes Parfum,Hermès,https://fimgs.net/mdimg/perfume/375x500.8282.jpg,for men,4.4,3901,"citrus , woody , mossy , amber , earthy , fresh spicy ",moderate,"['Orange', 'Grapefruit']",['Flint'],"['Woodsy Notes', 'oak moss', 'Benzoin']","{'very weak': 78, 'weak': 103, 'moderate': 413, 'long lasting': 847, 'eternal': 327}",,"{'female': 0, 'more female': 1, 'unisex': 19, 'more male': 47, 'male': 142}","{'way overpriced': 1, 'overpriced': 42, 'ok': 103, 'good value': 29, 'great value': 6}",,,,,,,,fall,"{'citrus': 100.0, 'woody': 76.4627, 'mossy': 56.1605, 'amber': 50.6851, 'earthy': 48.3124, 'fresh spicy': 46.8022}"
Versense,Versace,https://fimgs.net/mdimg/perfume/375x500.5752.jpg,for women,3.99,7582,"citrus , woody , fresh spicy , aromatic , white floral , powdery ",moderate,"['Bergamot', 'Citruses', 'Green Mandarin', 'Fig', 'Pear']","['Cardamom', 'Lily', 'Jasmine', 'Narcissus']","['Virginia Cedar', 'Olive Tree', 'Musk', 'Sandalwood']","{'very weak': 169, 'weak': 269, 'moderate': 862, 'long lasting': 411, 'eternal': 169}",,"{'female': 55, 'more female': 33, 'unisex': 42, 'more male': 0, 'male': 0}","{'way overpriced': 4, 'overpriced': 18, 'ok': 52, 'good value': 27, 'great value': 6}",,,,,,,,summer,"{'citrus': 100.0, 'woody': 66.0306, 'fresh spicy': 49.9942, 'aromatic': 49.1232, 'white floral': 45.8112, 'powdery': 44.6099}"
Collection Extraordinaire Orchidee Vanille,Van Cleef & Arpels,https://fimgs.net/mdimg/perfume/375x500.6463.jpg,for women,4.32,2547,"vanilla , sweet , powdery , floral , chocolate , warm spicy , almond , fruity ",moderate,[],"['Vanilla', 'Dark Chocolate', 'Vanilla orchid', 'Tonka Bean', 'Bitter Almond', 'Mandarin Orange', 'Violet', 'White Musk', 'Litchi', 'Cedar', 'Bulgarian Rose']",[],"{'very weak': 69, 'weak': 96, 'moderate': 217, 'long lasting': 260, 'eternal': 112}",,"{'female': 77, 'more female': 23, 'unisex': 31, 'more male': 0, 'male': 0}","{'way overpriced': 16, 'overpriced': 30, 'ok': 53, 'good value': 15, 'great value': 1}",,,,,,,,fall,"{'vanilla': 100.0, 'sweet': 84.5509, 'powdery': 69.116, 'floral': 58.6226, 'chocolate': 57.7426, 'warm spicy': 51.6728, 'almond': 50.0122, 'fruity': 49.118}"
Opium Eau de Parfum 2009,Yves Saint Laurent,https://fimgs.net/mdimg/perfume/375x500.7399.jpg,for women,3.95,5279,"amber , warm spicy , balsamic , floral , sweet , citrus , aromatic , white floral ",strong,"['Mandarin Orange', 'Bergamot', 'Lily-of-the-Valley']","['Myrhh', 'Jasmine']","['Opoponax', 'Amber', 'Patchouli', 'Vanille']","{'very weak': 51, 'weak': 38, 'moderate': 174, 'long lasting': 437, 'eternal': 691}",,"{'female': 43, 'more female': 26, 'unisex': 71, 'more male': 1, 'male': 4}","{'way overpriced': 5, 'overpriced': 17, 'ok': 79, 'good value': 16, 'great value': 6}",,,,,,,,winter,"{'amber': 100.0, 'warm spicy': 69.1816, 'balsamic': 61.8524, 'floral': 55.2226, 'sweet': 55.1808, 'citrus': 48.6305, 'aromatic': 47.4829, 'white floral': 46.9849}"
Feminité du Bois,Serge Lutens,https://fimgs.net/mdimg/perfume/375x500.5749.jpg,for women and men,4.13,3783,"warm spicy , woody , fruity , powdery , sweet , cinnamon ",moderate,"['Virginia Cedar', 'Plum', 'Cinnamon', 'Peach']","['Clove', 'Ginger', 'Ylang-Ylang', 'Violet', 'Rose', 'African Orange flower']","['Sandalwood', 'Benzoin', 'Musk', 'Vanilla']","{'very weak': 66, 'weak': 114, 'moderate': 359, 'long lasting': 163, 'eternal': 68}",,"{'female': 19, 'more female': 40, 'unisex': 45, 'more male': 3, 'male': 0}","{'way overpriced': 4, 'overpriced': 15, 'ok': 48, 'good value': 13, 'great value': 0}",,,,,,,,fall,"{'warm spicy': 100.0, 'woody': 88.9417, 'fruity': 77.1793, 'powdery': 63.5147, 'sweet': 61.3592, 'cinnamon': 59.6144}"
Roses Musk,Montale,https://fimgs.net/mdimg/perfume/375x500.1148.jpg,for women,3.86,2542,"rose , musky , powdery , floral , white floral ",strong,[],"['Rose', 'Musk', 'Jasmine']",[],"{'very weak': 39, 'weak': 47, 'moderate': 149, 'long lasting': 257, 'eternal': 283}",,"{'female': 91, 'more female': 25, 'unisex': 6, 'more male': 0, 'male': 3}","{'way overpriced': 5, 'overpriced': 20, 'ok': 52, 'good value': 21, 'great value': 8}",,,,,,,,spring,"{'rose': 100.0, 'musky': 90.8051, 'powdery': 60.4025, 'floral': 54.2034, 'white floral': 46.0169}"
Fille en Aiguilles,Serge Lutens,https://fimgs.net/mdimg/perfume/375x500.6619.jpg,for women and men,4.32,3768,"woody , aromatic , conifer , amber , balsamic , smoky , fresh spicy , warm spicy , fruity , green ",moderate,[],"['Pine', 'Incense', 'Dried Fruits', 'Balsam Fir', 'Spices', 'Bay Leaf', 'Vetiver']",[],"{'very weak': 68, 'weak': 94, 'moderate': 411, 'long lasting': 302, 'eternal': 131}",,"{'female': 3, 'more female': 1, 'unisex': 58, 'more male': 15, 'male': 5}","{'way overpriced': 9, 'overpriced': 31, 'ok': 17, 'good value': 10, 'great value': 3}",,,,,,,,fall and winter,"{'woody': 100.0, 'aromatic': 79.7865, 'conifer': 60.4589, 'amber': 60.3026, 'balsamic': 58.5837, 'smoky': 56.9357, 'fresh spicy': 56.8058, 'warm spicy': 54.1371, 'fruity': 49.6078, 'green': 44.9015}"
Blanche,Byredo,https://fimgs.net/mdimg/perfume/375x500.6686.jpg,for women,3.79,2159,"fresh , aldehydic , floral , musky , powdery , rose , woody , violet , soapy , white floral ",moderate,"['Aldehydes', 'Rose', 'Pink Pepper']","['Peony', 'Violet', 'African Orange flower']","['Musk', 'Woodsy Notes', 'Sandalwood']","{'very weak': 37, 'weak': 83, 'moderate': 212, 'long lasting': 139, 'eternal': 68}",,"{'female': 34, 'more female': 38, 'unisex': 32, 'more male': 2, 'male': 2}","{'way overpriced': 30, 'overpriced': 35, 'ok': 19, 'good value': 2, 'great value': 0}",,,,,,,,spring,"{'fresh': 100.0, 'aldehydic': 90.0266, 'floral': 78.8594, 'musky': 77.0477, 'powdery': 76.1248, 'rose': 66.0583, 'woody': 59.1963, 'violet': 57.0078, 'soapy': 53.3418, 'white floral': 51.3353}"
Aventus,Creed,https://fimgs.net/mdimg/perfume/375x500.9828.jpg,for men,4.42,10486,"fruity , sweet , leather , woody , smoky , tropical , fresh , musky , citrus ",moderate,"['Pineapple', 'Black Currant', 'Bergamot', 'Apple']","['Birch', 'Patchouli', 'Moroccan Jasmine', 'Rose']","['Musk', 'oak moss', 'Ambergris', 'Vanille']","{'very weak': 305, 'weak': 366, 'moderate': 1209, 'long lasting': 2302, 'eternal': 917}",,"{'female': 13, 'more female': 3, 'unisex': 78, 'more male': 176, 'male': 604}","{'way overpriced': 575, 'overpriced': 163, 'ok': 111, 'good value': 27, 'great value': 50}",,,,,,,,spring,"{'fruity': 100.0, 'sweet': 69.786, 'leather': 64.7389, 'woody': 59.7261, 'smoky': 57.7912, 'tropical': 52.1315, 'fresh': 51.1291, 'musky': 49.7608, 'citrus': 47.3311}"
Bleu de Chanel,Chanel,https://fimgs.net/mdimg/perfume/375x500.9099.jpg,for men,4.13,11459,"citrus , warm spicy , woody , aromatic , amber , fresh spicy , smoky , balsamic , green , fresh ",moderate,"['Grapefruit', 'Lemon', 'Mint', 'Pink Pepper']","['Ginger', 'Nutmeg', 'Jasmine', 'Iso E Super']","['Incense', 'Vetiver', 'Cedar', 'Sandalwood', 'Patchouli', 'Labdanum', 'White Musk']","{'very weak': 204, 'weak': 296, 'moderate': 1459, 'long lasting': 1988, 'eternal': 459}",,"{'female': 3, 'more female': 3, 'unisex': 36, 'more male': 90, 'male': 346}","{'way overpriced': 86, 'overpriced': 139, 'ok': 173, 'good value': 42, 'great value': 13}",,,,,,,,spring,"{'citrus': 100.0, 'warm spicy': 77.223, 'woody': 76.6654, 'aromatic': 69.7175, 'amber': 66.7609, 'fresh spicy': 60.7999, 'smoky': 54.5111, 'balsamic': 51.1042, 'green': 49.4909, 'fresh': 44.9343}"
Chance Eau Tendre,Chanel,https://fimgs.net/mdimg/perfume/375x500.8069.jpg,for women,4.11,12386,"floral , fruity , citrus , sweet , fresh spicy , powdery , white floral , musky , green , iris ",moderate,"['Quince', 'Grapefruit']","['Hyacinth', 'Jasmine']","['Musk', 'iris', 'Virginia Cedar', 'Amber']","{'very weak': 272, 'weak': 507, 'moderate': 1393, 'long lasting': 801, 'eternal': 380}",,"{'female': 254, 'more female': 26, 'unisex': 12, 'more male': 2, 'male': 1}","{'way overpriced': 28, 'overpriced': 97, 'ok': 117, 'good value': 22, 'great value': 4}",,,,,,,,spring,"{'floral': 100.0, 'fruity': 84.5, 'citrus': 79.9621, 'sweet': 73.9627, 'fresh spicy': 70.087, 'powdery': 67.3822, 'white floral': 62.6654, 'musky': 60.877, 'green': 59.2814, 'iris': 57.5239}"
Portrait of a Lady,Frederic Malle,https://fimgs.net/mdimg/perfume/375x500.10464.jpg,for women,4.19,3819,"warm spicy , amber , rose , woody , patchouli , balsamic , fruity , smoky , floral , powdery ",strong,"['Rose', 'Clove', 'Raspberry', 'Black Currant', 'Cinnamon']","['Patchouli', 'Incense', 'Sandalwood']","['Musk', 'Benzoin', 'Amber']","{'very weak': 88, 'weak': 71, 'moderate': 137, 'long lasting': 384, 'eternal': 725}",,"{'female': 74, 'more female': 68, 'unisex': 148, 'more male': 14, 'male': 4}","{'way overpriced': 83, 'overpriced': 84, 'ok': 64, 'good value': 24, 'great value': 7}",,,,,,,,fall,"{'warm spicy': 100.0, 'amber': 83.4614, 'rose': 79.9805, 'woody': 74.4484, 'patchouli': 65.5692, 'balsamic': 63.4051, 'fruity': 61.6608, 'smoky': 57.6789, 'floral': 47.7295, 'powdery': 45.3569}"
Acqua di Gioia,Giorgio Armani,https://fimgs.net/mdimg/perfume/375x500.8442.jpg,for women,3.84,10680,"aromatic , citrus , green , sweet , fresh , floral , white floral , fresh spicy , woody , vanilla ",moderate,"['Amalfi Lemon', 'Mint']","['Jasmine', 'Peony', 'Pink Pepper']","['Virginia Cedar', 'French labdanum', 'Brown sugar']","{'very weak': 153, 'weak': 285, 'moderate': 1077, 'long lasting': 659, 'eternal': 249}",,"{'female': 94, 'more female': 48, 'unisex': 23, 'more male': 0, 'male': 0}","{'way overpriced': 2, 'overpriced': 29, 'ok': 85, 'good value': 16, 'great value': 4}",,,,,,,,summer,"{'aromatic': 100.0, 'citrus': 99.1426, 'green': 97.0689, 'sweet': 92.953, 'fresh': 71.7132, 'floral': 67.424, 'white floral': 64.2425, 'fresh spicy': 63.5345, 'woody': 56.8073, 'vanilla': 52.2956}"
Gucci Guilty,Gucci,https://fimgs.net/mdimg/perfume/375x500.9677.jpg,for women,3.9,7668,"floral , soft spicy , fruity , sweet , patchouli , fresh , citrus , amber , fresh spicy , warm spicy ",moderate,"['Pink Pepper', 'Mandarin Orange', 'Bergamot']","['Lilac', 'Peach', 'Geranium', 'Jasmine', 'Black Currant']","['Patchouli', 'Amber', 'White Musk', 'Vanilla']","{'very weak': 167, 'weak': 269, 'moderate': 810, 'long lasting': 332, 'eternal': 135}",,"{'female': 107, 'more female': 21, 'unisex': 6, 'more male': 2, 'male': 0}","{'way overpriced': 6, 'overpriced': 18, 'ok': 68, 'good value': 22, 'great value': 6}",,,,,,,,fall,"{'floral': 100.0, 'soft spicy': 88.9186, 'fruity': 75.5306, 'sweet': 70.8513, 'patchouli': 66.9794, 'fresh': 64.031, 'citrus': 61.7203, 'amber': 61.7203, 'fresh spicy': 60.7927, 'warm spicy': 55.5295}"
Lady Million,Paco Rabanne,https://fimgs.net/mdimg/perfume/375x500.9045.jpg,for women,3.61,10049,"white floral , sweet , honey , citrus , fruity , floral , patchouli , animalic , amber ",moderate,"['Raspberry', 'Neroli', 'Amalfi Lemon']","['Jasmine', 'African Orange flower', 'Gardenia']","['white honey', 'Patchouli', 'Amber']","{'very weak': 84, 'weak': 180, 'moderate': 758, 'long lasting': 922, 'eternal': 435}",,"{'female': 150, 'more female': 14, 'unisex': 5, 'more male': 0, 'male': 2}","{'way overpriced': 7, 'overpriced': 34, 'ok': 73, 'good value': 19, 'great value': 4}",,,,,,,,fall,"{'white floral': 100.0, 'sweet': 79.9642, 'honey': 75.3148, 'citrus': 61.5617, 'fruity': 60.7137, 'floral': 52.2702, 'patchouli': 49.0809, 'animalic': 45.8279, 'amber': 44.8775}"
Not A Perfume,Juliette Has A Gun,https://fimgs.net/mdimg/perfume/375x500.10296.jpg,for women,3.8,3512,"amber , musky ",intimate,[],"['Ambroxan', 'Cetalox']",[],"{'very weak': 183, 'weak': 148, 'moderate': 279, 'long lasting': 234, 'eternal': 225}",,"{'female': 38, 'more female': 31, 'unisex': 116, 'more male': 1, 'male': 1}","{'way overpriced': 32, 'overpriced': 40, 'ok': 67, 'good value': 16, 'great value': 2}",,,,,,,,spring,"{'amber': 100.0, 'musky': 72.0}"
Womanity,Mugler,https://fimgs.net/mdimg/perfume/375x500.8766.jpg,for women,3.6,8844,"woody , fruity , savory , animalic , sweet , nutty , green , marine , fresh , lactonic ",strong,[],"['Fig', 'Caviar', 'Fig Tree', 'Fig Leaf']",[],"{'very weak': 70, 'weak': 87, 'moderate': 357, 'long lasting': 686, 'eternal': 1017}",,"{'female': 86, 'more female': 36, 'unisex': 68, 'more male': 3, 'male': 1}","{'way overpriced': 3, 'overpriced': 18, 'ok': 103, 'good value': 24, 'great value': 10}",,,,,,,,spring,"{'woody': 100.0, 'fruity': 87.1009, 'savory': 84.041, 'animalic': 78.0364, 'sweet': 72.0794, 'nutty': 72.0319, 'green': 70.6048, 'marine': 54.0182, 'fresh': 52.3695, 'lactonic': 46.0732}"
The Dreamer,Versace,https://fimgs.net/mdimg/perfume/375x500.59417.jpg,for men,4.15,659,"white floral , aromatic , iris , amber , powdery , fresh spicy , woody , herbal , violet , soft spicy ",moderate,"['Juniper', 'Tarragon', 'Artemisia']","['iris', 'Lily', 'Flax']","['Tobacco blossom', 'Amber']","{'very weak': 23, 'weak': 43, 'moderate': 176, 'long lasting': 161, 'eternal': 19}",,"{'female': 0, 'more female': 6, 'unisex': 59, 'more male': 102, 'male': 59}","{'way overpriced': 0, 'overpriced': 5, 'ok': 26, 'good value': 78, 'great value': 113}",,,,,,,,spring,"{'white floral': 100.0, 'aromatic': 85.4669, 'iris': 73.155, 'amber': 66.1741, 'powdery': 61.3191, 'fresh spicy': 59.8277, 'woody': 56.718, 'herbal': 56.1786, 'violet': 51.5775, 'soft spicy': 50.7684}"
Reb'l Fleur,Rihanna,https://fimgs.net/mdimg/perfume/375x500.10554.jpg,for women,3.93,3649,"fruity , sweet , vanilla , coconut , powdery , patchouli , musky , woody , lactonic , amber ",strong,"['Peach', 'Plum', 'Red Berries']","['Coconut', 'Tuberose', 'Hibiscus', 'Violet']","['Vanille', 'Patchouli', 'Musk', 'Amber']","{'very weak': 46, 'weak': 74, 'moderate': 338, 'long lasting': 511, 'eternal': 169}",,"{'female': 91, 'more female': 21, 'unisex': 12, 'more male': 1, 'male': 0}","{'way overpriced': 0, 'overpriced': 1, 'ok': 10, 'good value': 44, 'great value': 71}",,,,,,,,fall and winter,"{'fruity': 100.0, 'sweet': 87.9856, 'vanilla': 78.0983, 'coconut': 69.206, 'powdery': 64.2312, 'patchouli': 57.6969, 'musky': 49.1445, 'woody': 47.9187, 'lactonic': 46.9939, 'amber': 45.7198}"
English Pear & Freesia,Jo Malone London,https://fimgs.net/mdimg/perfume/375x500.10314.jpg,for women,3.96,2448,"floral , fruity , sweet , rose , aquatic , musky , fresh , patchouli , green , powdery ",moderate,"['Pear', 'Melon']","['Freesia', 'Rose']","['Musk', 'Patchouli', 'Rhuburb', 'Amber']","{'very weak': 72, 'weak': 132, 'moderate': 288, 'long lasting': 94, 'eternal': 44}",,"{'female': 77, 'more female': 34, 'unisex': 22, 'more male': 1, 'male': 1}","{'way overpriced': 34, 'overpriced': 49, 'ok': 26, 'good value': 7, 'great value': 0}",,,,,,,,spring,"{'floral': 100.0, 'fruity': 92.9101, 'sweet': 72.9499, 'rose': 70.2201, 'aquatic': 66.4034, 'musky': 58.8386, 'fresh': 56.297, 'patchouli': 53.0196, 'green': 52.0996, 'powdery': 45.7286}"
Memoir Woman,Amouage,https://fimgs.net/mdimg/perfume/375x500.10146.jpg,for women,4.23,3355,"warm spicy , amber , smoky , woody , leather , aromatic , musky , balsamic , white floral , fresh spicy ",strong,"['Wormwood', 'Cardamom', 'Pink Pepper', 'Mandarin Orange']","['Incense', 'Clove', 'Woodsy Notes', 'White Flowers', 'Rose', 'Pepper', 'Jasmine']","['Leather', 'French labdanum', 'Castoreum', 'Styrax', 'oak moss', 'Musk']","{'very weak': 53, 'weak': 37, 'moderate': 109, 'long lasting': 370, 'eternal': 398}",,"{'female': 28, 'more female': 27, 'unisex': 62, 'more male': 5, 'male': 0}","{'way overpriced': 14, 'overpriced': 22, 'ok': 42, 'good value': 11, 'great value': 6}",,,,,,,,winter,"{'warm spicy': 100.0, 'amber': 93.9014, 'smoky': 79.7518, 'woody': 70.5427, 'leather': 66.7638, 'aromatic': 57.6671, 'musky': 56.9689, 'balsamic': 56.5751, 'white floral': 56.3402, 'fresh spicy': 53.8253}"
Eau Duelle,Diptyque,https://fimgs.net/mdimg/perfume/375x500.9241.jpg,for women and men,4.27,2330,"aromatic , vanilla , fresh spicy , warm spicy , balsamic , amber , powdery , woody , soft spicy , sweet ",moderate,[],"['Bourbon Vanilla', 'Elemi resin', 'Cardamom', 'Juniper', 'Olibanum', 'Pink Pepper', 'Black Tea', 'Ambergris', 'Bergamot', 'Saffron', 'Musk']",[],"{'very weak': 99, 'weak': 95, 'moderate': 275, 'long lasting': 135, 'eternal': 96}",,"{'female': 14, 'more female': 17, 'unisex': 47, 'more male': 2, 'male': 1}","{'way overpriced': 2, 'overpriced': 10, 'ok': 44, 'good value': 8, 'great value': 0}",,,,,,,,fall,"{'aromatic': 100.0, 'vanilla': 87.3849, 'fresh spicy': 72.0308, 'warm spicy': 70.9512, 'balsamic': 62.7296, 'amber': 61.0591, 'powdery': 52.9407, 'woody': 49.8321, 'soft spicy': 48.1249, 'sweet': 46.1837}"
Essenza di Colonia,Acqua di Parma,https://fimgs.net/mdimg/perfume/375x500.9829.jpg,for men,4.36,1775,"citrus , aromatic , white floral , fresh spicy , woody , green ",moderate,[],"['Neroli', 'Bergamot', 'Grapefruit', 'Jasmine', 'Petitgrain', 'Orange', 'Musk', 'Mandarin Orange', 'vetyver', 'Rosemary', 'Rose', 'Oakmoss', 'Lily-of-the-Valley', 'Cloves', 'Sage', 'Patchouli', 'Amber']",[],"{'very weak': 57, 'weak': 70, 'moderate': 266, 'long lasting': 362, 'eternal': 68}",,"{'female': 1, 'more female': 0, 'unisex': 21, 'more male': 58, 'male': 81}","{'way overpriced': 9, 'overpriced': 22, 'ok': 75, 'good value': 38, 'great value': 10}",,,,,,,,summer,"{'citrus': 100.0, 'aromatic': 62.9351, 'white floral': 62.7726, 'fresh spicy': 58.4511, 'woody': 47.7793, 'green': 46.1801}"
La Tulipe,Byredo,https://fimgs.net/mdimg/perfume/375x500.8441.jpg,for women,4.12,2854,"floral , green , soft spicy ",moderate,"['Freesia', 'Cyclamen', 'Rhuburb']",['pink tulip'],"['Green Notes', 'vetyver', 'Woodsy Notes']","{'very weak': 52, 'weak': 108, 'moderate': 305, 'long lasting': 135, 'eternal': 68}",,"{'female': 61, 'more female': 22, 'unisex': 7, 'more male': 0, 'male': 2}","{'way overpriced': 18, 'overpriced': 34, 'ok': 27, 'good value': 2, 'great value': 2}",,,,,,,,spring,"{'floral': 100.0, 'green': 83.8224, 'soft spicy': 45.6563}"
Memoir Man,Amouage,https://fimgs.net/mdimg/perfume/375x500.10145.jpg,for men,4.33,2394,"aromatic , fresh spicy , woody , amber , green , smoky , balsamic , warm spicy , tobacco , leather ",moderate,"['Wormwood', 'Mint', 'Basil']","['Incense', 'Lavender', 'Rose']","['Tobacco', 'Leather', 'Sandalwood', 'Guaiac Wood', 'Vetiver', 'oak moss', 'Amber', 'Vanille', 'Musk']","{'very weak': 67, 'weak': 59, 'moderate': 193, 'long lasting': 399, 'eternal': 407}",,"{'female': 2, 'more female': 0, 'unisex': 23, 'more male': 26, 'male': 93}","{'way overpriced': 14, 'overpriced': 40, 'ok': 40, 'good value': 22, 'great value': 8}",,,,,,,,fall,"{'aromatic': 100.0, 'fresh spicy': 81.8914, 'woody': 73.0094, 'amber': 70.037, 'green': 69.4604, 'smoky': 66.6468, 'balsamic': 52.42, 'warm spicy': 50.899, 'tobacco': 49.5057, 'leather': 46.4483}"
Tonka Imperiale,Guerlain,https://fimgs.net/mdimg/perfume/375x500.8705.jpg,for women and men,4.4,2051,"sweet , amber , almond , vanilla , aromatic , tobacco , woody , nutty , fruity , warm spicy ",moderate,"['Bitter Almond', 'Rosemary', 'Bergamot']","['Tonka Bean', 'Tobacco', 'Jasmine']","['Incense', 'Cedar', 'Pine']","{'very weak': 51, 'weak': 57, 'moderate': 137, 'long lasting': 196, 'eternal': 67}",,"{'female': 9, 'more female': 15, 'unisex': 26, 'more male': 4, 'male': 0}","{'way overpriced': 8, 'overpriced': 21, 'ok': 15, 'good value': 1, 'great value': 1}",,,,,,,,fall,"{'sweet': 100.0, 'amber': 86.8006, 'almond': 86.1105, 'vanilla': 80.475, 'aromatic': 77.2513, 'tobacco': 69.2204, 'woody': 69.1961, 'nutty': 63.6663, 'fruity': 61.9773, 'warm spicy': 54.7909}"
Another 13,Le Labo,https://fimgs.net/mdimg/perfume/375x500.10131.jpg,for women and men,4.01,672,"musky , amber , woody , animalic , floral , powdery , fruity ",moderate,[],"['Iso E Super', 'Ambergris', 'Musk', 'Ambrette (Musk Mallow)', 'Amyl Salicylate', 'Pear']",[],"{'very weak': 27, 'weak': 34, 'moderate': 93, 'long lasting': 105, 'eternal': 82}",,"{'female': 6, 'more female': 14, 'unisex': 87, 'more male': 11, 'male': 5}","{'way overpriced': 25, 'overpriced': 54, 'ok': 30, 'good value': 6, 'great value': 3}",,,,,,,,spring,"{'musky': 100.0, 'amber': 83.5633, 'woody': 65.7749, 'animalic': 58.2984, 'floral': 47.0631, 'powdery': 47.0136, 'fruity': 44.8375}"
Bombshell,Victoria's Secret,https://fimgs.net/mdimg/perfume/375x500.10190.jpg,for women,4.1,2470,"fruity , sweet , fresh , citrus , floral , tropical , white floral ",moderate,"['Passionfruit', 'Grapefruit', 'Pineapple', 'Tangerine', 'Big Strawberry']","['Peony', 'Vanilla orchid', 'Red Berries', 'Jasmine', 'Lily-of-the-Valley']","['Musk', 'Woody Notes', 'Oakmoss']","{'very weak': 93, 'weak': 145, 'moderate': 309, 'long lasting': 106, 'eternal': 43}",,"{'female': 73, 'more female': 17, 'unisex': 10, 'more male': 1, 'male': 1}","{'way overpriced': 12, 'overpriced': 20, 'ok': 38, 'good value': 18, 'great value': 6}",,,,,,,,summer,"{'fruity': 100.0, 'sweet': 90.7468, 'fresh': 78.8572, 'citrus': 78.2181, 'floral': 66.0985, 'tropical': 64.4023, 'white floral': 46.9944}"
Bouquet Ideale,Xerjoff,https://fimgs.net/mdimg/perfume/375x500.11800.jpg,for women,4.21,1381,"woody , vanilla , warm spicy , powdery , cinnamon , fresh spicy , balsamic , sweet , white floral , aromatic ",enormous,"['Cinnamon', 'Nutmeg']","['Guaiac Wood', 'Sandalwood', 'Virginia Cedar', 'Papyrus']","['Vanille', 'Coumarin', 'Tobacco blossom', 'French labdanum', 'Musk']","{'very weak': 44, 'weak': 38, 'moderate': 110, 'long lasting': 135, 'eternal': 99}",,"{'female': 29, 'more female': 21, 'unisex': 36, 'more male': 1, 'male': 0}","{'way overpriced': 17, 'overpriced': 24, 'ok': 24, 'good value': 3, 'great value': 1}",,,,,,,,fall,"{'woody': 100.0, 'vanilla': 70.4444, 'warm spicy': 63.8803, 'powdery': 57.1149, 'cinnamon': 54.6073, 'fresh spicy': 54.1379, 'balsamic': 49.8903, 'sweet': 47.4946, 'white floral': 45.0192, 'aromatic': 44.3352}"
Tresor In Love,Lancome,https://fimgs.net/mdimg/perfume/375x500.8019.jpg,for women,3.83,5161,"fruity , sweet , powdery , rose , fresh , violet , musky , floral ",moderate,"['Nectarine', 'Pear', 'Pink Pepper', 'Bergamot']","['Taif Rose', 'Peach', 'Violet', 'Jasmine']","['Musk', 'Virginia Cedar']","{'very weak': 90, 'weak': 186, 'moderate': 520, 'long lasting': 242, 'eternal': 89}",,"{'female': 66, 'more female': 3, 'unisex': 0, 'more male': 0, 'male': 0}","{'way overpriced': 7, 'overpriced': 8, 'ok': 28, 'good value': 7, 'great value': 2}",,,,,,,,spring,"{'fruity': 100.0, 'sweet': 82.5191, 'powdery': 81.2652, 'rose': 74.0994, 'fresh': 58.7258, 'violet': 49.8131, 'musky': 48.0137, 'floral': 44.3749}"
Midnight in Paris,Van Cleef & Arpels,https://fimgs.net/mdimg/perfume/375x500.9685.jpg,for men,4.26,4317,"amber , leather , vanilla , smoky , warm spicy , aromatic , balsamic , animalic , sweet , almond ",moderate,"['Leather', 'Bergamot', 'Amalfi Lemon', 'Holly', 'Rosemary']","['Tea', 'Styrax', 'Lily-of-the-Valley']","['Tonka Bean', 'Incense', 'Benzoin', 'Almond', 'Amber']","{'very weak': 96, 'weak': 97, 'moderate': 423, 'long lasting': 795, 'eternal': 192}",,"{'female': 1, 'more female': 2, 'unisex': 34, 'more male': 11, 'male': 10}","{'way overpriced': 3, 'overpriced': 0, 'ok': 16, 'good value': 14, 'great value': 6}",,,,,,,,fall,"{'amber': 100.0, 'leather': 59.2899, 'vanilla': 56.1424, 'smoky': 55.6678, 'warm spicy': 54.1603, 'aromatic': 49.8385, 'balsamic': 49.2912, 'animalic': 46.8345, 'sweet': 46.6855, 'almond': 45.7375}"
212 VIP,Carolina Herrera,https://fimgs.net/mdimg/perfume/375x500.10126.jpg,for women,3.87,4252,"vanilla , rum , sweet , tropical , fruity , white floral , powdery , musky , woody , fresh ",moderate,"['Rum', 'Passionfruit']","['Gardenia', 'Musk']","['Vanille', 'Tonka Bean']","{'very weak': 45, 'weak': 88, 'moderate': 324, 'long lasting': 472, 'eternal': 183}",,"{'female': 38, 'more female': 10, 'unisex': 5, 'more male': 0, 'male': 1}","{'way overpriced': 4, 'overpriced': 10, 'ok': 25, 'good value': 5, 'great value': 0}",,,,,,,,fall,"{'vanilla': 100.0, 'rum': 86.534, 'sweet': 86.4512, 'tropical': 66.2545, 'fruity': 61.0753, 'white floral': 56.0572, 'powdery': 55.6889, 'musky': 51.2693, 'woody': 51.2003, 'fresh': 50.7169}"
Tilda Swinton Like This,Etat Libre d'Orange,https://fimgs.net/mdimg/perfume/375x500.8893.jpg,for women,4.07,1902,"warm spicy , sweet , herbal , citrus , powdery , fruity , fresh , musky , tobacco ",moderate,[],"['Immortelle', 'Pumpkin', 'Ginger', 'Tangerine', 'Heliotrope', 'Musk', 'vetyver', 'Neroli', 'Rose']",[],"{'very weak': 38, 'weak': 49, 'moderate': 140, 'long lasting': 175, 'eternal': 59}",,"{'female': 11, 'more female': 27, 'unisex': 39, 'more male': 3, 'male': 0}","{'way overpriced': 1, 'overpriced': 10, 'ok': 38, 'good value': 5, 'great value': 1}",,,,,,,,fall,"{'warm spicy': 100.0, 'sweet': 96.4507, 'herbal': 80.9056, 'citrus': 76.4199, 'powdery': 53.0423, 'fruity': 48.6325, 'fresh': 47.5569, 'musky': 46.3232, 'tobacco': 45.526}"
Flora by Gucci Eau de Parfum,Gucci,https://fimgs.net/mdimg/perfume/375x500.7610.jpg,for women,3.91,2956,"floral , citrus , fresh , rose , fruity , woody , soft spicy , patchouli , warm spicy ",strong,"['Peony', 'Citruses', 'Mandarin Orange']","['Osmanthus', 'Rose']","['Sandalwood', 'Pink Pepper', 'Patchouli']","{'very weak': 30, 'weak': 50, 'moderate': 195, 'long lasting': 338, 'eternal': 143}",,"{'female': 49, 'more female': 3, 'unisex': 1, 'more male': 0, 'male': 1}","{'way overpriced': 0, 'overpriced': 8, 'ok': 17, 'good value': 16, 'great value': 3}",,,,,,,,spring,"{'floral': 100.0, 'citrus': 81.5409, 'fresh': 76.057, 'rose': 66.9933, 'fruity': 62.0201, 'woody': 57.0354, 'soft spicy': 50.7294, 'patchouli': 44.7696, 'warm spicy': 44.6542}"
Voyage d'Hermes,Hermès,https://fimgs.net/mdimg/perfume/375x500.7916.jpg,for women and men,4.15,3304,"warm spicy , citrus , green , aromatic , woody , fresh , musky ",moderate,"['Cardamom', 'Amalfi Lemon', 'Spices']","['Tea', 'Green Notes', 'Floral Notes']","['Woodsy Notes', 'Musk']","{'very weak': 75, 'weak': 184, 'moderate': 387, 'long lasting': 135, 'eternal': 43}",,"{'female': 2, 'more female': 1, 'unisex': 31, 'more male': 10, 'male': 9}","{'way overpriced': 3, 'overpriced': 8, 'ok': 21, 'good value': 4, 'great value': 1}",,,,,,,,spring,"{'warm spicy': 100.0, 'citrus': 73.0709, 'green': 70.2955, 'aromatic': 67.0314, 'woody': 55.8338, 'fresh': 46.9142, 'musky': 45.1861}"
Godolphin,Parfums de Marly,https://fimgs.net/mdimg/perfume/375x500.11771.jpg,for men,4.29,1145,"leather , aromatic , fruity , animalic , woody , warm spicy , sweet , fresh spicy , smoky , powdery ",enormous,"['Fruity Notes', 'Saffron', 'Thyme', 'Mate', 'Cypress', 'Green Notes']","['Rose', 'Orris', 'Jasmine']","['Leather', 'Amber', 'Virginia Cedar', 'Vetiver', 'Musk', 'Vanille']","{'very weak': 20, 'weak': 29, 'moderate': 89, 'long lasting': 220, 'eternal': 280}",,"{'female': 0, 'more female': 3, 'unisex': 19, 'more male': 32, 'male': 29}","{'way overpriced': 5, 'overpriced': 21, 'ok': 43, 'good value': 8, 'great value': 1}",,,,,,,,fall,"{'leather': 100.0, 'aromatic': 69.5046, 'fruity': 67.9032, 'animalic': 63.5311, 'woody': 58.4908, 'warm spicy': 55.3629, 'sweet': 51.7511, 'fresh spicy': 47.9378, 'smoky': 47.4194, 'powdery': 46.4574}"
Dior Homme Intense 2011,Christian Dior,https://fimgs.net/mdimg/perfume/375x500.13016.jpg,for men,4.49,8172,"iris , powdery , woody , earthy , violet , floral , aromatic , musky , lavender , fruity ",strong,['Lavender'],"['iris', 'Ambrette (Musk Mallow)', 'Pear']","['Virginia Cedar', 'Vetiver']","{'very weak': 163, 'weak': 161, 'moderate': 448, 'long lasting': 1550, 'eternal': 1696}",,"{'female': 10, 'more female': 11, 'unisex': 160, 'more male': 224, 'male': 166}","{'way overpriced': 32, 'overpriced': 99, 'ok': 261, 'good value': 83, 'great value': 20}",,,,,,,,fall and winter,"{'iris': 100.0, 'powdery': 75.8649, 'woody': 73.8117, 'earthy': 66.989, 'violet': 65.0, 'floral': 63.4453, 'aromatic': 62.3249, 'musky': 61.2276, 'lavender': 60.2459, 'fruity': 45.1487}"
Cedrat Boise,Mancera,https://fimgs.net/mdimg/perfume/375x500.15211.jpg,for women and men,4.21,3508,"woody , fruity , citrus , powdery , aromatic , leather , sweet , warm spicy , animalic , vanilla ",strong,"['Sicilian Lemon', 'Black Currant', 'Bergamot', 'Spicy Notes']","['Fruity Notes', 'Patchouli Leaf', 'Water Jasmine']","['Cedar', 'Leather', 'Sandalwood', 'Vanilla', 'Moss', 'White Musk']","{'very weak': 123, 'weak': 130, 'moderate': 436, 'long lasting': 958, 'eternal': 518}",,"{'female': 6, 'more female': 6, 'unisex': 84, 'more male': 152, 'male': 157}","{'way overpriced': 9, 'overpriced': 42, 'ok': 152, 'good value': 148, 'great value': 31}",,,,,,,,spring,"{'woody': 100.0, 'fruity': 95.4063, 'citrus': 82.8254, 'powdery': 56.6665, 'aromatic': 56.3365, 'leather': 53.6028, 'sweet': 53.5666, 'warm spicy': 48.2224, 'animalic': 47.5209, 'vanilla': 44.9013}"
A*Men Pure Havane,Mugler,https://fimgs.net/mdimg/perfume/375x500.11444.jpg,for men,4.46,5665,"sweet , tobacco , honey , vanilla , amber , cacao , warm spicy , patchouli , woody , powdery ",strong,"['Tobacco', 'white honey']","['Vanille', 'Cacao', 'Patchouli']","['Amber', 'French labdanum', 'Styrax']","{'very weak': 122, 'weak': 136, 'moderate': 512, 'long lasting': 1328, 'eternal': 466}",,"{'female': 4, 'more female': 3, 'unisex': 52, 'more male': 104, 'male': 121}","{'way overpriced': 7, 'overpriced': 20, 'ok': 122, 'good value': 87, 'great value': 19}",,,,,,,,fall and winter,"{'sweet': 100.0, 'tobacco': 84.9967, 'honey': 84.9447, 'vanilla': 70.2997, 'amber': 66.7423, 'cacao': 60.2508, 'warm spicy': 60.2274, 'patchouli': 52.331, 'woody': 47.9791, 'powdery': 47.6026}"
Prada Candy,Prada,https://fimgs.net/mdimg/perfume/375x500.12426.jpg,for women,3.79,10730,"caramel , powdery , amber , sweet , vanilla , musky , warm spicy , balsamic ",moderate,['Caramel'],"['Musk', 'Powdery Notes']","['Benzoin', 'Vanilla']","{'very weak': 337, 'weak': 456, 'moderate': 1132, 'long lasting': 542, 'eternal': 237}",,"{'female': 191, 'more female': 16, 'unisex': 9, 'more male': 0, 'male': 0}","{'way overpriced': 30, 'overpriced': 60, 'ok': 87, 'good value': 19, 'great value': 2}",,,,,,,,fall,"{'caramel': 100.0, 'powdery': 69.3491, 'amber': 66.3791, 'sweet': 63.5806, 'vanilla': 57.9255, 'musky': 55.4207, 'warm spicy': 48.1896, 'balsamic': 46.5548}"
Le Parfum,Elie Saab,https://fimgs.net/mdimg/perfume/375x500.12258.jpg,for women,4.03,6894,"white floral , honey , sweet , floral , woody , citrus , patchouli ",strong,['African Orange flower'],['Jasmine'],"['white honey', 'Patchouli', 'Rose', 'Virginia Cedar']","{'very weak': 87, 'weak': 121, 'moderate': 489, 'long lasting': 832, 'eternal': 348}",,"{'female': 151, 'more female': 19, 'unisex': 6, 'more male': 0, 'male': 1}","{'way overpriced': 9, 'overpriced': 20, 'ok': 74, 'good value': 46, 'great value': 12}",,,,,,,,fall and spring,"{'white floral': 100.0, 'honey': 60.693, 'sweet': 55.9538, 'floral': 49.0296, 'woody': 48.8479, 'citrus': 48.1611, 'patchouli': 45.7686}"
Santal 33,Le Labo,https://fimgs.net/mdimg/perfume/375x500.12201.jpg,for women and men,3.98,2337,"woody , powdery , leather , warm spicy , violet ",strong,[],"['Sandalwood', 'Papyrus', 'Leather', 'Virginia Cedar', 'Cardamom', 'Violet', 'iris', 'Amber']",[],"{'very weak': 59, 'weak': 63, 'moderate': 126, 'long lasting': 283, 'eternal': 387}",,"{'female': 7, 'more female': 18, 'unisex': 180, 'more male': 42, 'male': 12}","{'way overpriced': 67, 'overpriced': 81, 'ok': 61, 'good value': 16, 'great value': 7}",,,,,,,,fall,"{'woody': 100.0, 'powdery': 63.1302, 'leather': 59.0218, 'warm spicy': 53.9542, 'violet': 46.8023}"
Dior Homme,Christian Dior,https://fimgs.net/mdimg/perfume/375x500.13015.jpg,for men,4.41,5088,"iris , cacao , powdery , earthy , aromatic , woody , warm spicy , violet , leather , lavender ",moderate,"['Lavender', 'Bergamot', 'Sage']","['iris', 'Cacao', 'Amber']","['Leather', 'Vetiver', 'Patchouli']","{'very weak': 99, 'weak': 174, 'moderate': 550, 'long lasting': 939, 'eternal': 185}",,"{'female': 5, 'more female': 3, 'unisex': 56, 'more male': 94, 'male': 59}","{'way overpriced': 8, 'overpriced': 44, 'ok': 87, 'good value': 45, 'great value': 11}",,,,,,,,spring,"{'iris': 100.0, 'cacao': 78.2231, 'powdery': 76.8324, 'earthy': 74.0207, 'aromatic': 68.2645, 'woody': 65.9138, 'warm spicy': 65.1932, 'violet': 65.0, 'leather': 64.7786, 'lavender': 59.8275}"
Jimmy Choo,Jimmy Choo,https://fimgs.net/mdimg/perfume/375x500.10573.jpg,for women,3.82,6358,"sweet , patchouli , fruity , woody , warm spicy , caramel , earthy , green , floral , aquatic ",moderate,"['Pear', 'Mandarin Orange', 'Green Notes']",['Orchid'],"['Toffee', 'Patchouli']","{'very weak': 95, 'weak': 136, 'moderate': 576, 'long lasting': 711, 'eternal': 257}",,"{'female': 137, 'more female': 22, 'unisex': 13, 'more male': 0, 'male': 1}","{'way overpriced': 3, 'overpriced': 13, 'ok': 60, 'good value': 74, 'great value': 14}",,,,,,,,fall,"{'sweet': 100.0, 'patchouli': 76.7225, 'fruity': 63.2392, 'woody': 58.0335, 'warm spicy': 53.3612, 'caramel': 49.1632, 'earthy': 48.689, 'green': 47.9219, 'floral': 47.6546, 'aquatic': 45.8903}"
Tresor Midnight Rose,Lancome,https://fimgs.net/mdimg/perfume/375x500.11721.jpg,for women,3.96,7931,"fruity , rose , sweet , soft spicy , aromatic , green , fresh , woody , floral , musky ",strong,"['Raspberry', 'Rose']","['Cassis', 'Pink Pepper', 'Peony', 'Jasmine']","['Vanille', 'Musk', 'Virginia Cedar']","{'very weak': 73, 'weak': 119, 'moderate': 482, 'long lasting': 913, 'eternal': 565}",,"{'female': 152, 'more female': 6, 'unisex': 3, 'more male': 1, 'male': 1}","{'way overpriced': 5, 'overpriced': 23, 'ok': 95, 'good value': 21, 'great value': 3}",,,,,,,,fall,"{'fruity': 100.0, 'rose': 74.6476, 'sweet': 72.2274, 'soft spicy': 62.0835, 'aromatic': 55.5291, 'green': 50.242, 'fresh': 50.2242, 'woody': 50.2222, 'floral': 49.9799, 'musky': 46.6896}"
Pegasus,Parfums de Marly,https://fimgs.net/mdimg/perfume/375x500.16938.jpg,for men,4.18,1811,"almond , vanilla , powdery , nutty , sweet , lavender , fruity , floral , woody , fresh spicy ",strong,"['Heliotrope', 'Cumin', 'Bergamot']","['Bitter Almond', 'Lavender', 'Jasmine']","['Vanilla', 'Sandalwood', 'Amber']","{'very weak': 50, 'weak': 54, 'moderate': 145, 'long lasting': 292, 'eternal': 460}",,"{'female': 5, 'more female': 6, 'unisex': 66, 'more male': 86, 'male': 31}","{'way overpriced': 19, 'overpriced': 58, 'ok': 70, 'good value': 19, 'great value': 3}",,,,,,,,fall,"{'almond': 100.0, 'vanilla': 92.8641, 'powdery': 78.794, 'nutty': 65.0833, 'sweet': 61.3663, 'lavender': 61.1209, 'fruity': 59.2361, 'floral': 57.1058, 'woody': 56.5097, 'fresh spicy': 53.7483}"
Bottega Veneta,Bottega Veneta,https://fimgs.net/mdimg/perfume/375x500.12863.jpg,for women,4.18,4949,"leather , earthy , mossy , patchouli , woody , animalic , white floral , soft spicy , warm spicy , citrus ",moderate,"['Pink Pepper', 'Bergamot']",['Jasmine'],"['Leather', 'oak moss', 'Patchouli']","{'very weak': 89, 'weak': 95, 'moderate': 353, 'long lasting': 502, 'eternal': 188}",,"{'female': 43, 'more female': 48, 'unisex': 61, 'more male': 2, 'male': 0}","{'way overpriced': 6, 'overpriced': 20, 'ok': 75, 'good value': 23, 'great value': 3}",,,,,,,,fall,"{'leather': 100.0, 'earthy': 94.3015, 'mossy': 89.2165, 'patchouli': 87.1249, 'woody': 84.7171, 'animalic': 66.7779, 'white floral': 65.5578, 'soft spicy': 59.3154, 'warm spicy': 58.5624, 'citrus': 56.7729}"
Lira,Xerjoff,https://fimgs.net/mdimg/perfume/375x500.11801.jpg,for women,4.32,2327,"citrus , caramel , vanilla , sweet , cinnamon , soft spicy , fresh spicy , powdery , warm spicy , balsamic ",strong,"['Blood Orange', 'Bergamot', 'Lavender']","['Cinnamon', 'Licorice', 'Jasmine']","['Caramel', 'Vanille', 'Musk']","{'very weak': 45, 'weak': 62, 'moderate': 154, 'long lasting': 253, 'eternal': 205}",,"{'female': 94, 'more female': 40, 'unisex': 18, 'more male': 3, 'male': 1}","{'way overpriced': 31, 'overpriced': 56, 'ok': 29, 'good value': 13, 'great value': 3}",,,,,,,,fall and winter,"{'citrus': 100.0, 'caramel': 95.1993, 'vanilla': 92.4745, 'sweet': 84.9231, 'cinnamon': 59.8424, 'soft spicy': 57.9676, 'fresh spicy': 56.1057, 'powdery': 55.9889, 'warm spicy': 53.874, 'balsamic': 50.7178}"
CK One Shock For Him,Calvin Klein,https://fimgs.net/mdimg/perfume/375x500.12520.jpg,for men,4.08,3853,"tobacco , warm spicy , amber , sweet , fresh spicy , aromatic , woody , patchouli , lavender , citrus ",moderate,"['Lavender', 'Clementine', 'Cucumber']","['Cardamom', 'Pepper', 'Basil', 'Osmanthus']","['Tobacco', 'Amber', 'Patchouli', 'Woodsy Notes', 'Musk']","{'very weak': 126, 'weak': 178, 'moderate': 741, 'long lasting': 783, 'eternal': 132}",,"{'female': 1, 'more female': 1, 'unisex': 27, 'more male': 92, 'male': 145}","{'way overpriced': 3, 'overpriced': 2, 'ok': 17, 'good value': 62, 'great value': 172}",,,,,,,,fall,"{'tobacco': 100.0, 'warm spicy': 85.6082, 'amber': 80.097, 'sweet': 78.4019, 'fresh spicy': 74.335, 'aromatic': 66.7343, 'woody': 66.4, 'patchouli': 60.4552, 'lavender': 57.1119, 'citrus': 56.1194}"
Roses Vanille,Mancera,https://fimgs.net/mdimg/perfume/375x500.15210.jpg,for women,4.08,2349,"vanilla , rose , sweet , powdery , musky , floral , woody ",enormous,"['Lemon', 'Water Notes']","['Rose', 'Sugar']","['Vanilla', 'Sugar', 'White Musk', 'Cedar']","{'very weak': 38, 'weak': 56, 'moderate': 130, 'long lasting': 296, 'eternal': 486}",,"{'female': 116, 'more female': 52, 'unisex': 40, 'more male': 1, 'male': 1}","{'way overpriced': 7, 'overpriced': 26, 'ok': 105, 'good value': 40, 'great value': 8}",,,,,,,,fall,"{'vanilla': 100.0, 'rose': 82.9987, 'sweet': 82.7125, 'powdery': 59.1883, 'musky': 50.8178, 'floral': 45.8996, 'woody': 45.7001}"
Neroli Portofino,Tom Ford,https://fimgs.net/mdimg/perfume/375x500.12192.jpg,for women and men,3.99,3720,"citrus , white floral , fresh spicy , aromatic ",moderate,"['Bergamot', 'Mandarin Orange', 'Bitter Orange', 'Lemon', 'Lavender', 'Rosemary', 'Myrtle']","['African Orange flower', 'Neroli', 'Jasmine', 'Pitosporum']","['Amber', 'Angelica', 'Ambrette (Musk Mallow)']","{'very weak': 165, 'weak': 207, 'moderate': 517, 'long lasting': 193, 'eternal': 87}",,"{'female': 8, 'more female': 10, 'unisex': 111, 'more male': 15, 'male': 2}","{'way overpriced': 78, 'overpriced': 41, 'ok': 15, 'good value': 4, 'great value': 1}",,,,,,,,summer,"{'citrus': 100.0, 'white floral': 72.4525, 'fresh spicy': 51.5733, 'aromatic': 50.6576}"
Legend,Montblanc,https://fimgs.net/mdimg/perfume/375x500.11784.jpg,for men,3.97,3327,"fruity , sweet , aromatic , lavender , fresh spicy , citrus , woody , vanilla , herbal , fresh ",moderate,"['Lavender', 'Pineapple', 'Bergamot', 'Lemon Verbena']","['Red Apple', 'Dried Fruits', 'oak moss', 'Geranium', 'Coumarin', 'Rose']","['Tonka Bean', 'Sandalwood']","{'very weak': 96, 'weak': 197, 'moderate': 740, 'long lasting': 309, 'eternal': 82}",,"{'female': 1, 'more female': 1, 'unisex': 8, 'more male': 38, 'male': 126}","{'way overpriced': 4, 'overpriced': 12, 'ok': 39, 'good value': 69, 'great value': 29}",,,,,,,,spring,"{'fruity': 100.0, 'sweet': 91.538, 'aromatic': 78.8677, 'lavender': 69.0474, 'fresh spicy': 67.3415, 'citrus': 63.9135, 'woody': 63.693, 'vanilla': 49.7053, 'herbal': 48.3043, 'fresh': 48.2621}"
Body,Burberry,https://fimgs.net/mdimg/perfume/375x500.13014.jpg,for women,3.61,6296,"powdery , woody , musky , rose , floral , fruity , amber , aromatic , iris , sweet ",moderate,"['Peach', 'Wormwood', 'Freesia']","['Rose', 'Sandalwood', 'iris']","['Musk', 'Cashmere Wood', 'Vanille', 'Amber']","{'very weak': 73, 'weak': 129, 'moderate': 536, 'long lasting': 598, 'eternal': 209}",,"{'female': 112, 'more female': 33, 'unisex': 10, 'more male': 0, 'male': 0}","{'way overpriced': 3, 'overpriced': 15, 'ok': 57, 'good value': 44, 'great value': 15}",,,,,,,,fall,"{'powdery': 100.0, 'woody': 95.6192, 'musky': 91.809, 'rose': 76.6534, 'floral': 68.7014, 'fruity': 63.8291, 'amber': 62.9222, 'aromatic': 59.4741, 'iris': 55.5027, 'sweet': 53.278}"
Un Jardin Sur Le Toit,Hermès,https://fimgs.net/mdimg/perfume/375x500.11502.jpg,for women and men,4.09,4585,"green , fresh , fruity , rose , sweet , floral , aromatic , fresh spicy ",moderate,[],"['Grass', 'Red Apple', 'Rose', 'Pear', 'Rosemary', 'Magnolia']",[],"{'very weak': 92, 'weak': 173, 'moderate': 517, 'long lasting': 285, 'eternal': 100}",,"{'female': 19, 'more female': 32, 'unisex': 40, 'more male': 0, 'male': 1}","{'way overpriced': 2, 'overpriced': 26, 'ok': 34, 'good value': 7, 'great value': 2}",,,,,,,,spring,"{'green': 100.0, 'fresh': 94.8591, 'fruity': 82.5602, 'rose': 60.7706, 'sweet': 57.4934, 'floral': 57.0556, 'aromatic': 53.7346, 'fresh spicy': 48.9877}"
Chanel No 19 Poudre,Chanel,https://fimgs.net/mdimg/perfume/375x500.12424.jpg,for women,4.13,4426,"iris , green , powdery , aromatic , earthy , woody , violet , white floral , musky , citrus ",moderate,"['Galbanum', 'Neroli', 'Mandarin Orange']","['iris', 'Jasmine']","['Vetiver', 'Musk', 'Tonka Bean']","{'very weak': 115, 'weak': 166, 'moderate': 447, 'long lasting': 226, 'eternal': 142}",,"{'female': 46, 'more female': 21, 'unisex': 19, 'more male': 2, 'male': 1}","{'way overpriced': 14, 'overpriced': 24, 'ok': 31, 'good value': 3, 'great value': 3}",,,,,,,,spring,"{'iris': 100.0, 'green': 89.1111, 'powdery': 88.6954, 'aromatic': 88.1411, 'earthy': 79.8583, 'woody': 70.1128, 'violet': 65.0, 'white floral': 64.2401, 'musky': 63.3908, 'citrus': 59.8595}"
Honour Woman,Amouage,https://fimgs.net/mdimg/perfume/375x500.12762.jpg,for women,4.05,3313,"white floral , green , tuberose , aromatic , animalic ",strong,"['Rhuburb', 'Pepper', 'Coriander']","['Gardenia', 'Tuberose', 'Jasmine', 'Lily-of-the-Valley', 'Carnation']","['Amber', 'Incense', 'Opoponax', 'Vetiver', 'Leather']","{'very weak': 52, 'weak': 72, 'moderate': 197, 'long lasting': 351, 'eternal': 282}",,"{'female': 85, 'more female': 10, 'unisex': 2, 'more male': 1, 'male': 0}","{'way overpriced': 14, 'overpriced': 30, 'ok': 29, 'good value': 4, 'great value': 1}",,,,,,,,spring,"{'white floral': 100.0, 'green': 52.9311, 'tuberose': 52.0951, 'aromatic': 45.3677, 'animalic': 44.4895}"
Shalimar Parfum Initial,Guerlain,https://fimgs.net/mdimg/perfume/375x500.11360.jpg,for women,4.05,8524,"vanilla , powdery , citrus , woody , iris , earthy , sweet , caramel , aromatic , patchouli ",moderate,"['Bergamot', 'Orange', 'Green Notes']","['iris', 'Patchouli', 'Vetiver', 'Rose', 'Jasmine']","['Vanille', 'Caramel', 'Tonka Bean', 'Musk']","{'very weak': 88, 'weak': 125, 'moderate': 436, 'long lasting': 816, 'eternal': 504}",,"{'female': 45, 'more female': 19, 'unisex': 12, 'more male': 0, 'male': 0}","{'way overpriced': 2, 'overpriced': 15, 'ok': 32, 'good value': 5, 'great value': 5}",,,,,,,,fall,"{'vanilla': 100.0, 'powdery': 88.907, 'citrus': 84.8368, 'woody': 84.3253, 'iris': 82.9178, 'earthy': 81.6867, 'sweet': 77.3655, 'caramel': 73.2544, 'aromatic': 70.5234, 'patchouli': 64.1371}"
Royal Oud,Creed,https://fimgs.net/mdimg/perfume/375x500.12317.jpg,for women and men,4.37,2684,"woody , musky , powdery , citrus , soft spicy , aromatic , oud , green , amber ",moderate,"['Pink Pepper', 'Lemon', 'Sicilian Bergamot']","['Cedar', 'Angelica', 'Galbanum']","['Sandalwood', 'Agarwood (Oud)', 'Musk']","{'very weak': 58, 'weak': 62, 'moderate': 305, 'long lasting': 502, 'eternal': 121}",,"{'female': 1, 'more female': 2, 'unisex': 14, 'more male': 40, 'male': 94}","{'way overpriced': 22, 'overpriced': 67, 'ok': 40, 'good value': 5, 'great value': 4}",,,,,,,,fall,"{'woody': 100.0, 'musky': 71.858, 'powdery': 70.0656, 'citrus': 58.6493, 'soft spicy': 53.6055, 'aromatic': 53.591, 'oud': 51.2092, 'green': 47.8225, 'amber': 44.7643}"
Trussardi Donna (2011),Trussardi,https://fimgs.net/mdimg/perfume/375x500.13066.jpg,for women,4.01,3954,"citrus , white floral , fruity , sweet , floral , woody , vanilla , powdery ",moderate,"['Fruity Notes', 'Yuzu', 'Amalfi Lemon']","['Jasmine', 'African Orange flower', 'Lotus']","['Vanille', 'Sandalwood', 'Patchouli', 'Virginia Cedar']","{'very weak': 84, 'weak': 139, 'moderate': 571, 'long lasting': 292, 'eternal': 117}",,"{'female': 101, 'more female': 6, 'unisex': 6, 'more male': 0, 'male': 0}","{'way overpriced': 4, 'overpriced': 5, 'ok': 44, 'good value': 30, 'great value': 13}",,,,,,,,spring,"{'citrus': 100.0, 'white floral': 95.7863, 'fruity': 74.6248, 'sweet': 73.6706, 'floral': 58.7277, 'woody': 55.869, 'vanilla': 53.7603, 'powdery': 46.1867}"
Jasmin Rouge,Tom Ford,https://fimgs.net/mdimg/perfume/375x500.12765.jpg,for women,4.19,2353,"white floral , yellow floral , warm spicy , citrus , woody , floral , sweet , amber , fresh spicy , aromatic ",moderate,"['Cinnamon', 'Ginger', 'Bergamot', 'Cardamom', 'Pepper', 'Mandarin Orange']","['Jasmine', 'Ylang-Ylang', 'Neroli', 'Broom', 'Clary Sage']","['Amber', 'Woodsy Notes', 'Vanille', 'Leather', 'French labdanum']","{'very weak': 42, 'weak': 59, 'moderate': 207, 'long lasting': 165, 'eternal': 134}",,"{'female': 44, 'more female': 20, 'unisex': 8, 'more male': 0, 'male': 1}","{'way overpriced': 27, 'overpriced': 25, 'ok': 12, 'good value': 2, 'great value': 1}",,,,,,,,fall,"{'white floral': 100.0, 'yellow floral': 60.4392, 'warm spicy': 57.9143, 'citrus': 55.3391, 'woody': 51.9898, 'floral': 49.4503, 'sweet': 48.2232, 'amber': 46.0763, 'fresh spicy': 45.013, 'aromatic': 44.5544}"
Eau de Lacoste L.12.12. White,Lacoste Fragrances,https://fimgs.net/mdimg/perfume/375x500.11043.jpg,for men,4.03,2436,"woody , citrus , aromatic , yellow floral , tuberose , white floral , fresh spicy , leather , sweet , animalic ",moderate,"['Grapefruit', 'Rosemary', 'Cardamom']","['Ylang-Ylang', 'Tuberose']","['Suede', 'Virginia Cedar', 'Vetiver', 'Leather']","{'very weak': 83, 'weak': 157, 'moderate': 577, 'long lasting': 134, 'eternal': 58}",,"{'female': 1, 'more female': 1, 'unisex': 35, 'more male': 68, 'male': 45}","{'way overpriced': 2, 'overpriced': 6, 'ok': 26, 'good value': 79, 'great value': 26}",,,,,,,,summer,"{'woody': 100.0, 'citrus': 96.3278, 'aromatic': 93.5238, 'yellow floral': 83.9447, 'tuberose': 81.525, 'white floral': 71.22, 'fresh spicy': 68.3448, 'leather': 66.8503, 'sweet': 56.9723, 'animalic': 55.0651}"
Baiser Vole,Cartier,https://fimgs.net/mdimg/perfume/375x500.12878.jpg,for women,4.03,4352,"white floral , green , soft spicy , citrus ",moderate,"['Lily', 'Citruses']",['Lily'],"['Green Lily', 'Green Notes']","{'very weak': 84, 'weak': 107, 'moderate': 435, 'long lasting': 304, 'eternal': 121}",,"{'female': 58, 'more female': 8, 'unisex': 8, 'more male': 0, 'male': 0}","{'way overpriced': 5, 'overpriced': 13, 'ok': 36, 'good value': 9, 'great value': 5}",,,,,,,,spring,"{'white floral': 100.0, 'green': 77.4413, 'soft spicy': 54.5, 'citrus': 48.1495}"
Daisy Eau So Fresh,Marc Jacobs,https://fimgs.net/mdimg/perfume/375x500.10858.jpg,for women,4.09,4647,"fruity , sweet , green , violet , floral , powdery , fresh , citrus , rose ",intimate,"['Green Notes', 'Raspberry', 'Pear', 'Grapefruit']","['Violet', 'Litchi', 'Apple Blossom', 'Rose', 'Jasmine']","['Musk', 'Plum', 'Virginia Cedar']","{'very weak': 165, 'weak': 376, 'moderate': 411, 'long lasting': 128, 'eternal': 63}",,"{'female': 77, 'more female': 3, 'unisex': 1, 'more male': 0, 'male': 0}","{'way overpriced': 4, 'overpriced': 12, 'ok': 44, 'good value': 12, 'great value': 2}",,,,,,,,spring,"{'fruity': 100.0, 'sweet': 65.7738, 'green': 63.8487, 'violet': 54.1924, 'floral': 53.9899, 'powdery': 53.7154, 'fresh': 53.2092, 'citrus': 48.0808, 'rose': 44.4674}"
Wild Bluebell,Jo Malone London,https://fimgs.net/mdimg/perfume/375x500.12310.jpg,for women,4.05,1895,"white floral , floral , fresh spicy , rose , fresh , herbal , musky , green ",intimate,"['Bellflower', 'Clove']","['Lily-of-the-Valley', 'Rose Hip', 'Jasmine']","['Musk', 'Amber']","{'very weak': 91, 'weak': 127, 'moderate': 174, 'long lasting': 55, 'eternal': 34}",,"{'female': 45, 'more female': 19, 'unisex': 18, 'more male': 0, 'male': 0}","{'way overpriced': 10, 'overpriced': 30, 'ok': 20, 'good value': 6, 'great value': 0}",,,,,,,,spring,"{'white floral': 100.0, 'floral': 98.7539, 'fresh spicy': 63.8582, 'rose': 59.6731, 'fresh': 58.695, 'herbal': 50.3149, 'musky': 49.7589, 'green': 47.356}"
212 VIP Men,Carolina Herrera,https://fimgs.net/mdimg/perfume/375x500.12865.jpg,for men,4.14,3143,"aromatic , vodka , warm spicy , fresh spicy , woody , green , tropical , citrus , sweet , fruity ",strong,"['Passionfruit', 'Lime', 'Pepper', 'Ginger']","['Vodka', 'Gin', 'Mint', 'Spices']","['Amber', 'Leather', 'Woodsy Notes']","{'very weak': 63, 'weak': 75, 'moderate': 350, 'long lasting': 713, 'eternal': 254}",,"{'female': 1, 'more female': 1, 'unisex': 17, 'more male': 26, 'male': 69}","{'way overpriced': 3, 'overpriced': 21, 'ok': 52, 'good value': 19, 'great value': 3}",,,,,,,,fall,"{'aromatic': 100.0, 'vodka': 98.8511, 'warm spicy': 95.0733, 'fresh spicy': 89.124, 'woody': 85.3419, 'green': 76.8291, 'tropical': 76.0632, 'citrus': 70.8058, 'sweet': 69.9528, 'fruity': 69.4827}"
Vanille Exquise,Annick Goutal,https://fimgs.net/mdimg/perfume/375x500.4636.jpg,for women,3.99,731,"vanilla , powdery , woody , musky , almond , sweet , nutty , fruity , amber , balsamic ",intimate,[],"['Vanilla', 'Almond', 'Guaiac Wood', 'Sandalwood', 'Angelica', 'Musk']",[],"{'very weak': 26, 'weak': 41, 'moderate': 53, 'long lasting': 29, 'eternal': 18}",,"{'female': 5, 'more female': 3, 'unisex': 1, 'more male': 0, 'male': 0}","{'way overpriced': 0, 'overpriced': 0, 'ok': 4, 'good value': 1, 'great value': 0}",,,,,,,,fall,"{'vanilla': 100.0, 'powdery': 93.0516, 'woody': 91.4005, 'musky': 74.7174, 'almond': 70.5897, 'sweet': 60.3391, 'nutty': 54.3538, 'fruity': 50.2948, 'amber': 48.7125, 'balsamic': 46.1069}"
Rouge Trafalgar,Christian Dior,https://fimgs.net/mdimg/perfume/375x500.58665.jpg,for women,4.04,215,"fruity , sweet , citrus , cherry , musky ",enormous,"['Raspberry', 'Cherry', 'Strawberry', 'Mandarin Orange']","['Black Currant', 'Grapefruit']","['Musk', 'Patchouli']","{'very weak': 6, 'weak': 13, 'moderate': 32, 'long lasting': 29, 'eternal': 17}",,"{'female': 21, 'more female': 8, 'unisex': 5, 'more male': 2, 'male': 1}","{'way overpriced': 6, 'overpriced': 13, 'ok': 7, 'good value': 5, 'great value': 0}",,,,,,,,spring,"{'fruity': 100.0, 'sweet': 67.0795, 'citrus': 47.2803, 'cherry': 46.1088, 'musky': 45.2301}"
Luna Rossa Sport,Prada,https://fimgs.net/mdimg/perfume/375x500.31116.jpg,for men,4.16,1128,"vanilla , aromatic , lavender , fresh spicy , sweet , warm spicy , amber ",moderate,"['Juniper Berries', 'Ginger']",['Lavender'],"['Vanilla', 'Tonka Bean']","{'very weak': 26, 'weak': 33, 'moderate': 158, 'long lasting': 245, 'eternal': 62}",,"{'female': 0, 'more female': 2, 'unisex': 15, 'more male': 33, 'male': 26}","{'way overpriced': 4, 'overpriced': 4, 'ok': 30, 'good value': 29, 'great value': 2}",,,,,,,,spring,"{'vanilla': 100.0, 'aromatic': 80.374, 'lavender': 72.2345, 'fresh spicy': 57.811, 'sweet': 56.3823, 'warm spicy': 52.859, 'amber': 49.7512}"
Brut,Brut Parfums Prestige,https://fimgs.net/mdimg/perfume/375x500.15303.jpg,for men,4.04,675,"aromatic , woody , sweet , fresh spicy , vanilla , lavender , citrus , anis , musky , white floral ",moderate,"['Lavender', 'Anise', 'Bergamot', 'Basil', 'Orange Blossom', 'Lemon']","['Ylang-Ylang', 'Geranium', 'Jasmine']","['Coumarin', 'Musk', 'Sandalowood', 'Oakmoss', 'Tonka Bean', 'Vanila', 'Vetiver', 'Patchouli']","{'very weak': 22, 'weak': 59, 'moderate': 119, 'long lasting': 68, 'eternal': 20}",,"{'female': 0, 'more female': 0, 'unisex': 1, 'more male': 6, 'male': 14}","{'way overpriced': 0, 'overpriced': 0, 'ok': 0, 'good value': 2, 'great value': 16}",,,,,,,,spring,"{'aromatic': 100.0, 'woody': 88.2718, 'sweet': 77.6233, 'fresh spicy': 75.7087, 'vanilla': 69.767, 'lavender': 64.5631, 'citrus': 64.0777, 'anis': 58.3495, 'musky': 57.3398, 'white floral': 56.7961}"
Faqat Lil Rijal,Rasasi,https://fimgs.net/mdimg/perfume/375x500.19651.jpg,for men,4.2,358,"oud , warm spicy , fresh spicy , leather , woody , aromatic , patchouli , animalic , powdery , earthy ",enormous,"['Agarwood (Oud)', 'Saffron', 'Bergamot']","['Geranium', 'Jasmine', 'Cardamom', 'Rice']","['Agarwood (Oud)', 'Leather', 'Patchouli', 'Sandalwood', 'Musk']","{'very weak': 14, 'weak': 12, 'moderate': 31, 'long lasting': 76, 'eternal': 132}",,"{'female': 1, 'more female': 0, 'unisex': 1, 'more male': 11, 'male': 12}","{'way overpriced': 1, 'overpriced': 0, 'ok': 3, 'good value': 14, 'great value': 5}",,,,,,,,fall,"{'oud': 100.0, 'warm spicy': 93.5236, 'fresh spicy': 80.2402, 'leather': 79.5512, 'woody': 67.9488, 'aromatic': 63.9252, 'patchouli': 62.7953, 'animalic': 52.0886, 'powdery': 47.5827, 'earthy': 45.9291}"
Nio,Xerjoff,https://fimgs.net/mdimg/perfume/375x500.10244.jpg,for men,4.48,925,"citrus , green , aromatic , fresh spicy , woody , white floral , floral , warm spicy , fresh , earthy ",strong,"['Bergamot', 'Neroli', 'Green Notes']","['Cardamom', 'Pink Pepper', 'Jasmine', 'Nutmeg']","['vetyver', 'Virginia Cedar', 'Guaiac Wood', 'Amber', 'Patchouli']","{'very weak': 33, 'weak': 35, 'moderate': 92, 'long lasting': 228, 'eternal': 79}",,"{'female': 0, 'more female': 0, 'unisex': 26, 'more male': 38, 'male': 8}","{'way overpriced': 7, 'overpriced': 5, 'ok': 24, 'good value': 25, 'great value': 3}",,,,,,,,winter,"{'citrus': 100.0, 'green': 89.0071, 'aromatic': 74.078, 'fresh spicy': 73.2908, 'woody': 71.9319, 'white floral': 65.5319, 'floral': 50.8085, 'warm spicy': 49.5745, 'fresh': 44.5816, 'earthy': 44.5248}"
Hafa,Ajmal,https://fimgs.net/mdimg/perfume/375x500.39345.jpg,for women and men,4.35,26,"woody , warm spicy , patchouli , chocolate , sweet , vanilla , amber , powdery , rose , balsamic ",moderate,[],"['Woody Notes', 'Patchouli', 'Dark Chocolate', 'Vanilla', 'Amber', 'Bulgarian Rose', 'Musk', 'Jasmine', 'Ylang-Ylang', 'Neroli']",[],"{'very weak': 0, 'weak': 1, 'moderate': 3, 'long lasting': 4, 'eternal': 8}",,"{'female': 0, 'more female': 0, 'unisex': 0, 'more male': 0, 'male': 0}","{'way overpriced': 0, 'overpriced': 0, 'ok': 0, 'good value': 0, 'great value': 0}",,,,,,,,winter,"{'woody': 100.0, 'warm spicy': 67.505, 'patchouli': 66.7974, 'chocolate': 60.5701, 'sweet': 56.4658, 'vanilla': 55.4751, 'amber': 48.3987, 'powdery': 46.0635, 'rose': 45.5681, 'balsamic': 44.8605}"
Chocolate Covered Cherry,Bath and Body Works,https://fimgs.net/mdimg/perfume/375x500.65370.jpg,for women,3.83,6,"cherry , sweet , chocolate , warm spicy , alcohol , cacao , nutty , fruity ",moderate,[],"['Cherry', 'Chocolate', 'Liquor']",[],"{'very weak': 1, 'weak': 1, 'moderate': 2, 'long lasting': 0, 'eternal': 0}",,"{'female': 2, 'more female': 0, 'unisex': 1, 'more male': 0, 'male': 0}","{'way overpriced': 0, 'overpriced': 0, 'ok': 0, 'good value': 0, 'great value': 4}",,,,,,,,winter,"{'cherry': 100.0, 'sweet': 93.0, 'chocolate': 86.0, 'warm spicy': 65.0, 'alcohol': 59.4, 'cacao': 51.0, 'nutty': 47.5, 'fruity': 44.0}"
Laudano Nero,Tiziana Terenzi,https://fimgs.net/mdimg/perfume/375x500.24684.jpg,for women and men,4.13,1693,"woody , amber , smoky , aromatic , warm spicy , sweet , fresh spicy , oud , balsamic , tobacco ",enormous,"['Cognac', 'Tobacco', 'Amber', 'Wormwood', 'Rosemary', 'Myrtle']","['Ash', 'Black locust Honey', 'Cedar', 'Slate', 'Sandalwood', 'Rosemary', 'iris', 'Red Rose']","['Incense', 'Agarwood (Oud)', 'Labdanum', 'Oak', 'Camphor', 'Laurels', 'Vanilla', 'Cashmere Musk', 'Musk', 'Vetiver']","{'very weak': 41, 'weak': 38, 'moderate': 84, 'long lasting': 200, 'eternal': 539}",,"{'female': 3, 'more female': 5, 'unisex': 34, 'more male': 45, 'male': 49}","{'way overpriced': 8, 'overpriced': 14, 'ok': 44, 'good value': 27, 'great value': 25}",,,,,,,,winter,"{'woody': 100.0, 'amber': 93.699, 'smoky': 68.6521, 'aromatic': 60.7839, 'warm spicy': 56.8639, 'sweet': 56.7632, 'fresh spicy': 54.8777, 'oud': 54.4144, 'balsamic': 51.552, 'tobacco': 50.7482}"
La Capitale,Xerjoff,https://fimgs.net/mdimg/perfume/375x500.55782.jpg,for women and men,4.13,187,"fruity , sweet , amber , warm spicy , leather , caramel , vanilla , animalic , powdery ",enormous,"['Strawberry', 'Caramel', 'Peach', 'Labdanum']","['Saffron', 'Leather', 'Amber', 'Ginger', 'Rose']","['Bourbon Vanilla', 'Benzoin']","{'very weak': 5, 'weak': 9, 'moderate': 20, 'long lasting': 25, 'eternal': 27}",,"{'female': 13, 'more female': 16, 'unisex': 8, 'more male': 2, 'male': 0}","{'way overpriced': 7, 'overpriced': 13, 'ok': 9, 'good value': 3, 'great value': 0}",,,,,,,,fall and winter,"{'fruity': 100.0, 'sweet': 92.341, 'amber': 85.2163, 'warm spicy': 79.0416, 'leather': 73.1043, 'caramel': 65.6234, 'vanilla': 57.43, 'animalic': 49.6522, 'powdery': 46.3868}"
DKNY Women,Donna Karan,https://fimgs.net/mdimg/perfume/375x500.504.jpg,for women,3.87,2285,"citrus , aromatic , green , fresh spicy , leather , fruity , woody , floral , sweet , fresh ",moderate,"['Tomato Leaf', 'Orange', 'Mandarin Orange', 'Apricot']","['Cassia', 'Water Lily', 'Yellow Water Lily', 'Yellow Narcissus', 'Jasmine', 'Heliotrope', 'Ylang-Ylang', 'Rose', 'Orchid']","['Birch', 'Suede', 'Sandalwood', 'Patchouli', 'Amber']","{'very weak': 23, 'weak': 44, 'moderate': 190, 'long lasting': 195, 'eternal': 57}",,"{'female': 19, 'more female': 12, 'unisex': 8, 'more male': 0, 'male': 0}","{'way overpriced': 2, 'overpriced': 2, 'ok': 16, 'good value': 12, 'great value': 3}",,,,,,,,summer,"{'citrus': 100.0, 'aromatic': 97.6724, 'green': 80.8451, 'fresh spicy': 72.3573, 'leather': 53.3655, 'fruity': 53.1802, 'woody': 52.891, 'floral': 50.6523, 'sweet': 48.0059, 'fresh': 45.8191}"
Toy 2,Moschino,https://fimgs.net/mdimg/perfume/375x500.51589.jpg,for women,3.8,940,"fruity , floral , fresh , sweet , citrus , musky , powdery , green , soft spicy ",moderate,"['Apple', 'Mandarin Orange', 'Magnolia']","['White Currant', 'Peony', 'Jasmine']","['Musk', 'Sandalwood', 'Amberwood']","{'very weak': 54, 'weak': 78, 'moderate': 147, 'long lasting': 66, 'eternal': 27}",,"{'female': 59, 'more female': 34, 'unisex': 26, 'more male': 1, 'male': 0}","{'way overpriced': 4, 'overpriced': 13, 'ok': 55, 'good value': 28, 'great value': 4}",,,,,,,,summer,"{'fruity': 100.0, 'floral': 73.9229, 'fresh': 67.9324, 'sweet': 60.8672, 'citrus': 60.1127, 'musky': 59.724, 'powdery': 48.2917, 'green': 47.983, 'soft spicy': 44.6791}"
Derby,Guerlain,https://fimgs.net/mdimg/perfume/375x500.17119.jpg,for men,4.38,389,"leather , warm spicy , woody , floral , citrus , smoky , animalic , aromatic , patchouli ",strong,"['Bergamot', 'Orange']","['Carnation', 'Spices', 'Exotic Woods']","['Leather', 'Birch', 'Woody Notes', 'Patchouli']","{'very weak': 6, 'weak': 18, 'moderate': 26, 'long lasting': 76, 'eternal': 29}",,"{'female': 0, 'more female': 0, 'unisex': 3, 'more male': 6, 'male': 7}","{'way overpriced': 4, 'overpriced': 3, 'ok': 7, 'good value': 2, 'great value': 0}",,,,,,,,fall,"{'leather': 100.0, 'warm spicy': 95.3529, 'woody': 75.1765, 'floral': 71.3235, 'citrus': 64.4118, 'smoky': 63.6471, 'animalic': 52.353, 'aromatic': 49.9412, 'patchouli': 49.1177}"
Aimer,Pascal Morabito,https://fimgs.net/mdimg/perfume/375x500.62798.jpg,for women,3.71,7,"sweet , warm spicy , citrus , fruity , lactonic , rose , woody , amber , white floral ",moderate,"['Raspberry', 'Tangerine', 'Ginger flower']","['Rose', 'Neroli', 'Gardenia']","['Dulce de leche', 'Benzoin', 'Sandalwood']","{'very weak': 0, 'weak': 1, 'moderate': 0, 'long lasting': 0, 'eternal': 0}",,"{'female': 1, 'more female': 0, 'unisex': 0, 'more male': 0, 'male': 0}","{'way overpriced': 0, 'overpriced': 0, 'ok': 0, 'good value': 0, 'great value': 1}",,,,,,,,spring,"{'sweet': 100.0, 'warm spicy': 69.375, 'citrus': 66.75, 'fruity': 64.125, 'lactonic': 59.75, 'rose': 52.75, 'woody': 47.675, 'amber': 47.5, 'white floral': 45.75}"
